solid OpenSCAD_Model
  facet normal 0.941542 0.336895 0
    outer loop
      vertex 15.5981 4.73164 88
      vertex 15.0592 6.23774 0
      vertex 15.0592 6.23774 88
    endloop
  endfacet
  facet normal 0.941542 0.336895 0
    outer loop
      vertex 15.0592 6.23774 0
      vertex 15.5981 4.73164 88
      vertex 15.5981 4.73164 0
    endloop
  endfacet
  facet normal 0.146724 0.989177 -0
    outer loop
      vertex 3.17997 15.9868 0
      vertex 1.59768 16.2215 88
      vertex 3.17997 15.9868 88
    endloop
  endfacet
  facet normal 0.146724 0.989177 0
    outer loop
      vertex 1.59768 16.2215 88
      vertex 3.17997 15.9868 0
      vertex 1.59768 16.2215 0
    endloop
  endfacet
  facet normal 0.989177 0.146724 0
    outer loop
      vertex 16.2215 1.59768 88
      vertex 15.9868 3.17997 0
      vertex 15.9868 3.17997 88
    endloop
  endfacet
  facet normal 0.989177 0.146724 0
    outer loop
      vertex 15.9868 3.17997 0
      vertex 16.2215 1.59768 88
      vertex 16.2215 1.59768 0
    endloop
  endfacet
  facet normal 0.998795 0.0490745 0
    outer loop
      vertex 16.3 0 88
      vertex 16.2215 1.59768 0
      vertex 16.2215 1.59768 88
    endloop
  endfacet
  facet normal 0.998795 0.0490745 0
    outer loop
      vertex 16.2215 1.59768 0
      vertex 16.3 0 88
      vertex 16.3 0 0
    endloop
  endfacet
  facet normal 0.970027 0.242996 0
    outer loop
      vertex 15.9868 3.17997 88
      vertex 15.5981 4.73164 0
      vertex 15.5981 4.73164 88
    endloop
  endfacet
  facet normal 0.970027 0.242996 0
    outer loop
      vertex 15.5981 4.73164 0
      vertex 15.9868 3.17997 88
      vertex 15.9868 3.17997 0
    endloop
  endfacet
  facet normal -0.595707 0.803202 0
    outer loop
      vertex -9.05579 13.553 0
      vertex -10.3406 12.6001 88
      vertex -9.05579 13.553 88
    endloop
  endfacet
  facet normal -0.595707 0.803202 0
    outer loop
      vertex -10.3406 12.6001 88
      vertex -9.05579 13.553 0
      vertex -10.3406 12.6001 0
    endloop
  endfacet
  facet normal -0.671592 -0.740921 0
    outer loop
      vertex -11.5258 -11.5258 0
      vertex -10.3406 -12.6001 88
      vertex -11.5258 -11.5258 88
    endloop
  endfacet
  facet normal -0.671592 -0.740921 -0
    outer loop
      vertex -10.3406 -12.6001 88
      vertex -11.5258 -11.5258 0
      vertex -10.3406 -12.6001 0
    endloop
  endfacet
  facet normal 0.803202 0.595707 0
    outer loop
      vertex 13.553 9.05579 88
      vertex 12.6001 10.3406 0
      vertex 12.6001 10.3406 88
    endloop
  endfacet
  facet normal 0.803202 0.595707 0
    outer loop
      vertex 12.6001 10.3406 0
      vertex 13.553 9.05579 88
      vertex 13.553 9.05579 0
    endloop
  endfacet
  facet normal 0.941542 -0.336895 0
    outer loop
      vertex 15.0592 -6.23774 88
      vertex 15.5981 -4.73164 0
      vertex 15.5981 -4.73164 88
    endloop
  endfacet
  facet normal 0.941542 -0.336895 0
    outer loop
      vertex 15.5981 -4.73164 0
      vertex 15.0592 -6.23774 88
      vertex 15.0592 -6.23774 0
    endloop
  endfacet
  facet normal 0.998795 -0.0490745 0
    outer loop
      vertex 16.2215 -1.59768 88
      vertex 16.3 0 0
      vertex 16.3 0 88
    endloop
  endfacet
  facet normal 0.998795 -0.0490745 0
    outer loop
      vertex 16.3 0 0
      vertex 16.2215 -1.59768 88
      vertex 16.2215 -1.59768 0
    endloop
  endfacet
  facet normal 0.0490745 0.998795 -0
    outer loop
      vertex 1.59768 16.2215 0
      vertex 0 16.3 88
      vertex 1.59768 16.2215 88
    endloop
  endfacet
  facet normal 0.0490745 0.998795 0
    outer loop
      vertex 0 16.3 88
      vertex 1.59768 16.2215 0
      vertex 0 16.3 0
    endloop
  endfacet
  facet normal -0.857744 0.514076 0
    outer loop
      vertex -14.3753 7.68377 0
      vertex -13.553 9.05579 88
      vertex -13.553 9.05579 0
    endloop
  endfacet
  facet normal -0.857744 0.514076 0
    outer loop
      vertex -13.553 9.05579 88
      vertex -14.3753 7.68377 0
      vertex -14.3753 7.68377 88
    endloop
  endfacet
  facet normal -0.740921 0.671592 0
    outer loop
      vertex -12.6001 10.3406 0
      vertex -11.5258 11.5258 88
      vertex -11.5258 11.5258 0
    endloop
  endfacet
  facet normal -0.740921 0.671592 0
    outer loop
      vertex -11.5258 11.5258 88
      vertex -12.6001 10.3406 0
      vertex -12.6001 10.3406 88
    endloop
  endfacet
  facet normal 0.857744 -0.514076 0
    outer loop
      vertex 13.553 -9.05579 88
      vertex 14.3753 -7.68377 0
      vertex 14.3753 -7.68377 88
    endloop
  endfacet
  facet normal 0.857744 -0.514076 0
    outer loop
      vertex 14.3753 -7.68377 0
      vertex 13.553 -9.05579 88
      vertex 13.553 -9.05579 0
    endloop
  endfacet
  facet normal 0.740921 0.671592 0
    outer loop
      vertex 12.6001 10.3406 88
      vertex 11.5258 11.5258 0
      vertex 11.5258 11.5258 88
    endloop
  endfacet
  facet normal 0.740921 0.671592 0
    outer loop
      vertex 11.5258 11.5258 0
      vertex 12.6001 10.3406 88
      vertex 12.6001 10.3406 0
    endloop
  endfacet
  facet normal 0.336895 -0.941542 0
    outer loop
      vertex 4.73164 -15.5981 0
      vertex 6.23774 -15.0592 88
      vertex 4.73164 -15.5981 88
    endloop
  endfacet
  facet normal 0.336895 -0.941542 0
    outer loop
      vertex 6.23774 -15.0592 88
      vertex 4.73164 -15.5981 0
      vertex 6.23774 -15.0592 0
    endloop
  endfacet
  facet normal 0.427544 -0.903994 0
    outer loop
      vertex 6.23774 -15.0592 0
      vertex 7.68377 -14.3753 88
      vertex 6.23774 -15.0592 88
    endloop
  endfacet
  facet normal 0.427544 -0.903994 0
    outer loop
      vertex 7.68377 -14.3753 88
      vertex 6.23774 -15.0592 0
      vertex 7.68377 -14.3753 0
    endloop
  endfacet
  facet normal -0.989177 0.146724 0
    outer loop
      vertex -16.2215 1.59768 0
      vertex -15.9868 3.17997 88
      vertex -15.9868 3.17997 0
    endloop
  endfacet
  facet normal -0.989177 0.146724 0
    outer loop
      vertex -15.9868 3.17997 88
      vertex -16.2215 1.59768 0
      vertex -16.2215 1.59768 88
    endloop
  endfacet
  facet normal -0.336895 -0.941542 0
    outer loop
      vertex -6.23774 -15.0592 0
      vertex -4.73164 -15.5981 88
      vertex -6.23774 -15.0592 88
    endloop
  endfacet
  facet normal -0.336895 -0.941542 -0
    outer loop
      vertex -4.73164 -15.5981 88
      vertex -6.23774 -15.0592 0
      vertex -4.73164 -15.5981 0
    endloop
  endfacet
  facet normal -0.671592 0.740921 0
    outer loop
      vertex -10.3406 12.6001 0
      vertex -11.5258 11.5258 88
      vertex -10.3406 12.6001 88
    endloop
  endfacet
  facet normal -0.671592 0.740921 0
    outer loop
      vertex -11.5258 11.5258 88
      vertex -10.3406 12.6001 0
      vertex -11.5258 11.5258 0
    endloop
  endfacet
  facet normal 0.514076 -0.857744 0
    outer loop
      vertex 7.68377 -14.3753 0
      vertex 9.05579 -13.553 88
      vertex 7.68377 -14.3753 88
    endloop
  endfacet
  facet normal 0.514076 -0.857744 0
    outer loop
      vertex 9.05579 -13.553 88
      vertex 7.68377 -14.3753 0
      vertex 9.05579 -13.553 0
    endloop
  endfacet
  facet normal -0.146724 0.989177 0
    outer loop
      vertex -1.59768 16.2215 0
      vertex -3.17997 15.9868 88
      vertex -1.59768 16.2215 88
    endloop
  endfacet
  facet normal -0.146724 0.989177 0
    outer loop
      vertex -3.17997 15.9868 88
      vertex -1.59768 16.2215 0
      vertex -3.17997 15.9868 0
    endloop
  endfacet
  facet normal 0.336895 0.941542 -0
    outer loop
      vertex 6.23774 15.0592 0
      vertex 4.73164 15.5981 88
      vertex 6.23774 15.0592 88
    endloop
  endfacet
  facet normal 0.336895 0.941542 0
    outer loop
      vertex 4.73164 15.5981 88
      vertex 6.23774 15.0592 0
      vertex 4.73164 15.5981 0
    endloop
  endfacet
  facet normal -0.903994 0.427544 0
    outer loop
      vertex -15.0592 6.23774 0
      vertex -14.3753 7.68377 88
      vertex -14.3753 7.68377 0
    endloop
  endfacet
  facet normal -0.903994 0.427544 0
    outer loop
      vertex -14.3753 7.68377 88
      vertex -15.0592 6.23774 0
      vertex -15.0592 6.23774 88
    endloop
  endfacet
  facet normal -0.0490745 0.998795 0
    outer loop
      vertex 0 16.3 0
      vertex -1.59768 16.2215 88
      vertex 0 16.3 88
    endloop
  endfacet
  facet normal -0.0490745 0.998795 0
    outer loop
      vertex -1.59768 16.2215 88
      vertex 0 16.3 0
      vertex -1.59768 16.2215 0
    endloop
  endfacet
  facet normal -0.427544 0.903994 0
    outer loop
      vertex -6.23774 15.0592 0
      vertex -7.68377 14.3753 88
      vertex -6.23774 15.0592 88
    endloop
  endfacet
  facet normal -0.427544 0.903994 0
    outer loop
      vertex -7.68377 14.3753 88
      vertex -6.23774 15.0592 0
      vertex -7.68377 14.3753 0
    endloop
  endfacet
  facet normal -0.242996 0.970027 0
    outer loop
      vertex -3.17997 15.9868 0
      vertex -4.73164 15.5981 88
      vertex -3.17997 15.9868 88
    endloop
  endfacet
  facet normal -0.242996 0.970027 0
    outer loop
      vertex -4.73164 15.5981 88
      vertex -3.17997 15.9868 0
      vertex -4.73164 15.5981 0
    endloop
  endfacet
  facet normal 0.903994 0.427544 0
    outer loop
      vertex 15.0592 6.23774 88
      vertex 14.3753 7.68377 0
      vertex 14.3753 7.68377 88
    endloop
  endfacet
  facet normal 0.903994 0.427544 0
    outer loop
      vertex 14.3753 7.68377 0
      vertex 15.0592 6.23774 88
      vertex 15.0592 6.23774 0
    endloop
  endfacet
  facet normal 0.595707 0.803202 -0
    outer loop
      vertex 10.3406 12.6001 0
      vertex 9.05579 13.553 88
      vertex 10.3406 12.6001 88
    endloop
  endfacet
  facet normal 0.595707 0.803202 0
    outer loop
      vertex 9.05579 13.553 88
      vertex 10.3406 12.6001 0
      vertex 9.05579 13.553 0
    endloop
  endfacet
  facet normal -0.514076 -0.857744 0
    outer loop
      vertex -9.05579 -13.553 0
      vertex -7.68377 -14.3753 88
      vertex -9.05579 -13.553 88
    endloop
  endfacet
  facet normal -0.514076 -0.857744 -0
    outer loop
      vertex -7.68377 -14.3753 88
      vertex -9.05579 -13.553 0
      vertex -7.68377 -14.3753 0
    endloop
  endfacet
  facet normal -0.803202 -0.595707 0
    outer loop
      vertex -12.6001 -10.3406 0
      vertex -13.553 -9.05579 88
      vertex -13.553 -9.05579 0
    endloop
  endfacet
  facet normal -0.803202 -0.595707 0
    outer loop
      vertex -13.553 -9.05579 88
      vertex -12.6001 -10.3406 0
      vertex -12.6001 -10.3406 88
    endloop
  endfacet
  facet normal -0.514076 0.857744 0
    outer loop
      vertex -7.68377 14.3753 0
      vertex -9.05579 13.553 88
      vertex -7.68377 14.3753 88
    endloop
  endfacet
  facet normal -0.514076 0.857744 0
    outer loop
      vertex -9.05579 13.553 88
      vertex -7.68377 14.3753 0
      vertex -9.05579 13.553 0
    endloop
  endfacet
  facet normal -0.989177 -0.146724 0
    outer loop
      vertex -15.9868 -3.17997 0
      vertex -16.2215 -1.59768 88
      vertex -16.2215 -1.59768 0
    endloop
  endfacet
  facet normal -0.989177 -0.146724 0
    outer loop
      vertex -16.2215 -1.59768 88
      vertex -15.9868 -3.17997 0
      vertex -15.9868 -3.17997 88
    endloop
  endfacet
  facet normal -0.998795 0.0490745 0
    outer loop
      vertex -16.3 0 0
      vertex -16.2215 1.59768 88
      vertex -16.2215 1.59768 0
    endloop
  endfacet
  facet normal -0.998795 0.0490745 0
    outer loop
      vertex -16.2215 1.59768 88
      vertex -16.3 0 0
      vertex -16.3 0 88
    endloop
  endfacet
  facet normal 0.803202 -0.595707 0
    outer loop
      vertex 12.6001 -10.3406 88
      vertex 13.553 -9.05579 0
      vertex 13.553 -9.05579 88
    endloop
  endfacet
  facet normal 0.803202 -0.595707 0
    outer loop
      vertex 13.553 -9.05579 0
      vertex 12.6001 -10.3406 88
      vertex 12.6001 -10.3406 0
    endloop
  endfacet
  facet normal 0.970027 -0.242996 0
    outer loop
      vertex 15.5981 -4.73164 88
      vertex 15.9868 -3.17997 0
      vertex 15.9868 -3.17997 88
    endloop
  endfacet
  facet normal 0.970027 -0.242996 0
    outer loop
      vertex 15.9868 -3.17997 0
      vertex 15.5981 -4.73164 88
      vertex 15.5981 -4.73164 0
    endloop
  endfacet
  facet normal 0.427544 0.903994 -0
    outer loop
      vertex 7.68377 14.3753 0
      vertex 6.23774 15.0592 88
      vertex 7.68377 14.3753 88
    endloop
  endfacet
  facet normal 0.427544 0.903994 0
    outer loop
      vertex 6.23774 15.0592 88
      vertex 7.68377 14.3753 0
      vertex 6.23774 15.0592 0
    endloop
  endfacet
  facet normal 0.242996 0.970027 -0
    outer loop
      vertex 4.73164 15.5981 0
      vertex 3.17997 15.9868 88
      vertex 4.73164 15.5981 88
    endloop
  endfacet
  facet normal 0.242996 0.970027 0
    outer loop
      vertex 3.17997 15.9868 88
      vertex 4.73164 15.5981 0
      vertex 3.17997 15.9868 0
    endloop
  endfacet
  facet normal 0.514076 0.857744 -0
    outer loop
      vertex 9.05579 13.553 0
      vertex 7.68377 14.3753 88
      vertex 9.05579 13.553 88
    endloop
  endfacet
  facet normal 0.514076 0.857744 0
    outer loop
      vertex 7.68377 14.3753 88
      vertex 9.05579 13.553 0
      vertex 7.68377 14.3753 0
    endloop
  endfacet
  facet normal -0.740921 -0.671592 0
    outer loop
      vertex -11.5258 -11.5258 0
      vertex -12.6001 -10.3406 88
      vertex -12.6001 -10.3406 0
    endloop
  endfacet
  facet normal -0.740921 -0.671592 0
    outer loop
      vertex -12.6001 -10.3406 88
      vertex -11.5258 -11.5258 0
      vertex -11.5258 -11.5258 88
    endloop
  endfacet
  facet normal 0.242996 -0.970027 0
    outer loop
      vertex 3.17997 -15.9868 0
      vertex 4.73164 -15.5981 88
      vertex 3.17997 -15.9868 88
    endloop
  endfacet
  facet normal 0.242996 -0.970027 0
    outer loop
      vertex 4.73164 -15.5981 88
      vertex 3.17997 -15.9868 0
      vertex 4.73164 -15.5981 0
    endloop
  endfacet
  facet normal 0.989177 -0.146724 0
    outer loop
      vertex 15.9868 -3.17997 88
      vertex 16.2215 -1.59768 0
      vertex 16.2215 -1.59768 88
    endloop
  endfacet
  facet normal 0.989177 -0.146724 0
    outer loop
      vertex 16.2215 -1.59768 0
      vertex 15.9868 -3.17997 88
      vertex 15.9868 -3.17997 0
    endloop
  endfacet
  facet normal 0.857744 0.514076 0
    outer loop
      vertex 14.3753 7.68377 88
      vertex 13.553 9.05579 0
      vertex 13.553 9.05579 88
    endloop
  endfacet
  facet normal 0.857744 0.514076 0
    outer loop
      vertex 13.553 9.05579 0
      vertex 14.3753 7.68377 88
      vertex 14.3753 7.68377 0
    endloop
  endfacet
  facet normal -0.970027 0.242996 0
    outer loop
      vertex -15.9868 3.17997 0
      vertex -15.5981 4.73164 88
      vertex -15.5981 4.73164 0
    endloop
  endfacet
  facet normal -0.970027 0.242996 0
    outer loop
      vertex -15.5981 4.73164 88
      vertex -15.9868 3.17997 0
      vertex -15.9868 3.17997 88
    endloop
  endfacet
  facet normal -0.336895 0.941542 0
    outer loop
      vertex -4.73164 15.5981 0
      vertex -6.23774 15.0592 88
      vertex -4.73164 15.5981 88
    endloop
  endfacet
  facet normal -0.336895 0.941542 0
    outer loop
      vertex -6.23774 15.0592 88
      vertex -4.73164 15.5981 0
      vertex -6.23774 15.0592 0
    endloop
  endfacet
  facet normal -0.0490745 -0.998795 0
    outer loop
      vertex -1.59768 -16.2215 0
      vertex 0 -16.3 88
      vertex -1.59768 -16.2215 88
    endloop
  endfacet
  facet normal -0.0490745 -0.998795 -0
    outer loop
      vertex 0 -16.3 88
      vertex -1.59768 -16.2215 0
      vertex 0 -16.3 0
    endloop
  endfacet
  facet normal 0.595707 -0.803202 0
    outer loop
      vertex 9.05579 -13.553 0
      vertex 10.3406 -12.6001 88
      vertex 9.05579 -13.553 88
    endloop
  endfacet
  facet normal 0.595707 -0.803202 0
    outer loop
      vertex 10.3406 -12.6001 88
      vertex 9.05579 -13.553 0
      vertex 10.3406 -12.6001 0
    endloop
  endfacet
  facet normal 0.146724 -0.989177 0
    outer loop
      vertex 1.59768 -16.2215 0
      vertex 3.17997 -15.9868 88
      vertex 1.59768 -16.2215 88
    endloop
  endfacet
  facet normal 0.146724 -0.989177 0
    outer loop
      vertex 3.17997 -15.9868 88
      vertex 1.59768 -16.2215 0
      vertex 3.17997 -15.9868 0
    endloop
  endfacet
  facet normal -0.941542 -0.336895 0
    outer loop
      vertex -15.0592 -6.23774 0
      vertex -15.5981 -4.73164 88
      vertex -15.5981 -4.73164 0
    endloop
  endfacet
  facet normal -0.941542 -0.336895 0
    outer loop
      vertex -15.5981 -4.73164 88
      vertex -15.0592 -6.23774 0
      vertex -15.0592 -6.23774 88
    endloop
  endfacet
  facet normal -0.595707 -0.803202 0
    outer loop
      vertex -10.3406 -12.6001 0
      vertex -9.05579 -13.553 88
      vertex -10.3406 -12.6001 88
    endloop
  endfacet
  facet normal -0.595707 -0.803202 -0
    outer loop
      vertex -9.05579 -13.553 88
      vertex -10.3406 -12.6001 0
      vertex -9.05579 -13.553 0
    endloop
  endfacet
  facet normal -0.970027 -0.242996 0
    outer loop
      vertex -15.5981 -4.73164 0
      vertex -15.9868 -3.17997 88
      vertex -15.9868 -3.17997 0
    endloop
  endfacet
  facet normal -0.970027 -0.242996 0
    outer loop
      vertex -15.9868 -3.17997 88
      vertex -15.5981 -4.73164 0
      vertex -15.5981 -4.73164 88
    endloop
  endfacet
  facet normal -0.903994 -0.427544 0
    outer loop
      vertex -14.3753 -7.68377 0
      vertex -15.0592 -6.23774 88
      vertex -15.0592 -6.23774 0
    endloop
  endfacet
  facet normal -0.903994 -0.427544 0
    outer loop
      vertex -15.0592 -6.23774 88
      vertex -14.3753 -7.68377 0
      vertex -14.3753 -7.68377 88
    endloop
  endfacet
  facet normal 0.903994 -0.427544 0
    outer loop
      vertex 14.3753 -7.68377 88
      vertex 15.0592 -6.23774 0
      vertex 15.0592 -6.23774 88
    endloop
  endfacet
  facet normal 0.903994 -0.427544 0
    outer loop
      vertex 15.0592 -6.23774 0
      vertex 14.3753 -7.68377 88
      vertex 14.3753 -7.68377 0
    endloop
  endfacet
  facet normal -0.242996 -0.970027 0
    outer loop
      vertex -4.73164 -15.5981 0
      vertex -3.17997 -15.9868 88
      vertex -4.73164 -15.5981 88
    endloop
  endfacet
  facet normal -0.242996 -0.970027 -0
    outer loop
      vertex -3.17997 -15.9868 88
      vertex -4.73164 -15.5981 0
      vertex -3.17997 -15.9868 0
    endloop
  endfacet
  facet normal 0.0490745 -0.998795 0
    outer loop
      vertex 0 -16.3 0
      vertex 1.59768 -16.2215 88
      vertex 0 -16.3 88
    endloop
  endfacet
  facet normal 0.0490745 -0.998795 0
    outer loop
      vertex 1.59768 -16.2215 88
      vertex 0 -16.3 0
      vertex 1.59768 -16.2215 0
    endloop
  endfacet
  facet normal -0.803202 0.595707 0
    outer loop
      vertex -13.553 9.05579 0
      vertex -12.6001 10.3406 88
      vertex -12.6001 10.3406 0
    endloop
  endfacet
  facet normal -0.803202 0.595707 0
    outer loop
      vertex -12.6001 10.3406 88
      vertex -13.553 9.05579 0
      vertex -13.553 9.05579 88
    endloop
  endfacet
  facet normal 0.671592 -0.740921 0
    outer loop
      vertex 10.3406 -12.6001 0
      vertex 11.5258 -11.5258 88
      vertex 10.3406 -12.6001 88
    endloop
  endfacet
  facet normal 0.671592 -0.740921 0
    outer loop
      vertex 11.5258 -11.5258 88
      vertex 10.3406 -12.6001 0
      vertex 11.5258 -11.5258 0
    endloop
  endfacet
  facet normal 0.671592 0.740921 -0
    outer loop
      vertex 11.5258 11.5258 0
      vertex 10.3406 12.6001 88
      vertex 11.5258 11.5258 88
    endloop
  endfacet
  facet normal 0.671592 0.740921 0
    outer loop
      vertex 10.3406 12.6001 88
      vertex 11.5258 11.5258 0
      vertex 10.3406 12.6001 0
    endloop
  endfacet
  facet normal 0 0 1
    outer loop
      vertex 14.7 0 88
      vertex 16.3 0 88
      vertex 16.2215 1.59768 88
    endloop
  endfacet
  facet normal 0 0 1
    outer loop
      vertex 14.6292 1.44085 88
      vertex 16.2215 1.59768 88
      vertex 15.9868 3.17997 88
    endloop
  endfacet
  facet normal 0 0 1
    outer loop
      vertex 16.3 0 88
      vertex 14.7 0 88
      vertex 16.2215 -1.59768 88
    endloop
  endfacet
  facet normal 0 0 1
    outer loop
      vertex 14.4175 2.86783 88
      vertex 15.9868 3.17997 88
      vertex 15.5981 4.73164 88
    endloop
  endfacet
  facet normal -0 0 1
    outer loop
      vertex 14.6292 -1.44085 88
      vertex 16.2215 -1.59768 88
      vertex 14.7 0 88
    endloop
  endfacet
  facet normal 0 0 1
    outer loop
      vertex 14.067 4.26718 88
      vertex 15.5981 4.73164 88
      vertex 15.0592 6.23774 88
    endloop
  endfacet
  facet normal 0 0 1
    outer loop
      vertex 16.2215 -1.59768 88
      vertex 14.6292 -1.44085 88
      vertex 15.9868 -3.17997 88
    endloop
  endfacet
  facet normal -0 0 1
    outer loop
      vertex 14.4175 -2.86783 88
      vertex 15.9868 -3.17997 88
      vertex 14.6292 -1.44085 88
    endloop
  endfacet
  facet normal 0 0 1
    outer loop
      vertex 16.2215 1.59768 88
      vertex 14.6292 1.44085 88
      vertex 14.7 0 88
    endloop
  endfacet
  facet normal 0 0 1
    outer loop
      vertex 15.9868 3.17997 88
      vertex 14.4175 2.86783 88
      vertex 14.6292 1.44085 88
    endloop
  endfacet
  facet normal 0 0 1
    outer loop
      vertex 13.581 5.62545 88
      vertex 15.0592 6.23774 88
      vertex 14.3753 7.68377 88
    endloop
  endfacet
  facet normal 0 0 1
    outer loop
      vertex 15.5981 4.73164 88
      vertex 14.067 4.26718 88
      vertex 14.4175 2.86783 88
    endloop
  endfacet
  facet normal 0 0 1
    outer loop
      vertex 15.0592 6.23774 88
      vertex 13.581 5.62545 88
      vertex 14.067 4.26718 88
    endloop
  endfacet
  facet normal 0 0 1
    outer loop
      vertex 12.9642 6.92953 88
      vertex 14.3753 7.68377 88
      vertex 13.553 9.05579 88
    endloop
  endfacet
  facet normal 0 0 1
    outer loop
      vertex 14.3753 7.68377 88
      vertex 12.9642 6.92953 88
      vertex 13.581 5.62545 88
    endloop
  endfacet
  facet normal 0 0 1
    outer loop
      vertex 12.2226 8.16688 88
      vertex 13.553 9.05579 88
      vertex 12.6001 10.3406 88
    endloop
  endfacet
  facet normal 0 0 1
    outer loop
      vertex 13.553 9.05579 88
      vertex 12.2226 8.16688 88
      vertex 12.9642 6.92953 88
    endloop
  endfacet
  facet normal 0 0 1
    outer loop
      vertex 11.3633 9.32558 88
      vertex 12.6001 10.3406 88
      vertex 11.5258 11.5258 88
    endloop
  endfacet
  facet normal 0 0 1
    outer loop
      vertex 12.6001 10.3406 88
      vertex 11.3633 9.32558 88
      vertex 12.2226 8.16688 88
    endloop
  endfacet
  facet normal 0 0 1
    outer loop
      vertex 11.5258 11.5258 88
      vertex 10.3945 10.3945 88
      vertex 11.3633 9.32558 88
    endloop
  endfacet
  facet normal 0 0 1
    outer loop
      vertex 10.3406 12.6001 88
      vertex 10.3945 10.3945 88
      vertex 11.5258 11.5258 88
    endloop
  endfacet
  facet normal 0 0 1
    outer loop
      vertex 10.3406 12.6001 88
      vertex 9.32558 11.3633 88
      vertex 10.3945 10.3945 88
    endloop
  endfacet
  facet normal 0 0 1
    outer loop
      vertex 9.05579 13.553 88
      vertex 9.32558 11.3633 88
      vertex 10.3406 12.6001 88
    endloop
  endfacet
  facet normal 0 0 1
    outer loop
      vertex 9.05579 13.553 88
      vertex 8.16688 12.2226 88
      vertex 9.32558 11.3633 88
    endloop
  endfacet
  facet normal 0 0 1
    outer loop
      vertex 7.68377 14.3753 88
      vertex 8.16688 12.2226 88
      vertex 9.05579 13.553 88
    endloop
  endfacet
  facet normal 0 0 1
    outer loop
      vertex 7.68377 14.3753 88
      vertex 6.92953 12.9642 88
      vertex 8.16688 12.2226 88
    endloop
  endfacet
  facet normal 0 0 1
    outer loop
      vertex 6.23774 15.0592 88
      vertex 6.92953 12.9642 88
      vertex 7.68377 14.3753 88
    endloop
  endfacet
  facet normal 0 0 1
    outer loop
      vertex 6.23774 15.0592 88
      vertex 5.62545 13.581 88
      vertex 6.92953 12.9642 88
    endloop
  endfacet
  facet normal 0 0 1
    outer loop
      vertex 4.73164 15.5981 88
      vertex 5.62545 13.581 88
      vertex 6.23774 15.0592 88
    endloop
  endfacet
  facet normal 0 0 1
    outer loop
      vertex 4.73164 15.5981 88
      vertex 4.26718 14.067 88
      vertex 5.62545 13.581 88
    endloop
  endfacet
  facet normal 0 0 1
    outer loop
      vertex 3.17997 15.9868 88
      vertex 4.26718 14.067 88
      vertex 4.73164 15.5981 88
    endloop
  endfacet
  facet normal 0 0 1
    outer loop
      vertex 3.17997 15.9868 88
      vertex 2.86783 14.4175 88
      vertex 4.26718 14.067 88
    endloop
  endfacet
  facet normal 0 0 1
    outer loop
      vertex 1.59768 16.2215 88
      vertex 2.86783 14.4175 88
      vertex 3.17997 15.9868 88
    endloop
  endfacet
  facet normal 0 0 1
    outer loop
      vertex 1.59768 16.2215 88
      vertex 1.44085 14.6292 88
      vertex 2.86783 14.4175 88
    endloop
  endfacet
  facet normal 0 0 1
    outer loop
      vertex 0 16.3 88
      vertex 1.44085 14.6292 88
      vertex 1.59768 16.2215 88
    endloop
  endfacet
  facet normal 0 0 1
    outer loop
      vertex 0 16.3 88
      vertex 0 14.7 88
      vertex 1.44085 14.6292 88
    endloop
  endfacet
  facet normal 0 0 1
    outer loop
      vertex 0 16.3 88
      vertex -1.44085 14.6292 88
      vertex 0 14.7 88
    endloop
  endfacet
  facet normal -0 0 1
    outer loop
      vertex -1.59768 16.2215 88
      vertex -1.44085 14.6292 88
      vertex 0 16.3 88
    endloop
  endfacet
  facet normal 0 0 1
    outer loop
      vertex -1.59768 16.2215 88
      vertex -2.86783 14.4175 88
      vertex -1.44085 14.6292 88
    endloop
  endfacet
  facet normal -0 0 1
    outer loop
      vertex -3.17997 15.9868 88
      vertex -2.86783 14.4175 88
      vertex -1.59768 16.2215 88
    endloop
  endfacet
  facet normal 0 0 1
    outer loop
      vertex -3.17997 15.9868 88
      vertex -4.26718 14.067 88
      vertex -2.86783 14.4175 88
    endloop
  endfacet
  facet normal -0 0 1
    outer loop
      vertex -4.73164 15.5981 88
      vertex -4.26718 14.067 88
      vertex -3.17997 15.9868 88
    endloop
  endfacet
  facet normal 0 0 1
    outer loop
      vertex -4.73164 15.5981 88
      vertex -5.62545 13.581 88
      vertex -4.26718 14.067 88
    endloop
  endfacet
  facet normal -0 0 1
    outer loop
      vertex -6.23774 15.0592 88
      vertex -5.62545 13.581 88
      vertex -4.73164 15.5981 88
    endloop
  endfacet
  facet normal 0 0 1
    outer loop
      vertex -6.23774 15.0592 88
      vertex -6.92953 12.9642 88
      vertex -5.62545 13.581 88
    endloop
  endfacet
  facet normal -0 0 1
    outer loop
      vertex -7.68377 14.3753 88
      vertex -6.92953 12.9642 88
      vertex -6.23774 15.0592 88
    endloop
  endfacet
  facet normal 0 0 1
    outer loop
      vertex -7.68377 14.3753 88
      vertex -8.16688 12.2226 88
      vertex -6.92953 12.9642 88
    endloop
  endfacet
  facet normal -0 0 1
    outer loop
      vertex -9.05579 13.553 88
      vertex -8.16688 12.2226 88
      vertex -7.68377 14.3753 88
    endloop
  endfacet
  facet normal 0 0 1
    outer loop
      vertex -9.05579 13.553 88
      vertex -9.32558 11.3633 88
      vertex -8.16688 12.2226 88
    endloop
  endfacet
  facet normal -0 0 1
    outer loop
      vertex -10.3406 12.6001 88
      vertex -9.32558 11.3633 88
      vertex -9.05579 13.553 88
    endloop
  endfacet
  facet normal 0 0 1
    outer loop
      vertex -10.3406 12.6001 88
      vertex -10.3945 10.3945 88
      vertex -9.32558 11.3633 88
    endloop
  endfacet
  facet normal -0 0 1
    outer loop
      vertex -11.5258 11.5258 88
      vertex -10.3945 10.3945 88
      vertex -10.3406 12.6001 88
    endloop
  endfacet
  facet normal 0 0 1
    outer loop
      vertex -10.3945 10.3945 88
      vertex -11.5258 11.5258 88
      vertex -11.3633 9.32558 88
    endloop
  endfacet
  facet normal -0 0 1
    outer loop
      vertex -12.6001 10.3406 88
      vertex -11.3633 9.32558 88
      vertex -11.5258 11.5258 88
    endloop
  endfacet
  facet normal 0 0 1
    outer loop
      vertex -11.3633 9.32558 88
      vertex -12.6001 10.3406 88
      vertex -12.2226 8.16688 88
    endloop
  endfacet
  facet normal -0 0 1
    outer loop
      vertex -13.553 9.05579 88
      vertex -12.2226 8.16688 88
      vertex -12.6001 10.3406 88
    endloop
  endfacet
  facet normal 0 0 1
    outer loop
      vertex -12.2226 8.16688 88
      vertex -13.553 9.05579 88
      vertex -12.9642 6.92953 88
    endloop
  endfacet
  facet normal -0 0 1
    outer loop
      vertex -14.3753 7.68377 88
      vertex -12.9642 6.92953 88
      vertex -13.553 9.05579 88
    endloop
  endfacet
  facet normal 0 0 1
    outer loop
      vertex -12.9642 6.92953 88
      vertex -14.3753 7.68377 88
      vertex -13.581 5.62545 88
    endloop
  endfacet
  facet normal -0 0 1
    outer loop
      vertex -15.0592 6.23774 88
      vertex -13.581 5.62545 88
      vertex -14.3753 7.68377 88
    endloop
  endfacet
  facet normal 0 0 1
    outer loop
      vertex -13.581 5.62545 88
      vertex -15.0592 6.23774 88
      vertex -14.067 4.26718 88
    endloop
  endfacet
  facet normal -0 0 1
    outer loop
      vertex -15.5981 4.73164 88
      vertex -14.067 4.26718 88
      vertex -15.0592 6.23774 88
    endloop
  endfacet
  facet normal 0 0 1
    outer loop
      vertex -14.067 4.26718 88
      vertex -15.5981 4.73164 88
      vertex -14.4175 2.86783 88
    endloop
  endfacet
  facet normal -0 0 1
    outer loop
      vertex -15.9868 3.17997 88
      vertex -14.4175 2.86783 88
      vertex -15.5981 4.73164 88
    endloop
  endfacet
  facet normal 0 0 1
    outer loop
      vertex 15.9868 -3.17997 88
      vertex 14.4175 -2.86783 88
      vertex 15.5981 -4.73164 88
    endloop
  endfacet
  facet normal -0 0 1
    outer loop
      vertex 14.067 -4.26718 88
      vertex 15.5981 -4.73164 88
      vertex 14.4175 -2.86783 88
    endloop
  endfacet
  facet normal 0 0 1
    outer loop
      vertex 15.5981 -4.73164 88
      vertex 14.067 -4.26718 88
      vertex 15.0592 -6.23774 88
    endloop
  endfacet
  facet normal -0 0 1
    outer loop
      vertex 13.581 -5.62545 88
      vertex 15.0592 -6.23774 88
      vertex 14.067 -4.26718 88
    endloop
  endfacet
  facet normal 0 0 1
    outer loop
      vertex 15.0592 -6.23774 88
      vertex 13.581 -5.62545 88
      vertex 14.3753 -7.68377 88
    endloop
  endfacet
  facet normal -0 0 1
    outer loop
      vertex 12.9642 -6.92953 88
      vertex 14.3753 -7.68377 88
      vertex 13.581 -5.62545 88
    endloop
  endfacet
  facet normal 0 0 1
    outer loop
      vertex 14.3753 -7.68377 88
      vertex 12.9642 -6.92953 88
      vertex 13.553 -9.05579 88
    endloop
  endfacet
  facet normal -0 0 1
    outer loop
      vertex 12.2226 -8.16688 88
      vertex 13.553 -9.05579 88
      vertex 12.9642 -6.92953 88
    endloop
  endfacet
  facet normal 0 0 1
    outer loop
      vertex 13.553 -9.05579 88
      vertex 12.2226 -8.16688 88
      vertex 12.6001 -10.3406 88
    endloop
  endfacet
  facet normal -0 0 1
    outer loop
      vertex 11.3633 -9.32558 88
      vertex 12.6001 -10.3406 88
      vertex 12.2226 -8.16688 88
    endloop
  endfacet
  facet normal 0 0 1
    outer loop
      vertex 12.6001 -10.3406 88
      vertex 11.3633 -9.32558 88
      vertex 11.5258 -11.5258 88
    endloop
  endfacet
  facet normal -0 0 1
    outer loop
      vertex 10.3945 -10.3945 88
      vertex 11.5258 -11.5258 88
      vertex 11.3633 -9.32558 88
    endloop
  endfacet
  facet normal 0 0 1
    outer loop
      vertex 10.3945 -10.3945 88
      vertex 10.3406 -12.6001 88
      vertex 11.5258 -11.5258 88
    endloop
  endfacet
  facet normal -0 0 1
    outer loop
      vertex 9.32558 -11.3633 88
      vertex 10.3406 -12.6001 88
      vertex 10.3945 -10.3945 88
    endloop
  endfacet
  facet normal 0 0 1
    outer loop
      vertex 9.32558 -11.3633 88
      vertex 9.05579 -13.553 88
      vertex 10.3406 -12.6001 88
    endloop
  endfacet
  facet normal -0 0 1
    outer loop
      vertex 8.16688 -12.2226 88
      vertex 9.05579 -13.553 88
      vertex 9.32558 -11.3633 88
    endloop
  endfacet
  facet normal 0 0 1
    outer loop
      vertex 8.16688 -12.2226 88
      vertex 7.68377 -14.3753 88
      vertex 9.05579 -13.553 88
    endloop
  endfacet
  facet normal -0 0 1
    outer loop
      vertex 6.92953 -12.9642 88
      vertex 7.68377 -14.3753 88
      vertex 8.16688 -12.2226 88
    endloop
  endfacet
  facet normal 0 0 1
    outer loop
      vertex 6.92953 -12.9642 88
      vertex 6.23774 -15.0592 88
      vertex 7.68377 -14.3753 88
    endloop
  endfacet
  facet normal -0 0 1
    outer loop
      vertex 5.62545 -13.581 88
      vertex 6.23774 -15.0592 88
      vertex 6.92953 -12.9642 88
    endloop
  endfacet
  facet normal 0 0 1
    outer loop
      vertex 5.62545 -13.581 88
      vertex 4.73164 -15.5981 88
      vertex 6.23774 -15.0592 88
    endloop
  endfacet
  facet normal -0 0 1
    outer loop
      vertex 4.26718 -14.067 88
      vertex 4.73164 -15.5981 88
      vertex 5.62545 -13.581 88
    endloop
  endfacet
  facet normal 0 0 1
    outer loop
      vertex 4.26718 -14.067 88
      vertex 3.17997 -15.9868 88
      vertex 4.73164 -15.5981 88
    endloop
  endfacet
  facet normal -0 0 1
    outer loop
      vertex 2.86783 -14.4175 88
      vertex 3.17997 -15.9868 88
      vertex 4.26718 -14.067 88
    endloop
  endfacet
  facet normal 0 0 1
    outer loop
      vertex 2.86783 -14.4175 88
      vertex 1.59768 -16.2215 88
      vertex 3.17997 -15.9868 88
    endloop
  endfacet
  facet normal -0 0 1
    outer loop
      vertex 1.44085 -14.6292 88
      vertex 1.59768 -16.2215 88
      vertex 2.86783 -14.4175 88
    endloop
  endfacet
  facet normal -0 0 1
    outer loop
      vertex 0 -14.7 88
      vertex 1.59768 -16.2215 88
      vertex 1.44085 -14.6292 88
    endloop
  endfacet
  facet normal 0 0 1
    outer loop
      vertex 0 -14.7 88
      vertex 0 -16.3 88
      vertex 1.59768 -16.2215 88
    endloop
  endfacet
  facet normal 0 0 1
    outer loop
      vertex -1.44085 -14.6292 88
      vertex 0 -16.3 88
      vertex 0 -14.7 88
    endloop
  endfacet
  facet normal 0 0 1
    outer loop
      vertex -1.44085 -14.6292 88
      vertex -1.59768 -16.2215 88
      vertex 0 -16.3 88
    endloop
  endfacet
  facet normal 0 0 1
    outer loop
      vertex -2.86783 -14.4175 88
      vertex -1.59768 -16.2215 88
      vertex -1.44085 -14.6292 88
    endloop
  endfacet
  facet normal 0 0 1
    outer loop
      vertex -2.86783 -14.4175 88
      vertex -3.17997 -15.9868 88
      vertex -1.59768 -16.2215 88
    endloop
  endfacet
  facet normal 0 0 1
    outer loop
      vertex -4.26718 -14.067 88
      vertex -3.17997 -15.9868 88
      vertex -2.86783 -14.4175 88
    endloop
  endfacet
  facet normal 0 0 1
    outer loop
      vertex -4.26718 -14.067 88
      vertex -4.73164 -15.5981 88
      vertex -3.17997 -15.9868 88
    endloop
  endfacet
  facet normal 0 0 1
    outer loop
      vertex -5.62545 -13.581 88
      vertex -4.73164 -15.5981 88
      vertex -4.26718 -14.067 88
    endloop
  endfacet
  facet normal 0 0 1
    outer loop
      vertex -5.62545 -13.581 88
      vertex -6.23774 -15.0592 88
      vertex -4.73164 -15.5981 88
    endloop
  endfacet
  facet normal 0 0 1
    outer loop
      vertex -6.92953 -12.9642 88
      vertex -6.23774 -15.0592 88
      vertex -5.62545 -13.581 88
    endloop
  endfacet
  facet normal 0 0 1
    outer loop
      vertex -6.92953 -12.9642 88
      vertex -7.68377 -14.3753 88
      vertex -6.23774 -15.0592 88
    endloop
  endfacet
  facet normal 0 0 1
    outer loop
      vertex -8.16688 -12.2226 88
      vertex -7.68377 -14.3753 88
      vertex -6.92953 -12.9642 88
    endloop
  endfacet
  facet normal 0 0 1
    outer loop
      vertex -8.16688 -12.2226 88
      vertex -9.05579 -13.553 88
      vertex -7.68377 -14.3753 88
    endloop
  endfacet
  facet normal 0 0 1
    outer loop
      vertex -9.32558 -11.3633 88
      vertex -9.05579 -13.553 88
      vertex -8.16688 -12.2226 88
    endloop
  endfacet
  facet normal 0 0 1
    outer loop
      vertex -9.32558 -11.3633 88
      vertex -10.3406 -12.6001 88
      vertex -9.05579 -13.553 88
    endloop
  endfacet
  facet normal 0 0 1
    outer loop
      vertex -10.3945 -10.3945 88
      vertex -10.3406 -12.6001 88
      vertex -9.32558 -11.3633 88
    endloop
  endfacet
  facet normal 0 0 1
    outer loop
      vertex -11.5258 -11.5258 88
      vertex -10.3945 -10.3945 88
      vertex -11.3633 -9.32558 88
    endloop
  endfacet
  facet normal 0 0 1
    outer loop
      vertex -10.3945 -10.3945 88
      vertex -11.5258 -11.5258 88
      vertex -10.3406 -12.6001 88
    endloop
  endfacet
  facet normal 0 0 1
    outer loop
      vertex -12.6001 -10.3406 88
      vertex -11.3633 -9.32558 88
      vertex -12.2226 -8.16688 88
    endloop
  endfacet
  facet normal 0 0 1
    outer loop
      vertex -11.3633 -9.32558 88
      vertex -12.6001 -10.3406 88
      vertex -11.5258 -11.5258 88
    endloop
  endfacet
  facet normal 0 0 1
    outer loop
      vertex -13.553 -9.05579 88
      vertex -12.2226 -8.16688 88
      vertex -12.9642 -6.92953 88
    endloop
  endfacet
  facet normal 0 0 1
    outer loop
      vertex -12.2226 -8.16688 88
      vertex -13.553 -9.05579 88
      vertex -12.6001 -10.3406 88
    endloop
  endfacet
  facet normal 0 0 1
    outer loop
      vertex -14.3753 -7.68377 88
      vertex -12.9642 -6.92953 88
      vertex -13.581 -5.62545 88
    endloop
  endfacet
  facet normal 0 0 1
    outer loop
      vertex -15.0592 -6.23774 88
      vertex -13.581 -5.62545 88
      vertex -14.067 -4.26718 88
    endloop
  endfacet
  facet normal 0 0 1
    outer loop
      vertex -12.9642 -6.92953 88
      vertex -14.3753 -7.68377 88
      vertex -13.553 -9.05579 88
    endloop
  endfacet
  facet normal 0 0 1
    outer loop
      vertex -15.5981 -4.73164 88
      vertex -14.067 -4.26718 88
      vertex -14.4175 -2.86783 88
    endloop
  endfacet
  facet normal 0 0 1
    outer loop
      vertex -15.9868 -3.17997 88
      vertex -14.4175 -2.86783 88
      vertex -14.6292 -1.44085 88
    endloop
  endfacet
  facet normal 0 0 1
    outer loop
      vertex -16.2215 -1.59768 88
      vertex -14.6292 -1.44085 88
      vertex -14.7 0 88
    endloop
  endfacet
  facet normal 0 0 1
    outer loop
      vertex -14.4175 2.86783 88
      vertex -15.9868 3.17997 88
      vertex -14.6292 1.44085 88
    endloop
  endfacet
  facet normal 0 0 1
    outer loop
      vertex -13.581 -5.62545 88
      vertex -15.0592 -6.23774 88
      vertex -14.3753 -7.68377 88
    endloop
  endfacet
  facet normal -0 0 1
    outer loop
      vertex -16.2215 1.59768 88
      vertex -14.6292 1.44085 88
      vertex -15.9868 3.17997 88
    endloop
  endfacet
  facet normal 0 0 1
    outer loop
      vertex -14.067 -4.26718 88
      vertex -15.5981 -4.73164 88
      vertex -15.0592 -6.23774 88
    endloop
  endfacet
  facet normal 0 0 1
    outer loop
      vertex -14.6292 1.44085 88
      vertex -16.2215 1.59768 88
      vertex -14.7 0 88
    endloop
  endfacet
  facet normal 0 0 1
    outer loop
      vertex -14.4175 -2.86783 88
      vertex -15.9868 -3.17997 88
      vertex -15.5981 -4.73164 88
    endloop
  endfacet
  facet normal 0 0 1
    outer loop
      vertex -16.3 0 88
      vertex -14.7 0 88
      vertex -16.2215 1.59768 88
    endloop
  endfacet
  facet normal 0 0 1
    outer loop
      vertex -14.6292 -1.44085 88
      vertex -16.2215 -1.59768 88
      vertex -15.9868 -3.17997 88
    endloop
  endfacet
  facet normal 0 0 1
    outer loop
      vertex -14.7 0 88
      vertex -16.3 0 88
      vertex -16.2215 -1.59768 88
    endloop
  endfacet
  facet normal -0.998795 -0.0490745 0
    outer loop
      vertex -16.2215 -1.59768 0
      vertex -16.3 0 88
      vertex -16.3 0 0
    endloop
  endfacet
  facet normal -0.998795 -0.0490745 0
    outer loop
      vertex -16.3 0 88
      vertex -16.2215 -1.59768 0
      vertex -16.2215 -1.59768 88
    endloop
  endfacet
  facet normal 0.740921 -0.671592 0
    outer loop
      vertex 11.5258 -11.5258 88
      vertex 12.6001 -10.3406 0
      vertex 12.6001 -10.3406 88
    endloop
  endfacet
  facet normal 0.740921 -0.671592 0
    outer loop
      vertex 12.6001 -10.3406 0
      vertex 11.5258 -11.5258 88
      vertex 11.5258 -11.5258 0
    endloop
  endfacet
  facet normal -0.857744 -0.514076 0
    outer loop
      vertex -13.553 -9.05579 0
      vertex -14.3753 -7.68377 88
      vertex -14.3753 -7.68377 0
    endloop
  endfacet
  facet normal -0.857744 -0.514076 0
    outer loop
      vertex -14.3753 -7.68377 88
      vertex -13.553 -9.05579 0
      vertex -13.553 -9.05579 88
    endloop
  endfacet
  facet normal -0.427544 -0.903994 0
    outer loop
      vertex -7.68377 -14.3753 0
      vertex -6.23774 -15.0592 88
      vertex -7.68377 -14.3753 88
    endloop
  endfacet
  facet normal -0.427544 -0.903994 -0
    outer loop
      vertex -6.23774 -15.0592 88
      vertex -7.68377 -14.3753 0
      vertex -6.23774 -15.0592 0
    endloop
  endfacet
  facet normal -0.941542 0.336895 0
    outer loop
      vertex -15.5981 4.73164 0
      vertex -15.0592 6.23774 88
      vertex -15.0592 6.23774 0
    endloop
  endfacet
  facet normal -0.941542 0.336895 0
    outer loop
      vertex -15.0592 6.23774 88
      vertex -15.5981 4.73164 0
      vertex -15.5981 4.73164 88
    endloop
  endfacet
  facet normal -0.146724 -0.989177 0
    outer loop
      vertex -3.17997 -15.9868 0
      vertex -1.59768 -16.2215 88
      vertex -3.17997 -15.9868 88
    endloop
  endfacet
  facet normal -0.146724 -0.989177 -0
    outer loop
      vertex -1.59768 -16.2215 88
      vertex -3.17997 -15.9868 0
      vertex -1.59768 -16.2215 0
    endloop
  endfacet
  facet normal 0 0 -1
    outer loop
      vertex 14.7 0 0
      vertex 16.3 0 0
      vertex 16.2215 -1.59768 0
    endloop
  endfacet
  facet normal 0 0 -1
    outer loop
      vertex 14.6292 -1.44085 0
      vertex 16.2215 -1.59768 0
      vertex 15.9868 -3.17997 0
    endloop
  endfacet
  facet normal 0 0 -1
    outer loop
      vertex 16.3 0 0
      vertex 14.7 0 0
      vertex 16.2215 1.59768 0
    endloop
  endfacet
  facet normal 0 0 -1
    outer loop
      vertex 14.4175 -2.86783 0
      vertex 15.9868 -3.17997 0
      vertex 15.5981 -4.73164 0
    endloop
  endfacet
  facet normal 0 0 -1
    outer loop
      vertex 14.6292 1.44085 0
      vertex 16.2215 1.59768 0
      vertex 14.7 0 0
    endloop
  endfacet
  facet normal 0 0 -1
    outer loop
      vertex 14.067 -4.26718 0
      vertex 15.5981 -4.73164 0
      vertex 15.0592 -6.23774 0
    endloop
  endfacet
  facet normal -0 0 -1
    outer loop
      vertex 16.2215 1.59768 0
      vertex 14.6292 1.44085 0
      vertex 15.9868 3.17997 0
    endloop
  endfacet
  facet normal 0 0 -1
    outer loop
      vertex 14.4175 2.86783 0
      vertex 15.9868 3.17997 0
      vertex 14.6292 1.44085 0
    endloop
  endfacet
  facet normal 0 0 -1
    outer loop
      vertex 16.2215 -1.59768 0
      vertex 14.6292 -1.44085 0
      vertex 14.7 0 0
    endloop
  endfacet
  facet normal 0 0 -1
    outer loop
      vertex 15.9868 -3.17997 0
      vertex 14.4175 -2.86783 0
      vertex 14.6292 -1.44085 0
    endloop
  endfacet
  facet normal 0 0 -1
    outer loop
      vertex 13.581 -5.62545 0
      vertex 15.0592 -6.23774 0
      vertex 14.3753 -7.68377 0
    endloop
  endfacet
  facet normal 0 0 -1
    outer loop
      vertex 15.5981 -4.73164 0
      vertex 14.067 -4.26718 0
      vertex 14.4175 -2.86783 0
    endloop
  endfacet
  facet normal 0 0 -1
    outer loop
      vertex 15.0592 -6.23774 0
      vertex 13.581 -5.62545 0
      vertex 14.067 -4.26718 0
    endloop
  endfacet
  facet normal 0 0 -1
    outer loop
      vertex 12.9642 -6.92953 0
      vertex 14.3753 -7.68377 0
      vertex 13.553 -9.05579 0
    endloop
  endfacet
  facet normal 0 0 -1
    outer loop
      vertex 14.3753 -7.68377 0
      vertex 12.9642 -6.92953 0
      vertex 13.581 -5.62545 0
    endloop
  endfacet
  facet normal 0 0 -1
    outer loop
      vertex 12.2226 -8.16688 0
      vertex 13.553 -9.05579 0
      vertex 12.6001 -10.3406 0
    endloop
  endfacet
  facet normal 0 0 -1
    outer loop
      vertex 13.553 -9.05579 0
      vertex 12.2226 -8.16688 0
      vertex 12.9642 -6.92953 0
    endloop
  endfacet
  facet normal 0 0 -1
    outer loop
      vertex 11.3633 -9.32558 0
      vertex 12.6001 -10.3406 0
      vertex 11.5258 -11.5258 0
    endloop
  endfacet
  facet normal 0 0 -1
    outer loop
      vertex 12.6001 -10.3406 0
      vertex 11.3633 -9.32558 0
      vertex 12.2226 -8.16688 0
    endloop
  endfacet
  facet normal 0 0 -1
    outer loop
      vertex 11.5258 -11.5258 0
      vertex 10.3945 -10.3945 0
      vertex 11.3633 -9.32558 0
    endloop
  endfacet
  facet normal 0 0 -1
    outer loop
      vertex 10.3406 -12.6001 0
      vertex 10.3945 -10.3945 0
      vertex 11.5258 -11.5258 0
    endloop
  endfacet
  facet normal 0 0 -1
    outer loop
      vertex 10.3406 -12.6001 0
      vertex 9.32558 -11.3633 0
      vertex 10.3945 -10.3945 0
    endloop
  endfacet
  facet normal 0 0 -1
    outer loop
      vertex 9.05579 -13.553 0
      vertex 9.32558 -11.3633 0
      vertex 10.3406 -12.6001 0
    endloop
  endfacet
  facet normal 0 0 -1
    outer loop
      vertex 9.05579 -13.553 0
      vertex 8.16688 -12.2226 0
      vertex 9.32558 -11.3633 0
    endloop
  endfacet
  facet normal 0 0 -1
    outer loop
      vertex 7.68377 -14.3753 0
      vertex 8.16688 -12.2226 0
      vertex 9.05579 -13.553 0
    endloop
  endfacet
  facet normal 0 0 -1
    outer loop
      vertex 7.68377 -14.3753 0
      vertex 6.92953 -12.9642 0
      vertex 8.16688 -12.2226 0
    endloop
  endfacet
  facet normal 0 0 -1
    outer loop
      vertex 6.23774 -15.0592 0
      vertex 6.92953 -12.9642 0
      vertex 7.68377 -14.3753 0
    endloop
  endfacet
  facet normal 0 0 -1
    outer loop
      vertex 6.23774 -15.0592 0
      vertex 5.62545 -13.581 0
      vertex 6.92953 -12.9642 0
    endloop
  endfacet
  facet normal 0 0 -1
    outer loop
      vertex 4.73164 -15.5981 0
      vertex 5.62545 -13.581 0
      vertex 6.23774 -15.0592 0
    endloop
  endfacet
  facet normal 0 0 -1
    outer loop
      vertex 4.73164 -15.5981 0
      vertex 4.26718 -14.067 0
      vertex 5.62545 -13.581 0
    endloop
  endfacet
  facet normal 0 0 -1
    outer loop
      vertex 3.17997 -15.9868 0
      vertex 4.26718 -14.067 0
      vertex 4.73164 -15.5981 0
    endloop
  endfacet
  facet normal 0 0 -1
    outer loop
      vertex 3.17997 -15.9868 0
      vertex 2.86783 -14.4175 0
      vertex 4.26718 -14.067 0
    endloop
  endfacet
  facet normal 0 0 -1
    outer loop
      vertex 1.59768 -16.2215 0
      vertex 2.86783 -14.4175 0
      vertex 3.17997 -15.9868 0
    endloop
  endfacet
  facet normal 0 0 -1
    outer loop
      vertex 1.59768 -16.2215 0
      vertex 1.44085 -14.6292 0
      vertex 2.86783 -14.4175 0
    endloop
  endfacet
  facet normal 0 0 -1
    outer loop
      vertex 0 -16.3 0
      vertex 1.44085 -14.6292 0
      vertex 1.59768 -16.2215 0
    endloop
  endfacet
  facet normal 0 0 -1
    outer loop
      vertex 0 -16.3 0
      vertex 0 -14.7 0
      vertex 1.44085 -14.6292 0
    endloop
  endfacet
  facet normal 0 0 -1
    outer loop
      vertex 0 -16.3 0
      vertex -1.44085 -14.6292 0
      vertex 0 -14.7 0
    endloop
  endfacet
  facet normal 0 0 -1
    outer loop
      vertex -1.59768 -16.2215 0
      vertex -1.44085 -14.6292 0
      vertex 0 -16.3 0
    endloop
  endfacet
  facet normal 0 0 -1
    outer loop
      vertex -1.59768 -16.2215 0
      vertex -2.86783 -14.4175 0
      vertex -1.44085 -14.6292 0
    endloop
  endfacet
  facet normal 0 0 -1
    outer loop
      vertex -3.17997 -15.9868 0
      vertex -2.86783 -14.4175 0
      vertex -1.59768 -16.2215 0
    endloop
  endfacet
  facet normal 0 0 -1
    outer loop
      vertex -3.17997 -15.9868 0
      vertex -4.26718 -14.067 0
      vertex -2.86783 -14.4175 0
    endloop
  endfacet
  facet normal 0 0 -1
    outer loop
      vertex -4.73164 -15.5981 0
      vertex -4.26718 -14.067 0
      vertex -3.17997 -15.9868 0
    endloop
  endfacet
  facet normal 0 0 -1
    outer loop
      vertex -4.73164 -15.5981 0
      vertex -5.62545 -13.581 0
      vertex -4.26718 -14.067 0
    endloop
  endfacet
  facet normal 0 0 -1
    outer loop
      vertex -6.23774 -15.0592 0
      vertex -5.62545 -13.581 0
      vertex -4.73164 -15.5981 0
    endloop
  endfacet
  facet normal 0 0 -1
    outer loop
      vertex -6.23774 -15.0592 0
      vertex -6.92953 -12.9642 0
      vertex -5.62545 -13.581 0
    endloop
  endfacet
  facet normal 0 0 -1
    outer loop
      vertex -7.68377 -14.3753 0
      vertex -6.92953 -12.9642 0
      vertex -6.23774 -15.0592 0
    endloop
  endfacet
  facet normal 0 0 -1
    outer loop
      vertex -7.68377 -14.3753 0
      vertex -8.16688 -12.2226 0
      vertex -6.92953 -12.9642 0
    endloop
  endfacet
  facet normal 0 0 -1
    outer loop
      vertex -9.05579 -13.553 0
      vertex -8.16688 -12.2226 0
      vertex -7.68377 -14.3753 0
    endloop
  endfacet
  facet normal 0 0 -1
    outer loop
      vertex -9.05579 -13.553 0
      vertex -9.32558 -11.3633 0
      vertex -8.16688 -12.2226 0
    endloop
  endfacet
  facet normal 0 0 -1
    outer loop
      vertex -10.3406 -12.6001 0
      vertex -9.32558 -11.3633 0
      vertex -9.05579 -13.553 0
    endloop
  endfacet
  facet normal 0 0 -1
    outer loop
      vertex -10.3406 -12.6001 0
      vertex -10.3945 -10.3945 0
      vertex -9.32558 -11.3633 0
    endloop
  endfacet
  facet normal 0 0 -1
    outer loop
      vertex -11.5258 -11.5258 0
      vertex -10.3945 -10.3945 0
      vertex -10.3406 -12.6001 0
    endloop
  endfacet
  facet normal -0 0 -1
    outer loop
      vertex -10.3945 -10.3945 0
      vertex -11.5258 -11.5258 0
      vertex -11.3633 -9.32558 0
    endloop
  endfacet
  facet normal 0 0 -1
    outer loop
      vertex -12.6001 -10.3406 0
      vertex -11.3633 -9.32558 0
      vertex -11.5258 -11.5258 0
    endloop
  endfacet
  facet normal -0 0 -1
    outer loop
      vertex -11.3633 -9.32558 0
      vertex -12.6001 -10.3406 0
      vertex -12.2226 -8.16688 0
    endloop
  endfacet
  facet normal 0 0 -1
    outer loop
      vertex -13.553 -9.05579 0
      vertex -12.2226 -8.16688 0
      vertex -12.6001 -10.3406 0
    endloop
  endfacet
  facet normal -0 0 -1
    outer loop
      vertex -12.2226 -8.16688 0
      vertex -13.553 -9.05579 0
      vertex -12.9642 -6.92953 0
    endloop
  endfacet
  facet normal 0 0 -1
    outer loop
      vertex -14.3753 -7.68377 0
      vertex -12.9642 -6.92953 0
      vertex -13.553 -9.05579 0
    endloop
  endfacet
  facet normal -0 0 -1
    outer loop
      vertex -12.9642 -6.92953 0
      vertex -14.3753 -7.68377 0
      vertex -13.581 -5.62545 0
    endloop
  endfacet
  facet normal 0 0 -1
    outer loop
      vertex -15.0592 -6.23774 0
      vertex -13.581 -5.62545 0
      vertex -14.3753 -7.68377 0
    endloop
  endfacet
  facet normal -0 0 -1
    outer loop
      vertex -13.581 -5.62545 0
      vertex -15.0592 -6.23774 0
      vertex -14.067 -4.26718 0
    endloop
  endfacet
  facet normal 0 0 -1
    outer loop
      vertex -15.5981 -4.73164 0
      vertex -14.067 -4.26718 0
      vertex -15.0592 -6.23774 0
    endloop
  endfacet
  facet normal -0 0 -1
    outer loop
      vertex -14.067 -4.26718 0
      vertex -15.5981 -4.73164 0
      vertex -14.4175 -2.86783 0
    endloop
  endfacet
  facet normal 0 0 -1
    outer loop
      vertex -15.9868 -3.17997 0
      vertex -14.4175 -2.86783 0
      vertex -15.5981 -4.73164 0
    endloop
  endfacet
  facet normal -0 0 -1
    outer loop
      vertex 15.9868 3.17997 0
      vertex 14.4175 2.86783 0
      vertex 15.5981 4.73164 0
    endloop
  endfacet
  facet normal 0 0 -1
    outer loop
      vertex 14.067 4.26718 0
      vertex 15.5981 4.73164 0
      vertex 14.4175 2.86783 0
    endloop
  endfacet
  facet normal -0 0 -1
    outer loop
      vertex 15.5981 4.73164 0
      vertex 14.067 4.26718 0
      vertex 15.0592 6.23774 0
    endloop
  endfacet
  facet normal 0 0 -1
    outer loop
      vertex 13.581 5.62545 0
      vertex 15.0592 6.23774 0
      vertex 14.067 4.26718 0
    endloop
  endfacet
  facet normal -0 0 -1
    outer loop
      vertex 15.0592 6.23774 0
      vertex 13.581 5.62545 0
      vertex 14.3753 7.68377 0
    endloop
  endfacet
  facet normal 0 0 -1
    outer loop
      vertex 12.9642 6.92953 0
      vertex 14.3753 7.68377 0
      vertex 13.581 5.62545 0
    endloop
  endfacet
  facet normal -0 0 -1
    outer loop
      vertex 14.3753 7.68377 0
      vertex 12.9642 6.92953 0
      vertex 13.553 9.05579 0
    endloop
  endfacet
  facet normal 0 0 -1
    outer loop
      vertex 12.2226 8.16688 0
      vertex 13.553 9.05579 0
      vertex 12.9642 6.92953 0
    endloop
  endfacet
  facet normal -0 0 -1
    outer loop
      vertex 13.553 9.05579 0
      vertex 12.2226 8.16688 0
      vertex 12.6001 10.3406 0
    endloop
  endfacet
  facet normal 0 0 -1
    outer loop
      vertex 11.3633 9.32558 0
      vertex 12.6001 10.3406 0
      vertex 12.2226 8.16688 0
    endloop
  endfacet
  facet normal -0 0 -1
    outer loop
      vertex 12.6001 10.3406 0
      vertex 11.3633 9.32558 0
      vertex 11.5258 11.5258 0
    endloop
  endfacet
  facet normal 0 0 -1
    outer loop
      vertex 10.3945 10.3945 0
      vertex 11.5258 11.5258 0
      vertex 11.3633 9.32558 0
    endloop
  endfacet
  facet normal 0 0 -1
    outer loop
      vertex 10.3945 10.3945 0
      vertex 10.3406 12.6001 0
      vertex 11.5258 11.5258 0
    endloop
  endfacet
  facet normal 0 0 -1
    outer loop
      vertex 9.32558 11.3633 0
      vertex 10.3406 12.6001 0
      vertex 10.3945 10.3945 0
    endloop
  endfacet
  facet normal 0 0 -1
    outer loop
      vertex 9.32558 11.3633 0
      vertex 9.05579 13.553 0
      vertex 10.3406 12.6001 0
    endloop
  endfacet
  facet normal 0 0 -1
    outer loop
      vertex 8.16688 12.2226 0
      vertex 9.05579 13.553 0
      vertex 9.32558 11.3633 0
    endloop
  endfacet
  facet normal 0 0 -1
    outer loop
      vertex 8.16688 12.2226 0
      vertex 7.68377 14.3753 0
      vertex 9.05579 13.553 0
    endloop
  endfacet
  facet normal 0 0 -1
    outer loop
      vertex 6.92953 12.9642 0
      vertex 7.68377 14.3753 0
      vertex 8.16688 12.2226 0
    endloop
  endfacet
  facet normal 0 0 -1
    outer loop
      vertex 6.92953 12.9642 0
      vertex 6.23774 15.0592 0
      vertex 7.68377 14.3753 0
    endloop
  endfacet
  facet normal 0 0 -1
    outer loop
      vertex 5.62545 13.581 0
      vertex 6.23774 15.0592 0
      vertex 6.92953 12.9642 0
    endloop
  endfacet
  facet normal 0 0 -1
    outer loop
      vertex 5.62545 13.581 0
      vertex 4.73164 15.5981 0
      vertex 6.23774 15.0592 0
    endloop
  endfacet
  facet normal 0 0 -1
    outer loop
      vertex 4.26718 14.067 0
      vertex 4.73164 15.5981 0
      vertex 5.62545 13.581 0
    endloop
  endfacet
  facet normal 0 0 -1
    outer loop
      vertex 4.26718 14.067 0
      vertex 3.17997 15.9868 0
      vertex 4.73164 15.5981 0
    endloop
  endfacet
  facet normal 0 0 -1
    outer loop
      vertex 2.86783 14.4175 0
      vertex 3.17997 15.9868 0
      vertex 4.26718 14.067 0
    endloop
  endfacet
  facet normal 0 0 -1
    outer loop
      vertex 2.86783 14.4175 0
      vertex 1.59768 16.2215 0
      vertex 3.17997 15.9868 0
    endloop
  endfacet
  facet normal 0 0 -1
    outer loop
      vertex 1.44085 14.6292 0
      vertex 1.59768 16.2215 0
      vertex 2.86783 14.4175 0
    endloop
  endfacet
  facet normal 0 0 -1
    outer loop
      vertex 0 14.7 0
      vertex 1.59768 16.2215 0
      vertex 1.44085 14.6292 0
    endloop
  endfacet
  facet normal 0 0 -1
    outer loop
      vertex 0 14.7 0
      vertex 0 16.3 0
      vertex 1.59768 16.2215 0
    endloop
  endfacet
  facet normal 0 0 -1
    outer loop
      vertex -1.44085 14.6292 0
      vertex 0 16.3 0
      vertex 0 14.7 0
    endloop
  endfacet
  facet normal 0 0 -1
    outer loop
      vertex -1.44085 14.6292 0
      vertex -1.59768 16.2215 0
      vertex 0 16.3 0
    endloop
  endfacet
  facet normal 0 0 -1
    outer loop
      vertex -2.86783 14.4175 0
      vertex -1.59768 16.2215 0
      vertex -1.44085 14.6292 0
    endloop
  endfacet
  facet normal 0 0 -1
    outer loop
      vertex -2.86783 14.4175 0
      vertex -3.17997 15.9868 0
      vertex -1.59768 16.2215 0
    endloop
  endfacet
  facet normal 0 0 -1
    outer loop
      vertex -4.26718 14.067 0
      vertex -3.17997 15.9868 0
      vertex -2.86783 14.4175 0
    endloop
  endfacet
  facet normal 0 0 -1
    outer loop
      vertex -4.26718 14.067 0
      vertex -4.73164 15.5981 0
      vertex -3.17997 15.9868 0
    endloop
  endfacet
  facet normal 0 0 -1
    outer loop
      vertex -5.62545 13.581 0
      vertex -4.73164 15.5981 0
      vertex -4.26718 14.067 0
    endloop
  endfacet
  facet normal 0 0 -1
    outer loop
      vertex -5.62545 13.581 0
      vertex -6.23774 15.0592 0
      vertex -4.73164 15.5981 0
    endloop
  endfacet
  facet normal 0 0 -1
    outer loop
      vertex -6.92953 12.9642 0
      vertex -6.23774 15.0592 0
      vertex -5.62545 13.581 0
    endloop
  endfacet
  facet normal 0 0 -1
    outer loop
      vertex -6.92953 12.9642 0
      vertex -7.68377 14.3753 0
      vertex -6.23774 15.0592 0
    endloop
  endfacet
  facet normal 0 0 -1
    outer loop
      vertex -8.16688 12.2226 0
      vertex -7.68377 14.3753 0
      vertex -6.92953 12.9642 0
    endloop
  endfacet
  facet normal 0 0 -1
    outer loop
      vertex -8.16688 12.2226 0
      vertex -9.05579 13.553 0
      vertex -7.68377 14.3753 0
    endloop
  endfacet
  facet normal 0 0 -1
    outer loop
      vertex -9.32558 11.3633 0
      vertex -9.05579 13.553 0
      vertex -8.16688 12.2226 0
    endloop
  endfacet
  facet normal 0 0 -1
    outer loop
      vertex -9.32558 11.3633 0
      vertex -10.3406 12.6001 0
      vertex -9.05579 13.553 0
    endloop
  endfacet
  facet normal 0 0 -1
    outer loop
      vertex -10.3945 10.3945 0
      vertex -10.3406 12.6001 0
      vertex -9.32558 11.3633 0
    endloop
  endfacet
  facet normal 0 0 -1
    outer loop
      vertex -11.5258 11.5258 0
      vertex -10.3945 10.3945 0
      vertex -11.3633 9.32558 0
    endloop
  endfacet
  facet normal 0 0 -1
    outer loop
      vertex -10.3945 10.3945 0
      vertex -11.5258 11.5258 0
      vertex -10.3406 12.6001 0
    endloop
  endfacet
  facet normal 0 0 -1
    outer loop
      vertex -12.6001 10.3406 0
      vertex -11.3633 9.32558 0
      vertex -12.2226 8.16688 0
    endloop
  endfacet
  facet normal 0 0 -1
    outer loop
      vertex -11.3633 9.32558 0
      vertex -12.6001 10.3406 0
      vertex -11.5258 11.5258 0
    endloop
  endfacet
  facet normal 0 0 -1
    outer loop
      vertex -13.553 9.05579 0
      vertex -12.2226 8.16688 0
      vertex -12.9642 6.92953 0
    endloop
  endfacet
  facet normal 0 0 -1
    outer loop
      vertex -12.2226 8.16688 0
      vertex -13.553 9.05579 0
      vertex -12.6001 10.3406 0
    endloop
  endfacet
  facet normal 0 0 -1
    outer loop
      vertex -14.3753 7.68377 0
      vertex -12.9642 6.92953 0
      vertex -13.581 5.62545 0
    endloop
  endfacet
  facet normal 0 0 -1
    outer loop
      vertex -15.0592 6.23774 0
      vertex -13.581 5.62545 0
      vertex -14.067 4.26718 0
    endloop
  endfacet
  facet normal 0 0 -1
    outer loop
      vertex -12.9642 6.92953 0
      vertex -14.3753 7.68377 0
      vertex -13.553 9.05579 0
    endloop
  endfacet
  facet normal 0 0 -1
    outer loop
      vertex -15.5981 4.73164 0
      vertex -14.067 4.26718 0
      vertex -14.4175 2.86783 0
    endloop
  endfacet
  facet normal 0 0 -1
    outer loop
      vertex -15.9868 3.17997 0
      vertex -14.4175 2.86783 0
      vertex -14.6292 1.44085 0
    endloop
  endfacet
  facet normal 0 0 -1
    outer loop
      vertex -16.2215 1.59768 0
      vertex -14.6292 1.44085 0
      vertex -14.7 0 0
    endloop
  endfacet
  facet normal -0 0 -1
    outer loop
      vertex -14.4175 -2.86783 0
      vertex -15.9868 -3.17997 0
      vertex -14.6292 -1.44085 0
    endloop
  endfacet
  facet normal 0 0 -1
    outer loop
      vertex -13.581 5.62545 0
      vertex -15.0592 6.23774 0
      vertex -14.3753 7.68377 0
    endloop
  endfacet
  facet normal 0 0 -1
    outer loop
      vertex -16.2215 -1.59768 0
      vertex -14.6292 -1.44085 0
      vertex -15.9868 -3.17997 0
    endloop
  endfacet
  facet normal 0 0 -1
    outer loop
      vertex -14.067 4.26718 0
      vertex -15.5981 4.73164 0
      vertex -15.0592 6.23774 0
    endloop
  endfacet
  facet normal -0 0 -1
    outer loop
      vertex -14.6292 -1.44085 0
      vertex -16.2215 -1.59768 0
      vertex -14.7 0 0
    endloop
  endfacet
  facet normal 0 0 -1
    outer loop
      vertex -14.4175 2.86783 0
      vertex -15.9868 3.17997 0
      vertex -15.5981 4.73164 0
    endloop
  endfacet
  facet normal 0 0 -1
    outer loop
      vertex -16.3 0 0
      vertex -14.7 0 0
      vertex -16.2215 -1.59768 0
    endloop
  endfacet
  facet normal 0 0 -1
    outer loop
      vertex -14.6292 1.44085 0
      vertex -16.2215 1.59768 0
      vertex -15.9868 3.17997 0
    endloop
  endfacet
  facet normal 0 0 -1
    outer loop
      vertex -14.7 0 0
      vertex -16.3 0 0
      vertex -16.2215 1.59768 0
    endloop
  endfacet
  facet normal -0.989174 -0.146749 0
    outer loop
      vertex 14.6292 1.44085 0
      vertex 14.4175 2.86783 88
      vertex 14.4175 2.86783 0
    endloop
  endfacet
  facet normal -0.989174 -0.146749 0
    outer loop
      vertex 14.4175 2.86783 88
      vertex 14.6292 1.44085 0
      vertex 14.6292 1.44085 88
    endloop
  endfacet
  facet normal -0.998795 -0.0490784 0
    outer loop
      vertex 14.7 0 0
      vertex 14.6292 1.44085 88
      vertex 14.6292 1.44085 0
    endloop
  endfacet
  facet normal -0.998795 -0.0490784 0
    outer loop
      vertex 14.6292 1.44085 88
      vertex 14.7 0 0
      vertex 14.7 0 88
    endloop
  endfacet
  facet normal -0.970034 -0.242968 0
    outer loop
      vertex 14.4175 2.86783 0
      vertex 14.067 4.26718 88
      vertex 14.067 4.26718 0
    endloop
  endfacet
  facet normal -0.970034 -0.242968 0
    outer loop
      vertex 14.067 4.26718 88
      vertex 14.4175 2.86783 0
      vertex 14.4175 2.86783 88
    endloop
  endfacet
  facet normal -0.336892 0.941543 0
    outer loop
      vertex 5.62545 -13.581 0
      vertex 4.26718 -14.067 88
      vertex 5.62545 -13.581 88
    endloop
  endfacet
  facet normal -0.336892 0.941543 0
    outer loop
      vertex 4.26718 -14.067 88
      vertex 5.62545 -13.581 0
      vertex 4.26718 -14.067 0
    endloop
  endfacet
  facet normal -0.998795 0.0490784 0
    outer loop
      vertex 14.6292 -1.44085 0
      vertex 14.7 0 88
      vertex 14.7 0 0
    endloop
  endfacet
  facet normal -0.998795 0.0490784 0
    outer loop
      vertex 14.7 0 88
      vertex 14.6292 -1.44085 0
      vertex 14.6292 -1.44085 88
    endloop
  endfacet
  facet normal -0.242968 -0.970034 0
    outer loop
      vertex 2.86783 14.4175 0
      vertex 4.26718 14.067 88
      vertex 2.86783 14.4175 88
    endloop
  endfacet
  facet normal -0.242968 -0.970034 -0
    outer loop
      vertex 4.26718 14.067 88
      vertex 2.86783 14.4175 0
      vertex 4.26718 14.067 0
    endloop
  endfacet
  facet normal 0.336892 -0.941543 0
    outer loop
      vertex -5.62545 13.581 0
      vertex -4.26718 14.067 88
      vertex -5.62545 13.581 88
    endloop
  endfacet
  facet normal 0.336892 -0.941543 0
    outer loop
      vertex -4.26718 14.067 88
      vertex -5.62545 13.581 0
      vertex -4.26718 14.067 0
    endloop
  endfacet
  facet normal 0.336892 0.941543 -0
    outer loop
      vertex -4.26718 -14.067 0
      vertex -5.62545 -13.581 88
      vertex -4.26718 -14.067 88
    endloop
  endfacet
  facet normal 0.336892 0.941543 0
    outer loop
      vertex -5.62545 -13.581 88
      vertex -4.26718 -14.067 0
      vertex -5.62545 -13.581 0
    endloop
  endfacet
  facet normal -0.970034 0.242968 0
    outer loop
      vertex 14.067 -4.26718 0
      vertex 14.4175 -2.86783 88
      vertex 14.4175 -2.86783 0
    endloop
  endfacet
  facet normal -0.970034 0.242968 0
    outer loop
      vertex 14.4175 -2.86783 88
      vertex 14.067 -4.26718 0
      vertex 14.067 -4.26718 88
    endloop
  endfacet
  facet normal 0.970034 0.242968 0
    outer loop
      vertex -14.067 -4.26718 88
      vertex -14.4175 -2.86783 0
      vertex -14.4175 -2.86783 88
    endloop
  endfacet
  facet normal 0.970034 0.242968 0
    outer loop
      vertex -14.4175 -2.86783 0
      vertex -14.067 -4.26718 88
      vertex -14.067 -4.26718 0
    endloop
  endfacet
  facet normal -0.595677 0.803224 0
    outer loop
      vertex 9.32558 -11.3633 0
      vertex 8.16688 -12.2226 88
      vertex 9.32558 -11.3633 88
    endloop
  endfacet
  facet normal -0.595677 0.803224 0
    outer loop
      vertex 8.16688 -12.2226 88
      vertex 9.32558 -11.3633 0
      vertex 8.16688 -12.2226 0
    endloop
  endfacet
  facet normal 0.427564 -0.903985 0
    outer loop
      vertex -6.92953 12.9642 0
      vertex -5.62545 13.581 88
      vertex -6.92953 12.9642 88
    endloop
  endfacet
  facet normal 0.427564 -0.903985 0
    outer loop
      vertex -5.62545 13.581 88
      vertex -6.92953 12.9642 0
      vertex -5.62545 13.581 0
    endloop
  endfacet
  facet normal -0.903985 -0.427564 0
    outer loop
      vertex 13.581 5.62545 0
      vertex 12.9642 6.92953 88
      vertex 12.9642 6.92953 0
    endloop
  endfacet
  facet normal -0.903985 -0.427564 0
    outer loop
      vertex 12.9642 6.92953 88
      vertex 13.581 5.62545 0
      vertex 13.581 5.62545 88
    endloop
  endfacet
  facet normal -0.941543 0.336892 0
    outer loop
      vertex 13.581 -5.62545 0
      vertex 14.067 -4.26718 88
      vertex 14.067 -4.26718 0
    endloop
  endfacet
  facet normal -0.941543 0.336892 0
    outer loop
      vertex 14.067 -4.26718 88
      vertex 13.581 -5.62545 0
      vertex 13.581 -5.62545 88
    endloop
  endfacet
  facet normal 0.989174 -0.146749 0
    outer loop
      vertex -14.6292 1.44085 88
      vertex -14.4175 2.86783 0
      vertex -14.4175 2.86783 88
    endloop
  endfacet
  facet normal 0.989174 -0.146749 0
    outer loop
      vertex -14.4175 2.86783 0
      vertex -14.6292 1.44085 88
      vertex -14.6292 1.44085 0
    endloop
  endfacet
  facet normal -0.989174 0.146749 0
    outer loop
      vertex 14.4175 -2.86783 0
      vertex 14.6292 -1.44085 88
      vertex 14.6292 -1.44085 0
    endloop
  endfacet
  facet normal -0.989174 0.146749 0
    outer loop
      vertex 14.6292 -1.44085 88
      vertex 14.4175 -2.86783 0
      vertex 14.4175 -2.86783 88
    endloop
  endfacet
  facet normal 0.595677 0.803224 -0
    outer loop
      vertex -8.16688 -12.2226 0
      vertex -9.32558 -11.3633 88
      vertex -8.16688 -12.2226 88
    endloop
  endfacet
  facet normal 0.595677 0.803224 0
    outer loop
      vertex -9.32558 -11.3633 88
      vertex -8.16688 -12.2226 0
      vertex -9.32558 -11.3633 0
    endloop
  endfacet
  facet normal -0.803224 -0.595677 0
    outer loop
      vertex 12.2226 8.16688 0
      vertex 11.3633 9.32558 88
      vertex 11.3633 9.32558 0
    endloop
  endfacet
  facet normal -0.803224 -0.595677 0
    outer loop
      vertex 11.3633 9.32558 88
      vertex 12.2226 8.16688 0
      vertex 12.2226 8.16688 88
    endloop
  endfacet
  facet normal -0.146749 0.989174 0
    outer loop
      vertex 2.86783 -14.4175 0
      vertex 1.44085 -14.6292 88
      vertex 2.86783 -14.4175 88
    endloop
  endfacet
  facet normal -0.146749 0.989174 0
    outer loop
      vertex 1.44085 -14.6292 88
      vertex 2.86783 -14.4175 0
      vertex 1.44085 -14.6292 0
    endloop
  endfacet
  facet normal -0.514083 0.857741 0
    outer loop
      vertex 8.16688 -12.2226 0
      vertex 6.92953 -12.9642 88
      vertex 8.16688 -12.2226 88
    endloop
  endfacet
  facet normal -0.514083 0.857741 0
    outer loop
      vertex 6.92953 -12.9642 88
      vertex 8.16688 -12.2226 0
      vertex 6.92953 -12.9642 0
    endloop
  endfacet
  facet normal -0.595677 -0.803224 0
    outer loop
      vertex 8.16688 12.2226 0
      vertex 9.32558 11.3633 88
      vertex 8.16688 12.2226 88
    endloop
  endfacet
  facet normal -0.595677 -0.803224 -0
    outer loop
      vertex 9.32558 11.3633 88
      vertex 8.16688 12.2226 0
      vertex 9.32558 11.3633 0
    endloop
  endfacet
  facet normal -0.903985 0.427564 0
    outer loop
      vertex 12.9642 -6.92953 0
      vertex 13.581 -5.62545 88
      vertex 13.581 -5.62545 0
    endloop
  endfacet
  facet normal -0.903985 0.427564 0
    outer loop
      vertex 13.581 -5.62545 88
      vertex 12.9642 -6.92953 0
      vertex 12.9642 -6.92953 88
    endloop
  endfacet
  facet normal 0.595677 -0.803224 0
    outer loop
      vertex -9.32558 11.3633 0
      vertex -8.16688 12.2226 88
      vertex -9.32558 11.3633 88
    endloop
  endfacet
  facet normal 0.595677 -0.803224 0
    outer loop
      vertex -8.16688 12.2226 88
      vertex -9.32558 11.3633 0
      vertex -8.16688 12.2226 0
    endloop
  endfacet
  facet normal 0.671554 -0.740955 0
    outer loop
      vertex -10.3945 10.3945 0
      vertex -9.32558 11.3633 88
      vertex -10.3945 10.3945 88
    endloop
  endfacet
  facet normal 0.671554 -0.740955 0
    outer loop
      vertex -9.32558 11.3633 88
      vertex -10.3945 10.3945 0
      vertex -9.32558 11.3633 0
    endloop
  endfacet
  facet normal 0.242968 -0.970034 0
    outer loop
      vertex -4.26718 14.067 0
      vertex -2.86783 14.4175 88
      vertex -4.26718 14.067 88
    endloop
  endfacet
  facet normal 0.242968 -0.970034 0
    outer loop
      vertex -2.86783 14.4175 88
      vertex -4.26718 14.067 0
      vertex -2.86783 14.4175 0
    endloop
  endfacet
  facet normal 0.998795 0.0490784 0
    outer loop
      vertex -14.6292 -1.44085 88
      vertex -14.7 0 0
      vertex -14.7 0 88
    endloop
  endfacet
  facet normal 0.998795 0.0490784 0
    outer loop
      vertex -14.7 0 0
      vertex -14.6292 -1.44085 88
      vertex -14.6292 -1.44085 0
    endloop
  endfacet
  facet normal 0.903985 0.427564 0
    outer loop
      vertex -12.9642 -6.92953 88
      vertex -13.581 -5.62545 0
      vertex -13.581 -5.62545 88
    endloop
  endfacet
  facet normal 0.903985 0.427564 0
    outer loop
      vertex -13.581 -5.62545 0
      vertex -12.9642 -6.92953 88
      vertex -12.9642 -6.92953 0
    endloop
  endfacet
  facet normal -0.941543 -0.336892 0
    outer loop
      vertex 14.067 4.26718 0
      vertex 13.581 5.62545 88
      vertex 13.581 5.62545 0
    endloop
  endfacet
  facet normal -0.941543 -0.336892 0
    outer loop
      vertex 13.581 5.62545 88
      vertex 14.067 4.26718 0
      vertex 14.067 4.26718 88
    endloop
  endfacet
  facet normal -0.857741 -0.514083 0
    outer loop
      vertex 12.9642 6.92953 0
      vertex 12.2226 8.16688 88
      vertex 12.2226 8.16688 0
    endloop
  endfacet
  facet normal -0.857741 -0.514083 0
    outer loop
      vertex 12.2226 8.16688 88
      vertex 12.9642 6.92953 0
      vertex 12.9642 6.92953 88
    endloop
  endfacet
  facet normal 0.0490784 -0.998795 0
    outer loop
      vertex -1.44085 14.6292 0
      vertex 0 14.7 88
      vertex -1.44085 14.6292 88
    endloop
  endfacet
  facet normal 0.0490784 -0.998795 0
    outer loop
      vertex 0 14.7 88
      vertex -1.44085 14.6292 0
      vertex 0 14.7 0
    endloop
  endfacet
  facet normal 0.970034 -0.242968 0
    outer loop
      vertex -14.4175 2.86783 88
      vertex -14.067 4.26718 0
      vertex -14.067 4.26718 88
    endloop
  endfacet
  facet normal 0.970034 -0.242968 0
    outer loop
      vertex -14.067 4.26718 0
      vertex -14.4175 2.86783 88
      vertex -14.4175 2.86783 0
    endloop
  endfacet
  facet normal 0.740955 -0.671554 0
    outer loop
      vertex -11.3633 9.32558 88
      vertex -10.3945 10.3945 0
      vertex -10.3945 10.3945 88
    endloop
  endfacet
  facet normal 0.740955 -0.671554 0
    outer loop
      vertex -10.3945 10.3945 0
      vertex -11.3633 9.32558 88
      vertex -11.3633 9.32558 0
    endloop
  endfacet
  facet normal -0.427564 0.903985 0
    outer loop
      vertex 6.92953 -12.9642 0
      vertex 5.62545 -13.581 88
      vertex 6.92953 -12.9642 88
    endloop
  endfacet
  facet normal -0.427564 0.903985 0
    outer loop
      vertex 5.62545 -13.581 88
      vertex 6.92953 -12.9642 0
      vertex 5.62545 -13.581 0
    endloop
  endfacet
  facet normal -0.427564 -0.903985 0
    outer loop
      vertex 5.62545 13.581 0
      vertex 6.92953 12.9642 88
      vertex 5.62545 13.581 88
    endloop
  endfacet
  facet normal -0.427564 -0.903985 -0
    outer loop
      vertex 6.92953 12.9642 88
      vertex 5.62545 13.581 0
      vertex 6.92953 12.9642 0
    endloop
  endfacet
  facet normal 0.146749 -0.989174 0
    outer loop
      vertex -2.86783 14.4175 0
      vertex -1.44085 14.6292 88
      vertex -2.86783 14.4175 88
    endloop
  endfacet
  facet normal 0.146749 -0.989174 0
    outer loop
      vertex -1.44085 14.6292 88
      vertex -2.86783 14.4175 0
      vertex -1.44085 14.6292 0
    endloop
  endfacet
  facet normal -0.0490784 0.998795 0
    outer loop
      vertex 1.44085 -14.6292 0
      vertex 0 -14.7 88
      vertex 1.44085 -14.6292 88
    endloop
  endfacet
  facet normal -0.0490784 0.998795 0
    outer loop
      vertex 0 -14.7 88
      vertex 1.44085 -14.6292 0
      vertex 0 -14.7 0
    endloop
  endfacet
  facet normal -0.242968 0.970034 0
    outer loop
      vertex 4.26718 -14.067 0
      vertex 2.86783 -14.4175 88
      vertex 4.26718 -14.067 88
    endloop
  endfacet
  facet normal -0.242968 0.970034 0
    outer loop
      vertex 2.86783 -14.4175 88
      vertex 4.26718 -14.067 0
      vertex 2.86783 -14.4175 0
    endloop
  endfacet
  facet normal -0.803224 0.595677 0
    outer loop
      vertex 11.3633 -9.32558 0
      vertex 12.2226 -8.16688 88
      vertex 12.2226 -8.16688 0
    endloop
  endfacet
  facet normal -0.803224 0.595677 0
    outer loop
      vertex 12.2226 -8.16688 88
      vertex 11.3633 -9.32558 0
      vertex 11.3633 -9.32558 88
    endloop
  endfacet
  facet normal -0.857741 0.514083 0
    outer loop
      vertex 12.2226 -8.16688 0
      vertex 12.9642 -6.92953 88
      vertex 12.9642 -6.92953 0
    endloop
  endfacet
  facet normal -0.857741 0.514083 0
    outer loop
      vertex 12.9642 -6.92953 88
      vertex 12.2226 -8.16688 0
      vertex 12.2226 -8.16688 88
    endloop
  endfacet
  facet normal -0.514083 -0.857741 0
    outer loop
      vertex 6.92953 12.9642 0
      vertex 8.16688 12.2226 88
      vertex 6.92953 12.9642 88
    endloop
  endfacet
  facet normal -0.514083 -0.857741 -0
    outer loop
      vertex 8.16688 12.2226 88
      vertex 6.92953 12.9642 0
      vertex 8.16688 12.2226 0
    endloop
  endfacet
  facet normal 0.146749 0.989174 -0
    outer loop
      vertex -1.44085 -14.6292 0
      vertex -2.86783 -14.4175 88
      vertex -1.44085 -14.6292 88
    endloop
  endfacet
  facet normal 0.146749 0.989174 0
    outer loop
      vertex -2.86783 -14.4175 88
      vertex -1.44085 -14.6292 0
      vertex -2.86783 -14.4175 0
    endloop
  endfacet
  facet normal 0.857741 0.514083 0
    outer loop
      vertex -12.2226 -8.16688 88
      vertex -12.9642 -6.92953 0
      vertex -12.9642 -6.92953 88
    endloop
  endfacet
  facet normal 0.857741 0.514083 0
    outer loop
      vertex -12.9642 -6.92953 0
      vertex -12.2226 -8.16688 88
      vertex -12.2226 -8.16688 0
    endloop
  endfacet
  facet normal -0.671554 -0.740955 0
    outer loop
      vertex 9.32558 11.3633 0
      vertex 10.3945 10.3945 88
      vertex 9.32558 11.3633 88
    endloop
  endfacet
  facet normal -0.671554 -0.740955 -0
    outer loop
      vertex 10.3945 10.3945 88
      vertex 9.32558 11.3633 0
      vertex 10.3945 10.3945 0
    endloop
  endfacet
  facet normal 0.903985 -0.427564 0
    outer loop
      vertex -13.581 5.62545 88
      vertex -12.9642 6.92953 0
      vertex -12.9642 6.92953 88
    endloop
  endfacet
  facet normal 0.903985 -0.427564 0
    outer loop
      vertex -12.9642 6.92953 0
      vertex -13.581 5.62545 88
      vertex -13.581 5.62545 0
    endloop
  endfacet
  facet normal 0.514083 -0.857741 0
    outer loop
      vertex -8.16688 12.2226 0
      vertex -6.92953 12.9642 88
      vertex -8.16688 12.2226 88
    endloop
  endfacet
  facet normal 0.514083 -0.857741 0
    outer loop
      vertex -6.92953 12.9642 88
      vertex -8.16688 12.2226 0
      vertex -6.92953 12.9642 0
    endloop
  endfacet
  facet normal 0.941543 -0.336892 0
    outer loop
      vertex -14.067 4.26718 88
      vertex -13.581 5.62545 0
      vertex -13.581 5.62545 88
    endloop
  endfacet
  facet normal 0.941543 -0.336892 0
    outer loop
      vertex -13.581 5.62545 0
      vertex -14.067 4.26718 88
      vertex -14.067 4.26718 0
    endloop
  endfacet
  facet normal 0.740955 0.671554 0
    outer loop
      vertex -10.3945 -10.3945 88
      vertex -11.3633 -9.32558 0
      vertex -11.3633 -9.32558 88
    endloop
  endfacet
  facet normal 0.740955 0.671554 0
    outer loop
      vertex -11.3633 -9.32558 0
      vertex -10.3945 -10.3945 88
      vertex -10.3945 -10.3945 0
    endloop
  endfacet
  facet normal 0.427564 0.903985 -0
    outer loop
      vertex -5.62545 -13.581 0
      vertex -6.92953 -12.9642 88
      vertex -5.62545 -13.581 88
    endloop
  endfacet
  facet normal 0.427564 0.903985 0
    outer loop
      vertex -6.92953 -12.9642 88
      vertex -5.62545 -13.581 0
      vertex -6.92953 -12.9642 0
    endloop
  endfacet
  facet normal 0.941543 0.336892 0
    outer loop
      vertex -13.581 -5.62545 88
      vertex -14.067 -4.26718 0
      vertex -14.067 -4.26718 88
    endloop
  endfacet
  facet normal 0.941543 0.336892 0
    outer loop
      vertex -14.067 -4.26718 0
      vertex -13.581 -5.62545 88
      vertex -13.581 -5.62545 0
    endloop
  endfacet
  facet normal 0.514083 0.857741 -0
    outer loop
      vertex -6.92953 -12.9642 0
      vertex -8.16688 -12.2226 88
      vertex -6.92953 -12.9642 88
    endloop
  endfacet
  facet normal 0.514083 0.857741 0
    outer loop
      vertex -8.16688 -12.2226 88
      vertex -6.92953 -12.9642 0
      vertex -8.16688 -12.2226 0
    endloop
  endfacet
  facet normal -0.0490784 -0.998795 0
    outer loop
      vertex 0 14.7 0
      vertex 1.44085 14.6292 88
      vertex 0 14.7 88
    endloop
  endfacet
  facet normal -0.0490784 -0.998795 -0
    outer loop
      vertex 1.44085 14.6292 88
      vertex 0 14.7 0
      vertex 1.44085 14.6292 0
    endloop
  endfacet
  facet normal -0.336892 -0.941543 0
    outer loop
      vertex 4.26718 14.067 0
      vertex 5.62545 13.581 88
      vertex 4.26718 14.067 88
    endloop
  endfacet
  facet normal -0.336892 -0.941543 -0
    outer loop
      vertex 5.62545 13.581 88
      vertex 4.26718 14.067 0
      vertex 5.62545 13.581 0
    endloop
  endfacet
  facet normal -0.146749 -0.989174 0
    outer loop
      vertex 1.44085 14.6292 0
      vertex 2.86783 14.4175 88
      vertex 1.44085 14.6292 88
    endloop
  endfacet
  facet normal -0.146749 -0.989174 -0
    outer loop
      vertex 2.86783 14.4175 88
      vertex 1.44085 14.6292 0
      vertex 2.86783 14.4175 0
    endloop
  endfacet
  facet normal 0.803224 0.595677 0
    outer loop
      vertex -11.3633 -9.32558 88
      vertex -12.2226 -8.16688 0
      vertex -12.2226 -8.16688 88
    endloop
  endfacet
  facet normal 0.803224 0.595677 0
    outer loop
      vertex -12.2226 -8.16688 0
      vertex -11.3633 -9.32558 88
      vertex -11.3633 -9.32558 0
    endloop
  endfacet
  facet normal 0.989174 0.146749 0
    outer loop
      vertex -14.4175 -2.86783 88
      vertex -14.6292 -1.44085 0
      vertex -14.6292 -1.44085 88
    endloop
  endfacet
  facet normal 0.989174 0.146749 0
    outer loop
      vertex -14.6292 -1.44085 0
      vertex -14.4175 -2.86783 88
      vertex -14.4175 -2.86783 0
    endloop
  endfacet
  facet normal 0.242968 0.970034 -0
    outer loop
      vertex -2.86783 -14.4175 0
      vertex -4.26718 -14.067 88
      vertex -2.86783 -14.4175 88
    endloop
  endfacet
  facet normal 0.242968 0.970034 0
    outer loop
      vertex -4.26718 -14.067 88
      vertex -2.86783 -14.4175 0
      vertex -4.26718 -14.067 0
    endloop
  endfacet
  facet normal -0.740955 -0.671554 0
    outer loop
      vertex 11.3633 9.32558 0
      vertex 10.3945 10.3945 88
      vertex 10.3945 10.3945 0
    endloop
  endfacet
  facet normal -0.740955 -0.671554 0
    outer loop
      vertex 10.3945 10.3945 88
      vertex 11.3633 9.32558 0
      vertex 11.3633 9.32558 88
    endloop
  endfacet
  facet normal 0.671554 0.740955 -0
    outer loop
      vertex -9.32558 -11.3633 0
      vertex -10.3945 -10.3945 88
      vertex -9.32558 -11.3633 88
    endloop
  endfacet
  facet normal 0.671554 0.740955 0
    outer loop
      vertex -10.3945 -10.3945 88
      vertex -9.32558 -11.3633 0
      vertex -10.3945 -10.3945 0
    endloop
  endfacet
  facet normal 0.803224 -0.595677 0
    outer loop
      vertex -12.2226 8.16688 88
      vertex -11.3633 9.32558 0
      vertex -11.3633 9.32558 88
    endloop
  endfacet
  facet normal 0.803224 -0.595677 0
    outer loop
      vertex -11.3633 9.32558 0
      vertex -12.2226 8.16688 88
      vertex -12.2226 8.16688 0
    endloop
  endfacet
  facet normal 0.857741 -0.514083 0
    outer loop
      vertex -12.9642 6.92953 88
      vertex -12.2226 8.16688 0
      vertex -12.2226 8.16688 88
    endloop
  endfacet
  facet normal 0.857741 -0.514083 0
    outer loop
      vertex -12.2226 8.16688 0
      vertex -12.9642 6.92953 88
      vertex -12.9642 6.92953 0
    endloop
  endfacet
  facet normal 0.0490784 0.998795 -0
    outer loop
      vertex 0 -14.7 0
      vertex -1.44085 -14.6292 88
      vertex 0 -14.7 88
    endloop
  endfacet
  facet normal 0.0490784 0.998795 0
    outer loop
      vertex -1.44085 -14.6292 88
      vertex 0 -14.7 0
      vertex -1.44085 -14.6292 0
    endloop
  endfacet
  facet normal 0.998795 -0.0490784 0
    outer loop
      vertex -14.7 0 88
      vertex -14.6292 1.44085 0
      vertex -14.6292 1.44085 88
    endloop
  endfacet
  facet normal 0.998795 -0.0490784 0
    outer loop
      vertex -14.6292 1.44085 0
      vertex -14.7 0 88
      vertex -14.7 0 0
    endloop
  endfacet
  facet normal -0.740955 0.671554 0
    outer loop
      vertex 10.3945 -10.3945 0
      vertex 11.3633 -9.32558 88
      vertex 11.3633 -9.32558 0
    endloop
  endfacet
  facet normal -0.740955 0.671554 0
    outer loop
      vertex 11.3633 -9.32558 88
      vertex 10.3945 -10.3945 0
      vertex 10.3945 -10.3945 88
    endloop
  endfacet
  facet normal -0.671554 0.740955 0
    outer loop
      vertex 10.3945 -10.3945 0
      vertex 9.32558 -11.3633 88
      vertex 10.3945 -10.3945 88
    endloop
  endfacet
  facet normal -0.671554 0.740955 0
    outer loop
      vertex 9.32558 -11.3633 88
      vertex 10.3945 -10.3945 0
      vertex 9.32558 -11.3633 0
    endloop
  endfacet
  facet normal -0.146726 0.989177 0
    outer loop
      vertex -3.88148 39.4093 0
      vertex -7.72558 38.8391 20
      vertex -3.88148 39.4093 20
    endloop
  endfacet
  facet normal -0.146726 0.989177 0
    outer loop
      vertex -7.72558 38.8391 20
      vertex -3.88148 39.4093 0
      vertex -7.72558 38.8391 0
    endloop
  endfacet
  facet normal 0.989177 0.146726 0
    outer loop
      vertex 39.4093 3.88148 20
      vertex 38.8391 7.72558 0
      vertex 38.8391 7.72558 20
    endloop
  endfacet
  facet normal 0.989177 0.146726 0
    outer loop
      vertex 38.8391 7.72558 0
      vertex 39.4093 3.88148 20
      vertex 39.4093 3.88148 0
    endloop
  endfacet
  facet normal 0.998795 0.0490716 0
    outer loop
      vertex 39.6 0 20
      vertex 39.4093 3.88148 0
      vertex 39.4093 3.88148 20
    endloop
  endfacet
  facet normal 0.998795 0.0490716 0
    outer loop
      vertex 39.4093 3.88148 0
      vertex 39.6 0 20
      vertex 39.6 0 0
    endloop
  endfacet
  facet normal 0.970029 0.242988 0
    outer loop
      vertex 38.8391 7.72558 20
      vertex 37.8948 11.4953 0
      vertex 37.8948 11.4953 20
    endloop
  endfacet
  facet normal 0.970029 0.242988 0
    outer loop
      vertex 37.8948 11.4953 0
      vertex 38.8391 7.72558 20
      vertex 38.8391 7.72558 0
    endloop
  endfacet
  facet normal 0.998795 -0.0490716 0
    outer loop
      vertex 39.4093 -3.88148 20
      vertex 39.6 0 0
      vertex 39.6 0 20
    endloop
  endfacet
  facet normal 0.998795 -0.0490716 0
    outer loop
      vertex 39.6 0 0
      vertex 39.4093 -3.88148 20
      vertex 39.4093 -3.88148 0
    endloop
  endfacet
  facet normal -0.336887 0.941545 0
    outer loop
      vertex -11.4953 37.8948 0
      vertex -15.1543 36.5856 20
      vertex -11.4953 37.8948 20
    endloop
  endfacet
  facet normal -0.336887 0.941545 0
    outer loop
      vertex -15.1543 36.5856 20
      vertex -11.4953 37.8948 0
      vertex -15.1543 36.5856 0
    endloop
  endfacet
  facet normal 0.941545 -0.336887 0
    outer loop
      vertex 36.5856 -15.1543 20
      vertex 37.8948 -11.4953 0
      vertex 37.8948 -11.4953 20
    endloop
  endfacet
  facet normal 0.941545 -0.336887 0
    outer loop
      vertex 37.8948 -11.4953 0
      vertex 36.5856 -15.1543 20
      vertex 36.5856 -15.1543 0
    endloop
  endfacet
  facet normal 0.671568 -0.740943 0
    outer loop
      vertex 25.122 -30.6112 0
      vertex 28.0014 -28.0014 20
      vertex 25.122 -30.6112 20
    endloop
  endfacet
  facet normal 0.671568 -0.740943 0
    outer loop
      vertex 28.0014 -28.0014 20
      vertex 25.122 -30.6112 0
      vertex 28.0014 -28.0014 0
    endloop
  endfacet
  facet normal 0.336887 0.941545 -0
    outer loop
      vertex 15.1543 36.5856 0
      vertex 11.4953 37.8948 20
      vertex 15.1543 36.5856 20
    endloop
  endfacet
  facet normal 0.336887 0.941545 0
    outer loop
      vertex 11.4953 37.8948 20
      vertex 15.1543 36.5856 0
      vertex 11.4953 37.8948 0
    endloop
  endfacet
  facet normal 0.803206 0.595701 0
    outer loop
      vertex 32.9262 22.0006 20
      vertex 30.6112 25.122 0
      vertex 30.6112 25.122 20
    endloop
  endfacet
  facet normal 0.803206 0.595701 0
    outer loop
      vertex 30.6112 25.122 0
      vertex 32.9262 22.0006 20
      vertex 32.9262 22.0006 0
    endloop
  endfacet
  facet normal 0.514102 0.857729 -0
    outer loop
      vertex 22.0006 32.9262 0
      vertex 18.6673 34.9241 20
      vertex 22.0006 32.9262 20
    endloop
  endfacet
  facet normal 0.514102 0.857729 0
    outer loop
      vertex 18.6673 34.9241 20
      vertex 22.0006 32.9262 0
      vertex 18.6673 34.9241 0
    endloop
  endfacet
  facet normal -0.146726 -0.989177 0
    outer loop
      vertex -7.72558 -38.8391 0
      vertex -3.88148 -39.4093 20
      vertex -7.72558 -38.8391 20
    endloop
  endfacet
  facet normal -0.146726 -0.989177 -0
    outer loop
      vertex -3.88148 -39.4093 20
      vertex -7.72558 -38.8391 0
      vertex -3.88148 -39.4093 0
    endloop
  endfacet
  facet normal 0.740943 -0.671568 0
    outer loop
      vertex 28.0014 -28.0014 20
      vertex 30.6112 -25.122 0
      vertex 30.6112 -25.122 20
    endloop
  endfacet
  facet normal 0.740943 -0.671568 0
    outer loop
      vertex 30.6112 -25.122 0
      vertex 28.0014 -28.0014 20
      vertex 28.0014 -28.0014 0
    endloop
  endfacet
  facet normal -0.242988 0.970029 0
    outer loop
      vertex -7.72558 38.8391 0
      vertex -11.4953 37.8948 20
      vertex -7.72558 38.8391 20
    endloop
  endfacet
  facet normal -0.242988 0.970029 0
    outer loop
      vertex -11.4953 37.8948 20
      vertex -7.72558 38.8391 0
      vertex -11.4953 37.8948 0
    endloop
  endfacet
  facet normal 0.0490716 -0.998795 0
    outer loop
      vertex 0 -39.6 0
      vertex 3.88148 -39.4093 20
      vertex 0 -39.6 20
    endloop
  endfacet
  facet normal 0.0490716 -0.998795 0
    outer loop
      vertex 3.88148 -39.4093 20
      vertex 0 -39.6 0
      vertex 3.88148 -39.4093 0
    endloop
  endfacet
  facet normal -0.42755 0.903992 0
    outer loop
      vertex -15.1543 36.5856 0
      vertex -18.6673 34.9241 20
      vertex -15.1543 36.5856 20
    endloop
  endfacet
  facet normal -0.42755 0.903992 0
    outer loop
      vertex -18.6673 34.9241 20
      vertex -15.1543 36.5856 0
      vertex -18.6673 34.9241 0
    endloop
  endfacet
  facet normal 0.903992 -0.42755 0
    outer loop
      vertex 34.9241 -18.6673 20
      vertex 36.5856 -15.1543 0
      vertex 36.5856 -15.1543 20
    endloop
  endfacet
  facet normal 0.903992 -0.42755 0
    outer loop
      vertex 36.5856 -15.1543 0
      vertex 34.9241 -18.6673 20
      vertex 34.9241 -18.6673 0
    endloop
  endfacet
  facet normal -0.803206 -0.595701 0
    outer loop
      vertex -30.6112 -25.122 0
      vertex -32.9262 -22.0006 20
      vertex -32.9262 -22.0006 0
    endloop
  endfacet
  facet normal -0.803206 -0.595701 0
    outer loop
      vertex -32.9262 -22.0006 20
      vertex -30.6112 -25.122 0
      vertex -30.6112 -25.122 20
    endloop
  endfacet
  facet normal 0.989177 -0.146726 0
    outer loop
      vertex 38.8391 -7.72558 20
      vertex 39.4093 -3.88148 0
      vertex 39.4093 -3.88148 20
    endloop
  endfacet
  facet normal 0.989177 -0.146726 0
    outer loop
      vertex 39.4093 -3.88148 0
      vertex 38.8391 -7.72558 20
      vertex 38.8391 -7.72558 0
    endloop
  endfacet
  facet normal -0.514102 -0.857729 0
    outer loop
      vertex -22.0006 -32.9262 0
      vertex -18.6673 -34.9241 20
      vertex -22.0006 -32.9262 20
    endloop
  endfacet
  facet normal -0.514102 -0.857729 -0
    outer loop
      vertex -18.6673 -34.9241 20
      vertex -22.0006 -32.9262 0
      vertex -18.6673 -34.9241 0
    endloop
  endfacet
  facet normal 0.0490716 0.998795 -0
    outer loop
      vertex 3.88148 39.4093 0
      vertex 0 39.6 20
      vertex 3.88148 39.4093 20
    endloop
  endfacet
  facet normal 0.0490716 0.998795 0
    outer loop
      vertex 0 39.6 20
      vertex 3.88148 39.4093 0
      vertex 0 39.6 0
    endloop
  endfacet
  facet normal 0 0 1
    outer loop
      vertex 38.1 0 20
      vertex 39.6 0 20
      vertex 39.4093 3.88148 20
    endloop
  endfacet
  facet normal 0 0 1
    outer loop
      vertex 37.9165 3.73445 20
      vertex 39.4093 3.88148 20
      vertex 38.8391 7.72558 20
    endloop
  endfacet
  facet normal 0 0 1
    outer loop
      vertex 39.6 0 20
      vertex 38.1 0 20
      vertex 39.4093 -3.88148 20
    endloop
  endfacet
  facet normal -0 0 1
    outer loop
      vertex 37.9165 -3.73445 20
      vertex 39.4093 -3.88148 20
      vertex 38.1 0 20
    endloop
  endfacet
  facet normal 0 0 1
    outer loop
      vertex 39.4093 3.88148 20
      vertex 37.9165 3.73445 20
      vertex 38.1 0 20
    endloop
  endfacet
  facet normal 0 0 1
    outer loop
      vertex 37.3679 7.43294 20
      vertex 38.8391 7.72558 20
      vertex 37.8948 11.4953 20
    endloop
  endfacet
  facet normal 0 0 1
    outer loop
      vertex 38.8391 7.72558 20
      vertex 37.3679 7.43294 20
      vertex 37.9165 3.73445 20
    endloop
  endfacet
  facet normal 0 0 1
    outer loop
      vertex 36.4594 11.0598 20
      vertex 37.8948 11.4953 20
      vertex 36.5856 15.1543 20
    endloop
  endfacet
  facet normal 0 0 1
    outer loop
      vertex 37.8948 11.4953 20
      vertex 36.4594 11.0598 20
      vertex 37.3679 7.43294 20
    endloop
  endfacet
  facet normal 0 0 1
    outer loop
      vertex 36.5856 15.1543 20
      vertex 35.1998 14.5802 20
      vertex 36.4594 11.0598 20
    endloop
  endfacet
  facet normal 0 0 1
    outer loop
      vertex 34.9241 18.6673 20
      vertex 35.1998 14.5802 20
      vertex 36.5856 15.1543 20
    endloop
  endfacet
  facet normal 0 0 1
    outer loop
      vertex 34.9241 18.6673 20
      vertex 33.6012 17.9602 20
      vertex 35.1998 14.5802 20
    endloop
  endfacet
  facet normal 0 0 1
    outer loop
      vertex 32.9262 22.0006 20
      vertex 33.6012 17.9602 20
      vertex 34.9241 18.6673 20
    endloop
  endfacet
  facet normal 0 0 1
    outer loop
      vertex 32.9262 22.0006 20
      vertex 31.679 21.1672 20
      vertex 33.6012 17.9602 20
    endloop
  endfacet
  facet normal 0 0 1
    outer loop
      vertex 30.6112 25.122 20
      vertex 31.679 21.1672 20
      vertex 32.9262 22.0006 20
    endloop
  endfacet
  facet normal 0 0 1
    outer loop
      vertex 30.6112 25.122 20
      vertex 29.4517 24.1704 20
      vertex 31.679 21.1672 20
    endloop
  endfacet
  facet normal 0 0 1
    outer loop
      vertex 28.0014 28.0014 20
      vertex 29.4517 24.1704 20
      vertex 30.6112 25.122 20
    endloop
  endfacet
  facet normal 0 0 1
    outer loop
      vertex 28.0014 28.0014 20
      vertex 26.9408 26.9408 20
      vertex 29.4517 24.1704 20
    endloop
  endfacet
  facet normal 0 0 1
    outer loop
      vertex 25.122 30.6112 20
      vertex 26.9408 26.9408 20
      vertex 28.0014 28.0014 20
    endloop
  endfacet
  facet normal 0 0 1
    outer loop
      vertex 25.122 30.6112 20
      vertex 24.1704 29.4517 20
      vertex 26.9408 26.9408 20
    endloop
  endfacet
  facet normal 0 0 1
    outer loop
      vertex 22.0006 32.9262 20
      vertex 24.1704 29.4517 20
      vertex 25.122 30.6112 20
    endloop
  endfacet
  facet normal 0 0 1
    outer loop
      vertex 22.0006 32.9262 20
      vertex 21.1672 31.679 20
      vertex 24.1704 29.4517 20
    endloop
  endfacet
  facet normal 0 0 1
    outer loop
      vertex 18.6673 34.9241 20
      vertex 21.1672 31.679 20
      vertex 22.0006 32.9262 20
    endloop
  endfacet
  facet normal 0 0 1
    outer loop
      vertex 18.6673 34.9241 20
      vertex 17.9602 33.6012 20
      vertex 21.1672 31.679 20
    endloop
  endfacet
  facet normal 0 0 1
    outer loop
      vertex 15.1543 36.5856 20
      vertex 17.9602 33.6012 20
      vertex 18.6673 34.9241 20
    endloop
  endfacet
  facet normal 0 0 1
    outer loop
      vertex 15.1543 36.5856 20
      vertex 14.5802 35.1998 20
      vertex 17.9602 33.6012 20
    endloop
  endfacet
  facet normal 0 0 1
    outer loop
      vertex 11.4953 37.8948 20
      vertex 14.5802 35.1998 20
      vertex 15.1543 36.5856 20
    endloop
  endfacet
  facet normal 0 0 1
    outer loop
      vertex 11.4953 37.8948 20
      vertex 11.0598 36.4594 20
      vertex 14.5802 35.1998 20
    endloop
  endfacet
  facet normal 0 0 1
    outer loop
      vertex 7.72558 38.8391 20
      vertex 11.0598 36.4594 20
      vertex 11.4953 37.8948 20
    endloop
  endfacet
  facet normal 0 0 1
    outer loop
      vertex 7.72558 38.8391 20
      vertex 7.43294 37.3679 20
      vertex 11.0598 36.4594 20
    endloop
  endfacet
  facet normal 0 0 1
    outer loop
      vertex 3.88148 39.4093 20
      vertex 7.43294 37.3679 20
      vertex 7.72558 38.8391 20
    endloop
  endfacet
  facet normal 0 0 1
    outer loop
      vertex 3.88148 39.4093 20
      vertex 3.73445 37.9165 20
      vertex 7.43294 37.3679 20
    endloop
  endfacet
  facet normal 0 0 1
    outer loop
      vertex 0 39.6 20
      vertex 3.73445 37.9165 20
      vertex 3.88148 39.4093 20
    endloop
  endfacet
  facet normal 0 0 1
    outer loop
      vertex 0 39.6 20
      vertex 0 38.1 20
      vertex 3.73445 37.9165 20
    endloop
  endfacet
  facet normal 0 0 1
    outer loop
      vertex 0 39.6 20
      vertex -3.73445 37.9165 20
      vertex 0 38.1 20
    endloop
  endfacet
  facet normal -0 0 1
    outer loop
      vertex -3.88148 39.4093 20
      vertex -3.73445 37.9165 20
      vertex 0 39.6 20
    endloop
  endfacet
  facet normal 0 0 1
    outer loop
      vertex -3.88148 39.4093 20
      vertex -7.43294 37.3679 20
      vertex -3.73445 37.9165 20
    endloop
  endfacet
  facet normal -0 0 1
    outer loop
      vertex -7.72558 38.8391 20
      vertex -7.43294 37.3679 20
      vertex -3.88148 39.4093 20
    endloop
  endfacet
  facet normal 0 0 1
    outer loop
      vertex -7.72558 38.8391 20
      vertex -11.0598 36.4594 20
      vertex -7.43294 37.3679 20
    endloop
  endfacet
  facet normal -0 0 1
    outer loop
      vertex -11.4953 37.8948 20
      vertex -11.0598 36.4594 20
      vertex -7.72558 38.8391 20
    endloop
  endfacet
  facet normal 0 0 1
    outer loop
      vertex -11.4953 37.8948 20
      vertex -14.5802 35.1998 20
      vertex -11.0598 36.4594 20
    endloop
  endfacet
  facet normal -0 0 1
    outer loop
      vertex -15.1543 36.5856 20
      vertex -14.5802 35.1998 20
      vertex -11.4953 37.8948 20
    endloop
  endfacet
  facet normal 0 0 1
    outer loop
      vertex -15.1543 36.5856 20
      vertex -17.9602 33.6012 20
      vertex -14.5802 35.1998 20
    endloop
  endfacet
  facet normal -0 0 1
    outer loop
      vertex -18.6673 34.9241 20
      vertex -17.9602 33.6012 20
      vertex -15.1543 36.5856 20
    endloop
  endfacet
  facet normal 0 0 1
    outer loop
      vertex -18.6673 34.9241 20
      vertex -21.1672 31.679 20
      vertex -17.9602 33.6012 20
    endloop
  endfacet
  facet normal -0 0 1
    outer loop
      vertex -22.0006 32.9262 20
      vertex -21.1672 31.679 20
      vertex -18.6673 34.9241 20
    endloop
  endfacet
  facet normal 0 0 1
    outer loop
      vertex -22.0006 32.9262 20
      vertex -24.1704 29.4517 20
      vertex -21.1672 31.679 20
    endloop
  endfacet
  facet normal -0 0 1
    outer loop
      vertex -25.122 30.6112 20
      vertex -24.1704 29.4517 20
      vertex -22.0006 32.9262 20
    endloop
  endfacet
  facet normal 0 0 1
    outer loop
      vertex -25.122 30.6112 20
      vertex -26.9408 26.9408 20
      vertex -24.1704 29.4517 20
    endloop
  endfacet
  facet normal -0 0 1
    outer loop
      vertex -28.0014 28.0014 20
      vertex -26.9408 26.9408 20
      vertex -25.122 30.6112 20
    endloop
  endfacet
  facet normal 0 0 1
    outer loop
      vertex -28.0014 28.0014 20
      vertex -29.4517 24.1704 20
      vertex -26.9408 26.9408 20
    endloop
  endfacet
  facet normal -0 0 1
    outer loop
      vertex -30.6112 25.122 20
      vertex -29.4517 24.1704 20
      vertex -28.0014 28.0014 20
    endloop
  endfacet
  facet normal 0 0 1
    outer loop
      vertex -30.6112 25.122 20
      vertex -31.679 21.1672 20
      vertex -29.4517 24.1704 20
    endloop
  endfacet
  facet normal -0 0 1
    outer loop
      vertex -32.9262 22.0006 20
      vertex -31.679 21.1672 20
      vertex -30.6112 25.122 20
    endloop
  endfacet
  facet normal 0 0 1
    outer loop
      vertex -32.9262 22.0006 20
      vertex -33.6012 17.9602 20
      vertex -31.679 21.1672 20
    endloop
  endfacet
  facet normal -0 0 1
    outer loop
      vertex -34.9241 18.6673 20
      vertex -33.6012 17.9602 20
      vertex -32.9262 22.0006 20
    endloop
  endfacet
  facet normal 0 0 1
    outer loop
      vertex -34.9241 18.6673 20
      vertex -35.1998 14.5802 20
      vertex -33.6012 17.9602 20
    endloop
  endfacet
  facet normal -0 0 1
    outer loop
      vertex -36.5856 15.1543 20
      vertex -35.1998 14.5802 20
      vertex -34.9241 18.6673 20
    endloop
  endfacet
  facet normal 0 0 1
    outer loop
      vertex -35.1998 14.5802 20
      vertex -36.5856 15.1543 20
      vertex -36.4594 11.0598 20
    endloop
  endfacet
  facet normal -0 0 1
    outer loop
      vertex -37.8948 11.4953 20
      vertex -36.4594 11.0598 20
      vertex -36.5856 15.1543 20
    endloop
  endfacet
  facet normal 0 0 1
    outer loop
      vertex -36.4594 11.0598 20
      vertex -37.8948 11.4953 20
      vertex -37.3679 7.43294 20
    endloop
  endfacet
  facet normal -0 0 1
    outer loop
      vertex -38.8391 7.72558 20
      vertex -37.3679 7.43294 20
      vertex -37.8948 11.4953 20
    endloop
  endfacet
  facet normal 0 0 1
    outer loop
      vertex -37.3679 7.43294 20
      vertex -38.8391 7.72558 20
      vertex -37.9165 3.73445 20
    endloop
  endfacet
  facet normal -0 0 1
    outer loop
      vertex -39.4093 3.88148 20
      vertex -37.9165 3.73445 20
      vertex -38.8391 7.72558 20
    endloop
  endfacet
  facet normal 0 0 1
    outer loop
      vertex 39.4093 -3.88148 20
      vertex 37.9165 -3.73445 20
      vertex 38.8391 -7.72558 20
    endloop
  endfacet
  facet normal -0 0 1
    outer loop
      vertex 37.3679 -7.43294 20
      vertex 38.8391 -7.72558 20
      vertex 37.9165 -3.73445 20
    endloop
  endfacet
  facet normal 0 0 1
    outer loop
      vertex 38.8391 -7.72558 20
      vertex 37.3679 -7.43294 20
      vertex 37.8948 -11.4953 20
    endloop
  endfacet
  facet normal -0 0 1
    outer loop
      vertex 36.4594 -11.0598 20
      vertex 37.8948 -11.4953 20
      vertex 37.3679 -7.43294 20
    endloop
  endfacet
  facet normal 0 0 1
    outer loop
      vertex 37.8948 -11.4953 20
      vertex 36.4594 -11.0598 20
      vertex 36.5856 -15.1543 20
    endloop
  endfacet
  facet normal -0 0 1
    outer loop
      vertex 35.1998 -14.5802 20
      vertex 36.5856 -15.1543 20
      vertex 36.4594 -11.0598 20
    endloop
  endfacet
  facet normal 0 0 1
    outer loop
      vertex 35.1998 -14.5802 20
      vertex 34.9241 -18.6673 20
      vertex 36.5856 -15.1543 20
    endloop
  endfacet
  facet normal -0 0 1
    outer loop
      vertex 33.6012 -17.9602 20
      vertex 34.9241 -18.6673 20
      vertex 35.1998 -14.5802 20
    endloop
  endfacet
  facet normal 0 0 1
    outer loop
      vertex 33.6012 -17.9602 20
      vertex 32.9262 -22.0006 20
      vertex 34.9241 -18.6673 20
    endloop
  endfacet
  facet normal -0 0 1
    outer loop
      vertex 31.679 -21.1672 20
      vertex 32.9262 -22.0006 20
      vertex 33.6012 -17.9602 20
    endloop
  endfacet
  facet normal 0 0 1
    outer loop
      vertex 31.679 -21.1672 20
      vertex 30.6112 -25.122 20
      vertex 32.9262 -22.0006 20
    endloop
  endfacet
  facet normal -0 0 1
    outer loop
      vertex 29.4517 -24.1704 20
      vertex 30.6112 -25.122 20
      vertex 31.679 -21.1672 20
    endloop
  endfacet
  facet normal 0 0 1
    outer loop
      vertex 29.4517 -24.1704 20
      vertex 28.0014 -28.0014 20
      vertex 30.6112 -25.122 20
    endloop
  endfacet
  facet normal -0 0 1
    outer loop
      vertex 26.9408 -26.9408 20
      vertex 28.0014 -28.0014 20
      vertex 29.4517 -24.1704 20
    endloop
  endfacet
  facet normal 0 0 1
    outer loop
      vertex 26.9408 -26.9408 20
      vertex 25.122 -30.6112 20
      vertex 28.0014 -28.0014 20
    endloop
  endfacet
  facet normal -0 0 1
    outer loop
      vertex 24.1704 -29.4517 20
      vertex 25.122 -30.6112 20
      vertex 26.9408 -26.9408 20
    endloop
  endfacet
  facet normal 0 0 1
    outer loop
      vertex 24.1704 -29.4517 20
      vertex 22.0006 -32.9262 20
      vertex 25.122 -30.6112 20
    endloop
  endfacet
  facet normal -0 0 1
    outer loop
      vertex 21.1672 -31.679 20
      vertex 22.0006 -32.9262 20
      vertex 24.1704 -29.4517 20
    endloop
  endfacet
  facet normal 0 0 1
    outer loop
      vertex 21.1672 -31.679 20
      vertex 18.6673 -34.9241 20
      vertex 22.0006 -32.9262 20
    endloop
  endfacet
  facet normal -0 0 1
    outer loop
      vertex 17.9602 -33.6012 20
      vertex 18.6673 -34.9241 20
      vertex 21.1672 -31.679 20
    endloop
  endfacet
  facet normal 0 0 1
    outer loop
      vertex 17.9602 -33.6012 20
      vertex 15.1543 -36.5856 20
      vertex 18.6673 -34.9241 20
    endloop
  endfacet
  facet normal -0 0 1
    outer loop
      vertex 14.5802 -35.1998 20
      vertex 15.1543 -36.5856 20
      vertex 17.9602 -33.6012 20
    endloop
  endfacet
  facet normal 0 0 1
    outer loop
      vertex 14.5802 -35.1998 20
      vertex 11.4953 -37.8948 20
      vertex 15.1543 -36.5856 20
    endloop
  endfacet
  facet normal -0 0 1
    outer loop
      vertex 11.0598 -36.4594 20
      vertex 11.4953 -37.8948 20
      vertex 14.5802 -35.1998 20
    endloop
  endfacet
  facet normal 0 0 1
    outer loop
      vertex 11.0598 -36.4594 20
      vertex 7.72558 -38.8391 20
      vertex 11.4953 -37.8948 20
    endloop
  endfacet
  facet normal -0 0 1
    outer loop
      vertex 7.43294 -37.3679 20
      vertex 7.72558 -38.8391 20
      vertex 11.0598 -36.4594 20
    endloop
  endfacet
  facet normal 0 0 1
    outer loop
      vertex 7.43294 -37.3679 20
      vertex 3.88148 -39.4093 20
      vertex 7.72558 -38.8391 20
    endloop
  endfacet
  facet normal -0 0 1
    outer loop
      vertex 3.73445 -37.9165 20
      vertex 3.88148 -39.4093 20
      vertex 7.43294 -37.3679 20
    endloop
  endfacet
  facet normal -0 0 1
    outer loop
      vertex 0 -38.1 20
      vertex 3.88148 -39.4093 20
      vertex 3.73445 -37.9165 20
    endloop
  endfacet
  facet normal 0 0 1
    outer loop
      vertex 0 -38.1 20
      vertex 0 -39.6 20
      vertex 3.88148 -39.4093 20
    endloop
  endfacet
  facet normal 0 0 1
    outer loop
      vertex -3.73445 -37.9165 20
      vertex 0 -39.6 20
      vertex 0 -38.1 20
    endloop
  endfacet
  facet normal 0 0 1
    outer loop
      vertex -3.73445 -37.9165 20
      vertex -3.88148 -39.4093 20
      vertex 0 -39.6 20
    endloop
  endfacet
  facet normal 0 0 1
    outer loop
      vertex -7.43294 -37.3679 20
      vertex -3.88148 -39.4093 20
      vertex -3.73445 -37.9165 20
    endloop
  endfacet
  facet normal 0 0 1
    outer loop
      vertex -7.43294 -37.3679 20
      vertex -7.72558 -38.8391 20
      vertex -3.88148 -39.4093 20
    endloop
  endfacet
  facet normal 0 0 1
    outer loop
      vertex -11.0598 -36.4594 20
      vertex -7.72558 -38.8391 20
      vertex -7.43294 -37.3679 20
    endloop
  endfacet
  facet normal 0 0 1
    outer loop
      vertex -11.0598 -36.4594 20
      vertex -11.4953 -37.8948 20
      vertex -7.72558 -38.8391 20
    endloop
  endfacet
  facet normal 0 0 1
    outer loop
      vertex -14.5802 -35.1998 20
      vertex -11.4953 -37.8948 20
      vertex -11.0598 -36.4594 20
    endloop
  endfacet
  facet normal 0 0 1
    outer loop
      vertex -14.5802 -35.1998 20
      vertex -15.1543 -36.5856 20
      vertex -11.4953 -37.8948 20
    endloop
  endfacet
  facet normal 0 0 1
    outer loop
      vertex -17.9602 -33.6012 20
      vertex -15.1543 -36.5856 20
      vertex -14.5802 -35.1998 20
    endloop
  endfacet
  facet normal 0 0 1
    outer loop
      vertex -17.9602 -33.6012 20
      vertex -18.6673 -34.9241 20
      vertex -15.1543 -36.5856 20
    endloop
  endfacet
  facet normal 0 0 1
    outer loop
      vertex -21.1672 -31.679 20
      vertex -18.6673 -34.9241 20
      vertex -17.9602 -33.6012 20
    endloop
  endfacet
  facet normal 0 0 1
    outer loop
      vertex -21.1672 -31.679 20
      vertex -22.0006 -32.9262 20
      vertex -18.6673 -34.9241 20
    endloop
  endfacet
  facet normal 0 0 1
    outer loop
      vertex -24.1704 -29.4517 20
      vertex -22.0006 -32.9262 20
      vertex -21.1672 -31.679 20
    endloop
  endfacet
  facet normal 0 0 1
    outer loop
      vertex -24.1704 -29.4517 20
      vertex -25.122 -30.6112 20
      vertex -22.0006 -32.9262 20
    endloop
  endfacet
  facet normal 0 0 1
    outer loop
      vertex -26.9408 -26.9408 20
      vertex -25.122 -30.6112 20
      vertex -24.1704 -29.4517 20
    endloop
  endfacet
  facet normal 0 0 1
    outer loop
      vertex -26.9408 -26.9408 20
      vertex -28.0014 -28.0014 20
      vertex -25.122 -30.6112 20
    endloop
  endfacet
  facet normal 0 0 1
    outer loop
      vertex -29.4517 -24.1704 20
      vertex -28.0014 -28.0014 20
      vertex -26.9408 -26.9408 20
    endloop
  endfacet
  facet normal 0 0 1
    outer loop
      vertex -29.4517 -24.1704 20
      vertex -30.6112 -25.122 20
      vertex -28.0014 -28.0014 20
    endloop
  endfacet
  facet normal 0 0 1
    outer loop
      vertex -31.679 -21.1672 20
      vertex -30.6112 -25.122 20
      vertex -29.4517 -24.1704 20
    endloop
  endfacet
  facet normal 0 0 1
    outer loop
      vertex -31.679 -21.1672 20
      vertex -32.9262 -22.0006 20
      vertex -30.6112 -25.122 20
    endloop
  endfacet
  facet normal 0 0 1
    outer loop
      vertex -33.6012 -17.9602 20
      vertex -32.9262 -22.0006 20
      vertex -31.679 -21.1672 20
    endloop
  endfacet
  facet normal 0 0 1
    outer loop
      vertex -33.6012 -17.9602 20
      vertex -34.9241 -18.6673 20
      vertex -32.9262 -22.0006 20
    endloop
  endfacet
  facet normal 0 0 1
    outer loop
      vertex -35.1998 -14.5802 20
      vertex -34.9241 -18.6673 20
      vertex -33.6012 -17.9602 20
    endloop
  endfacet
  facet normal 0 0 1
    outer loop
      vertex -36.5856 -15.1543 20
      vertex -35.1998 -14.5802 20
      vertex -36.4594 -11.0598 20
    endloop
  endfacet
  facet normal 0 0 1
    outer loop
      vertex -35.1998 -14.5802 20
      vertex -36.5856 -15.1543 20
      vertex -34.9241 -18.6673 20
    endloop
  endfacet
  facet normal 0 0 1
    outer loop
      vertex -37.8948 -11.4953 20
      vertex -36.4594 -11.0598 20
      vertex -37.3679 -7.43294 20
    endloop
  endfacet
  facet normal 0 0 1
    outer loop
      vertex -36.4594 -11.0598 20
      vertex -37.8948 -11.4953 20
      vertex -36.5856 -15.1543 20
    endloop
  endfacet
  facet normal 0 0 1
    outer loop
      vertex -38.8391 -7.72558 20
      vertex -37.3679 -7.43294 20
      vertex -37.9165 -3.73445 20
    endloop
  endfacet
  facet normal 0 0 1
    outer loop
      vertex -39.4093 -3.88148 20
      vertex -37.9165 -3.73445 20
      vertex -38.1 0 20
    endloop
  endfacet
  facet normal 0 0 1
    outer loop
      vertex -37.9165 3.73445 20
      vertex -39.4093 3.88148 20
      vertex -38.1 0 20
    endloop
  endfacet
  facet normal 0 0 1
    outer loop
      vertex -37.3679 -7.43294 20
      vertex -38.8391 -7.72558 20
      vertex -37.8948 -11.4953 20
    endloop
  endfacet
  facet normal 0 0 1
    outer loop
      vertex -39.6 0 20
      vertex -38.1 0 20
      vertex -39.4093 3.88148 20
    endloop
  endfacet
  facet normal 0 0 1
    outer loop
      vertex -37.9165 -3.73445 20
      vertex -39.4093 -3.88148 20
      vertex -38.8391 -7.72558 20
    endloop
  endfacet
  facet normal 0 0 1
    outer loop
      vertex -38.1 0 20
      vertex -39.6 0 20
      vertex -39.4093 -3.88148 20
    endloop
  endfacet
  facet normal 0 0 -1
    outer loop
      vertex -1.25 -37.9386 20
      vertex -3.57763 -36.3242 20
      vertex -1.25 -36.4386 20
    endloop
  endfacet
  facet normal 0 0 -1
    outer loop
      vertex -3.72465 -37.817 20
      vertex -3.57763 -36.3242 20
      vertex -1.25 -37.9386 20
    endloop
  endfacet
  facet normal 0 0 -1
    outer loop
      vertex -3.72465 -37.817 20
      vertex -7.1208 -35.7987 20
      vertex -3.57763 -36.3242 20
    endloop
  endfacet
  facet normal 0 0 -1
    outer loop
      vertex -7.41343 -37.2698 20
      vertex -7.1208 -35.7987 20
      vertex -3.72465 -37.817 20
    endloop
  endfacet
  facet normal 0 0 -1
    outer loop
      vertex -7.41343 -37.2698 20
      vertex -10.5954 -34.9283 20
      vertex -7.1208 -35.7987 20
    endloop
  endfacet
  facet normal 0 0 -1
    outer loop
      vertex -11.0308 -36.3637 20
      vertex -10.5954 -34.9283 20
      vertex -7.41343 -37.2698 20
    endloop
  endfacet
  facet normal 0 0 -1
    outer loop
      vertex -11.0308 -36.3637 20
      vertex -13.9679 -33.7216 20
      vertex -10.5954 -34.9283 20
    endloop
  endfacet
  facet normal 0 0 -1
    outer loop
      vertex -14.542 -35.1074 20
      vertex -13.9679 -33.7216 20
      vertex -11.0308 -36.3637 20
    endloop
  endfacet
  facet normal 0 0 -1
    outer loop
      vertex -14.542 -35.1074 20
      vertex -17.206 -32.1901 20
      vertex -13.9679 -33.7216 20
    endloop
  endfacet
  facet normal 0 0 -1
    outer loop
      vertex -17.9131 -33.513 20
      vertex -17.206 -32.1901 20
      vertex -14.542 -35.1074 20
    endloop
  endfacet
  facet normal 0 0 -1
    outer loop
      vertex -17.9131 -33.513 20
      vertex -20.2783 -30.3486 20
      vertex -17.206 -32.1901 20
    endloop
  endfacet
  facet normal 0 0 -1
    outer loop
      vertex -21.1117 -31.5958 20
      vertex -20.2783 -30.3486 20
      vertex -17.9131 -33.513 20
    endloop
  endfacet
  facet normal 0 0 -1
    outer loop
      vertex -21.1117 -31.5958 20
      vertex -23.1554 -28.2149 20
      vertex -20.2783 -30.3486 20
    endloop
  endfacet
  facet normal 0 0 -1
    outer loop
      vertex -24.1069 -29.3744 20
      vertex -23.1554 -28.2149 20
      vertex -21.1117 -31.5958 20
    endloop
  endfacet
  facet normal 0 0 -1
    outer loop
      vertex -24.1069 -29.3744 20
      vertex -25.8094 -25.8094 20
      vertex -23.1554 -28.2149 20
    endloop
  endfacet
  facet normal 0 0 -1
    outer loop
      vertex -26.8701 -26.8701 20
      vertex -25.8094 -25.8094 20
      vertex -24.1069 -29.3744 20
    endloop
  endfacet
  facet normal 0 0 -1
    outer loop
      vertex -26.8701 -26.8701 20
      vertex -28.2149 -23.1554 20
      vertex -25.8094 -25.8094 20
    endloop
  endfacet
  facet normal 0 0 -1
    outer loop
      vertex -29.3744 -24.1069 20
      vertex -28.2149 -23.1554 20
      vertex -26.8701 -26.8701 20
    endloop
  endfacet
  facet normal 0 0 -1
    outer loop
      vertex -29.3744 -24.1069 20
      vertex -30.3486 -20.2783 20
      vertex -28.2149 -23.1554 20
    endloop
  endfacet
  facet normal 0 0 -1
    outer loop
      vertex -31.5958 -21.1117 20
      vertex -30.3486 -20.2783 20
      vertex -29.3744 -24.1069 20
    endloop
  endfacet
  facet normal 0 0 -1
    outer loop
      vertex -31.5958 -21.1117 20
      vertex -32.1901 -17.206 20
      vertex -30.3486 -20.2783 20
    endloop
  endfacet
  facet normal 0 0 -1
    outer loop
      vertex -33.513 -17.9131 20
      vertex -32.1901 -17.206 20
      vertex -31.5958 -21.1117 20
    endloop
  endfacet
  facet normal 0 0 -1
    outer loop
      vertex -33.513 -17.9131 20
      vertex -33.7216 -13.9679 20
      vertex -32.1901 -17.206 20
    endloop
  endfacet
  facet normal 0 0 -1
    outer loop
      vertex -35.1074 -14.542 20
      vertex -33.7216 -13.9679 20
      vertex -33.513 -17.9131 20
    endloop
  endfacet
  facet normal -0 0 -1
    outer loop
      vertex -33.7216 -13.9679 20
      vertex -35.1074 -14.542 20
      vertex -34.9283 -10.5954 20
    endloop
  endfacet
  facet normal 0 0 -1
    outer loop
      vertex -36.3637 -11.0308 20
      vertex -34.9283 -10.5954 20
      vertex -35.1074 -14.542 20
    endloop
  endfacet
  facet normal -0 0 -1
    outer loop
      vertex -34.9283 -10.5954 20
      vertex -36.3637 -11.0308 20
      vertex -35.7987 -7.1208 20
    endloop
  endfacet
  facet normal 0 0 -1
    outer loop
      vertex -37.2698 -7.41343 20
      vertex -35.7987 -7.1208 20
      vertex -36.3637 -11.0308 20
    endloop
  endfacet
  facet normal -0 0 -1
    outer loop
      vertex -35.7987 -7.1208 20
      vertex -37.2698 -7.41343 20
      vertex -36.3242 -3.57763 20
    endloop
  endfacet
  facet normal 0 0 -1
    outer loop
      vertex -37.817 -3.72465 20
      vertex -36.3242 -3.57763 20
      vertex -37.2698 -7.41343 20
    endloop
  endfacet
  facet normal -0 0 -1
    outer loop
      vertex -36.3242 -3.57763 20
      vertex -37.817 -3.72465 20
      vertex -36.4386 -1.25 20
    endloop
  endfacet
  facet normal -0 0 -1
    outer loop
      vertex -36.4386 -1.25 20
      vertex -37.817 -3.72465 20
      vertex -37.9386 -1.25 20
    endloop
  endfacet
  facet normal 0 0 -1
    outer loop
      vertex -3.57763 36.3242 20
      vertex -1.25 37.9386 20
      vertex -1.25 36.4386 20
    endloop
  endfacet
  facet normal 0 0 -1
    outer loop
      vertex -3.57763 36.3242 20
      vertex -3.72465 37.817 20
      vertex -1.25 37.9386 20
    endloop
  endfacet
  facet normal 0 0 -1
    outer loop
      vertex -7.1208 35.7987 20
      vertex -3.72465 37.817 20
      vertex -3.57763 36.3242 20
    endloop
  endfacet
  facet normal 0 0 -1
    outer loop
      vertex -7.1208 35.7987 20
      vertex -7.41343 37.2698 20
      vertex -3.72465 37.817 20
    endloop
  endfacet
  facet normal 0 0 -1
    outer loop
      vertex -10.5954 34.9283 20
      vertex -7.41343 37.2698 20
      vertex -7.1208 35.7987 20
    endloop
  endfacet
  facet normal 0 0 -1
    outer loop
      vertex -10.5954 34.9283 20
      vertex -11.0308 36.3637 20
      vertex -7.41343 37.2698 20
    endloop
  endfacet
  facet normal 0 0 -1
    outer loop
      vertex -13.9679 33.7216 20
      vertex -11.0308 36.3637 20
      vertex -10.5954 34.9283 20
    endloop
  endfacet
  facet normal 0 0 -1
    outer loop
      vertex -13.9679 33.7216 20
      vertex -14.542 35.1074 20
      vertex -11.0308 36.3637 20
    endloop
  endfacet
  facet normal 0 0 -1
    outer loop
      vertex -17.206 32.1901 20
      vertex -14.542 35.1074 20
      vertex -13.9679 33.7216 20
    endloop
  endfacet
  facet normal 0 0 -1
    outer loop
      vertex -17.206 32.1901 20
      vertex -17.9131 33.513 20
      vertex -14.542 35.1074 20
    endloop
  endfacet
  facet normal 0 0 -1
    outer loop
      vertex -20.2783 30.3486 20
      vertex -17.9131 33.513 20
      vertex -17.206 32.1901 20
    endloop
  endfacet
  facet normal 0 0 -1
    outer loop
      vertex -20.2783 30.3486 20
      vertex -21.1117 31.5958 20
      vertex -17.9131 33.513 20
    endloop
  endfacet
  facet normal 0 0 -1
    outer loop
      vertex -23.1554 28.2149 20
      vertex -21.1117 31.5958 20
      vertex -20.2783 30.3486 20
    endloop
  endfacet
  facet normal 0 0 -1
    outer loop
      vertex -23.1554 28.2149 20
      vertex -24.1069 29.3744 20
      vertex -21.1117 31.5958 20
    endloop
  endfacet
  facet normal 0 0 -1
    outer loop
      vertex -25.8094 25.8094 20
      vertex -24.1069 29.3744 20
      vertex -23.1554 28.2149 20
    endloop
  endfacet
  facet normal 0 0 -1
    outer loop
      vertex -25.8094 25.8094 20
      vertex -26.8701 26.8701 20
      vertex -24.1069 29.3744 20
    endloop
  endfacet
  facet normal 0 0 -1
    outer loop
      vertex -28.2149 23.1554 20
      vertex -26.8701 26.8701 20
      vertex -25.8094 25.8094 20
    endloop
  endfacet
  facet normal 0 0 -1
    outer loop
      vertex -28.2149 23.1554 20
      vertex -29.3744 24.1069 20
      vertex -26.8701 26.8701 20
    endloop
  endfacet
  facet normal 0 0 -1
    outer loop
      vertex -30.3486 20.2783 20
      vertex -29.3744 24.1069 20
      vertex -28.2149 23.1554 20
    endloop
  endfacet
  facet normal 0 0 -1
    outer loop
      vertex -30.3486 20.2783 20
      vertex -31.5958 21.1117 20
      vertex -29.3744 24.1069 20
    endloop
  endfacet
  facet normal 0 0 -1
    outer loop
      vertex -32.1901 17.206 20
      vertex -31.5958 21.1117 20
      vertex -30.3486 20.2783 20
    endloop
  endfacet
  facet normal 0 0 -1
    outer loop
      vertex -32.1901 17.206 20
      vertex -33.513 17.9131 20
      vertex -31.5958 21.1117 20
    endloop
  endfacet
  facet normal 0 0 -1
    outer loop
      vertex -33.7216 13.9679 20
      vertex -33.513 17.9131 20
      vertex -32.1901 17.206 20
    endloop
  endfacet
  facet normal 0 0 -1
    outer loop
      vertex -35.1074 14.542 20
      vertex -33.7216 13.9679 20
      vertex -34.9283 10.5954 20
    endloop
  endfacet
  facet normal 0 0 -1
    outer loop
      vertex -33.7216 13.9679 20
      vertex -35.1074 14.542 20
      vertex -33.513 17.9131 20
    endloop
  endfacet
  facet normal 0 0 -1
    outer loop
      vertex -36.3637 11.0308 20
      vertex -34.9283 10.5954 20
      vertex -35.7987 7.1208 20
    endloop
  endfacet
  facet normal 0 0 -1
    outer loop
      vertex -37.2698 7.41343 20
      vertex -35.7987 7.1208 20
      vertex -36.3242 3.57763 20
    endloop
  endfacet
  facet normal 0 0 -1
    outer loop
      vertex -34.9283 10.5954 20
      vertex -36.3637 11.0308 20
      vertex -35.1074 14.542 20
    endloop
  endfacet
  facet normal 0 0 -1
    outer loop
      vertex -37.817 3.72465 20
      vertex -36.3242 3.57763 20
      vertex -36.4386 1.25 20
    endloop
  endfacet
  facet normal 0 0 -1
    outer loop
      vertex -35.7987 7.1208 20
      vertex -37.2698 7.41343 20
      vertex -36.3637 11.0308 20
    endloop
  endfacet
  facet normal 0 0 -1
    outer loop
      vertex -36.3242 3.57763 20
      vertex -37.817 3.72465 20
      vertex -37.2698 7.41343 20
    endloop
  endfacet
  facet normal 0 -0 -1
    outer loop
      vertex -37.817 3.72465 20
      vertex -36.4386 1.25 20
      vertex -37.9386 1.25 20
    endloop
  endfacet
  facet normal 0 0 -1
    outer loop
      vertex 36.3242 -3.57763 20
      vertex 37.817 -3.72465 20
      vertex 37.2698 -7.41343 20
    endloop
  endfacet
  facet normal 0 0 -1
    outer loop
      vertex 37.817 -3.72465 20
      vertex 36.3242 -3.57763 20
      vertex 37.9386 -1.25 20
    endloop
  endfacet
  facet normal 0 0 -1
    outer loop
      vertex 35.7987 -7.1208 20
      vertex 37.2698 -7.41343 20
      vertex 36.3637 -11.0308 20
    endloop
  endfacet
  facet normal -0 0 -1
    outer loop
      vertex 37.9386 -1.25 20
      vertex 36.3242 -3.57763 20
      vertex 36.4386 -1.25 20
    endloop
  endfacet
  facet normal 0 0 -1
    outer loop
      vertex 37.2698 -7.41343 20
      vertex 35.7987 -7.1208 20
      vertex 36.3242 -3.57763 20
    endloop
  endfacet
  facet normal 0 0 -1
    outer loop
      vertex 34.9283 -10.5954 20
      vertex 36.3637 -11.0308 20
      vertex 35.1074 -14.542 20
    endloop
  endfacet
  facet normal 0 0 -1
    outer loop
      vertex 36.3637 -11.0308 20
      vertex 34.9283 -10.5954 20
      vertex 35.7987 -7.1208 20
    endloop
  endfacet
  facet normal 0 0 -1
    outer loop
      vertex 35.1074 -14.542 20
      vertex 33.7216 -13.9679 20
      vertex 34.9283 -10.5954 20
    endloop
  endfacet
  facet normal 0 0 -1
    outer loop
      vertex 33.513 -17.9131 20
      vertex 33.7216 -13.9679 20
      vertex 35.1074 -14.542 20
    endloop
  endfacet
  facet normal 0 0 -1
    outer loop
      vertex 33.513 -17.9131 20
      vertex 32.1901 -17.206 20
      vertex 33.7216 -13.9679 20
    endloop
  endfacet
  facet normal 0 0 -1
    outer loop
      vertex 31.5958 -21.1117 20
      vertex 32.1901 -17.206 20
      vertex 33.513 -17.9131 20
    endloop
  endfacet
  facet normal 0 0 -1
    outer loop
      vertex 31.5958 -21.1117 20
      vertex 30.3486 -20.2783 20
      vertex 32.1901 -17.206 20
    endloop
  endfacet
  facet normal 0 0 -1
    outer loop
      vertex 29.3744 -24.1069 20
      vertex 30.3486 -20.2783 20
      vertex 31.5958 -21.1117 20
    endloop
  endfacet
  facet normal 0 0 -1
    outer loop
      vertex 29.3744 -24.1069 20
      vertex 28.2149 -23.1554 20
      vertex 30.3486 -20.2783 20
    endloop
  endfacet
  facet normal 0 0 -1
    outer loop
      vertex 26.8701 -26.8701 20
      vertex 28.2149 -23.1554 20
      vertex 29.3744 -24.1069 20
    endloop
  endfacet
  facet normal 0 0 -1
    outer loop
      vertex 26.8701 -26.8701 20
      vertex 25.8094 -25.8094 20
      vertex 28.2149 -23.1554 20
    endloop
  endfacet
  facet normal 0 0 -1
    outer loop
      vertex 24.1069 -29.3744 20
      vertex 25.8094 -25.8094 20
      vertex 26.8701 -26.8701 20
    endloop
  endfacet
  facet normal 0 0 -1
    outer loop
      vertex 24.1069 -29.3744 20
      vertex 23.1554 -28.2149 20
      vertex 25.8094 -25.8094 20
    endloop
  endfacet
  facet normal 0 0 -1
    outer loop
      vertex 21.1117 -31.5958 20
      vertex 23.1554 -28.2149 20
      vertex 24.1069 -29.3744 20
    endloop
  endfacet
  facet normal 0 0 -1
    outer loop
      vertex 21.1117 -31.5958 20
      vertex 20.2783 -30.3486 20
      vertex 23.1554 -28.2149 20
    endloop
  endfacet
  facet normal 0 0 -1
    outer loop
      vertex 17.9131 -33.513 20
      vertex 20.2783 -30.3486 20
      vertex 21.1117 -31.5958 20
    endloop
  endfacet
  facet normal 0 0 -1
    outer loop
      vertex 17.9131 -33.513 20
      vertex 17.206 -32.1901 20
      vertex 20.2783 -30.3486 20
    endloop
  endfacet
  facet normal 0 0 -1
    outer loop
      vertex 14.542 -35.1074 20
      vertex 17.206 -32.1901 20
      vertex 17.9131 -33.513 20
    endloop
  endfacet
  facet normal 0 0 -1
    outer loop
      vertex 14.542 -35.1074 20
      vertex 13.9679 -33.7216 20
      vertex 17.206 -32.1901 20
    endloop
  endfacet
  facet normal 0 0 -1
    outer loop
      vertex 11.0308 -36.3637 20
      vertex 13.9679 -33.7216 20
      vertex 14.542 -35.1074 20
    endloop
  endfacet
  facet normal 0 0 -1
    outer loop
      vertex 11.0308 -36.3637 20
      vertex 10.5954 -34.9283 20
      vertex 13.9679 -33.7216 20
    endloop
  endfacet
  facet normal 0 0 -1
    outer loop
      vertex 7.41343 -37.2698 20
      vertex 10.5954 -34.9283 20
      vertex 11.0308 -36.3637 20
    endloop
  endfacet
  facet normal 0 0 -1
    outer loop
      vertex 7.41343 -37.2698 20
      vertex 7.1208 -35.7987 20
      vertex 10.5954 -34.9283 20
    endloop
  endfacet
  facet normal 0 0 -1
    outer loop
      vertex 3.72465 -37.817 20
      vertex 7.1208 -35.7987 20
      vertex 7.41343 -37.2698 20
    endloop
  endfacet
  facet normal 0 0 -1
    outer loop
      vertex 3.72465 -37.817 20
      vertex 3.57763 -36.3242 20
      vertex 7.1208 -35.7987 20
    endloop
  endfacet
  facet normal 0 0 -1
    outer loop
      vertex 1.25 -37.9386 20
      vertex 3.57763 -36.3242 20
      vertex 3.72465 -37.817 20
    endloop
  endfacet
  facet normal 0 0 -1
    outer loop
      vertex 3.57763 -36.3242 20
      vertex 1.25 -37.9386 20
      vertex 1.25 -36.4386 20
    endloop
  endfacet
  facet normal 0 0 -1
    outer loop
      vertex 36.3242 3.57763 20
      vertex 37.817 3.72465 20
      vertex 37.9386 1.25 20
    endloop
  endfacet
  facet normal 0 0 -1
    outer loop
      vertex 36.3242 3.57763 20
      vertex 37.9386 1.25 20
      vertex 36.4386 1.25 20
    endloop
  endfacet
  facet normal -0 0 -1
    outer loop
      vertex 37.817 3.72465 20
      vertex 36.3242 3.57763 20
      vertex 37.2698 7.41343 20
    endloop
  endfacet
  facet normal 0 0 -1
    outer loop
      vertex 35.7987 7.1208 20
      vertex 37.2698 7.41343 20
      vertex 36.3242 3.57763 20
    endloop
  endfacet
  facet normal -0 0 -1
    outer loop
      vertex 37.2698 7.41343 20
      vertex 35.7987 7.1208 20
      vertex 36.3637 11.0308 20
    endloop
  endfacet
  facet normal 0 0 -1
    outer loop
      vertex 34.9283 10.5954 20
      vertex 36.3637 11.0308 20
      vertex 35.7987 7.1208 20
    endloop
  endfacet
  facet normal -0 0 -1
    outer loop
      vertex 36.3637 11.0308 20
      vertex 34.9283 10.5954 20
      vertex 35.1074 14.542 20
    endloop
  endfacet
  facet normal 0 0 -1
    outer loop
      vertex 33.7216 13.9679 20
      vertex 35.1074 14.542 20
      vertex 34.9283 10.5954 20
    endloop
  endfacet
  facet normal 0 0 -1
    outer loop
      vertex 33.7216 13.9679 20
      vertex 33.513 17.9131 20
      vertex 35.1074 14.542 20
    endloop
  endfacet
  facet normal 0 0 -1
    outer loop
      vertex 32.1901 17.206 20
      vertex 33.513 17.9131 20
      vertex 33.7216 13.9679 20
    endloop
  endfacet
  facet normal 0 0 -1
    outer loop
      vertex 32.1901 17.206 20
      vertex 31.5958 21.1117 20
      vertex 33.513 17.9131 20
    endloop
  endfacet
  facet normal 0 0 -1
    outer loop
      vertex 30.3486 20.2783 20
      vertex 31.5958 21.1117 20
      vertex 32.1901 17.206 20
    endloop
  endfacet
  facet normal 0 0 -1
    outer loop
      vertex 30.3486 20.2783 20
      vertex 29.3744 24.1069 20
      vertex 31.5958 21.1117 20
    endloop
  endfacet
  facet normal 0 0 -1
    outer loop
      vertex 28.2149 23.1554 20
      vertex 29.3744 24.1069 20
      vertex 30.3486 20.2783 20
    endloop
  endfacet
  facet normal 0 0 -1
    outer loop
      vertex 28.2149 23.1554 20
      vertex 26.8701 26.8701 20
      vertex 29.3744 24.1069 20
    endloop
  endfacet
  facet normal 0 0 -1
    outer loop
      vertex 25.8094 25.8094 20
      vertex 26.8701 26.8701 20
      vertex 28.2149 23.1554 20
    endloop
  endfacet
  facet normal 0 0 -1
    outer loop
      vertex 25.8094 25.8094 20
      vertex 24.1069 29.3744 20
      vertex 26.8701 26.8701 20
    endloop
  endfacet
  facet normal 0 0 -1
    outer loop
      vertex 23.1554 28.2149 20
      vertex 24.1069 29.3744 20
      vertex 25.8094 25.8094 20
    endloop
  endfacet
  facet normal 0 0 -1
    outer loop
      vertex 23.1554 28.2149 20
      vertex 21.1117 31.5958 20
      vertex 24.1069 29.3744 20
    endloop
  endfacet
  facet normal 0 0 -1
    outer loop
      vertex 20.2783 30.3486 20
      vertex 21.1117 31.5958 20
      vertex 23.1554 28.2149 20
    endloop
  endfacet
  facet normal 0 0 -1
    outer loop
      vertex 20.2783 30.3486 20
      vertex 17.9131 33.513 20
      vertex 21.1117 31.5958 20
    endloop
  endfacet
  facet normal 0 0 -1
    outer loop
      vertex 17.206 32.1901 20
      vertex 17.9131 33.513 20
      vertex 20.2783 30.3486 20
    endloop
  endfacet
  facet normal 0 0 -1
    outer loop
      vertex 17.206 32.1901 20
      vertex 14.542 35.1074 20
      vertex 17.9131 33.513 20
    endloop
  endfacet
  facet normal 0 0 -1
    outer loop
      vertex 13.9679 33.7216 20
      vertex 14.542 35.1074 20
      vertex 17.206 32.1901 20
    endloop
  endfacet
  facet normal 0 0 -1
    outer loop
      vertex 13.9679 33.7216 20
      vertex 11.0308 36.3637 20
      vertex 14.542 35.1074 20
    endloop
  endfacet
  facet normal 0 0 -1
    outer loop
      vertex 10.5954 34.9283 20
      vertex 11.0308 36.3637 20
      vertex 13.9679 33.7216 20
    endloop
  endfacet
  facet normal 0 0 -1
    outer loop
      vertex 10.5954 34.9283 20
      vertex 7.41343 37.2698 20
      vertex 11.0308 36.3637 20
    endloop
  endfacet
  facet normal 0 0 -1
    outer loop
      vertex 7.1208 35.7987 20
      vertex 7.41343 37.2698 20
      vertex 10.5954 34.9283 20
    endloop
  endfacet
  facet normal 0 0 -1
    outer loop
      vertex 7.1208 35.7987 20
      vertex 3.72465 37.817 20
      vertex 7.41343 37.2698 20
    endloop
  endfacet
  facet normal 0 0 -1
    outer loop
      vertex 3.57763 36.3242 20
      vertex 3.72465 37.817 20
      vertex 7.1208 35.7987 20
    endloop
  endfacet
  facet normal 0 0 -1
    outer loop
      vertex 1.25 36.4386 20
      vertex 3.72465 37.817 20
      vertex 3.57763 36.3242 20
    endloop
  endfacet
  facet normal -0 0 -1
    outer loop
      vertex 3.72465 37.817 20
      vertex 1.25 36.4386 20
      vertex 1.25 37.9386 20
    endloop
  endfacet
  facet normal 0.671568 0.740943 -0
    outer loop
      vertex 28.0014 28.0014 0
      vertex 25.122 30.6112 20
      vertex 28.0014 28.0014 20
    endloop
  endfacet
  facet normal 0.671568 0.740943 0
    outer loop
      vertex 25.122 30.6112 20
      vertex 28.0014 28.0014 0
      vertex 25.122 30.6112 0
    endloop
  endfacet
  facet normal 0.146726 -0.989177 0
    outer loop
      vertex 3.88148 -39.4093 0
      vertex 7.72558 -38.8391 20
      vertex 3.88148 -39.4093 20
    endloop
  endfacet
  facet normal 0.146726 -0.989177 0
    outer loop
      vertex 7.72558 -38.8391 20
      vertex 3.88148 -39.4093 0
      vertex 7.72558 -38.8391 0
    endloop
  endfacet
  facet normal 0.803206 -0.595701 0
    outer loop
      vertex 30.6112 -25.122 20
      vertex 32.9262 -22.0006 0
      vertex 32.9262 -22.0006 20
    endloop
  endfacet
  facet normal 0.803206 -0.595701 0
    outer loop
      vertex 32.9262 -22.0006 0
      vertex 30.6112 -25.122 20
      vertex 30.6112 -25.122 0
    endloop
  endfacet
  facet normal 0.42755 0.903992 -0
    outer loop
      vertex 18.6673 34.9241 0
      vertex 15.1543 36.5856 20
      vertex 18.6673 34.9241 20
    endloop
  endfacet
  facet normal 0.42755 0.903992 0
    outer loop
      vertex 15.1543 36.5856 20
      vertex 18.6673 34.9241 0
      vertex 15.1543 36.5856 0
    endloop
  endfacet
  facet normal 0.595701 -0.803206 0
    outer loop
      vertex 22.0006 -32.9262 0
      vertex 25.122 -30.6112 20
      vertex 22.0006 -32.9262 20
    endloop
  endfacet
  facet normal 0.595701 -0.803206 0
    outer loop
      vertex 25.122 -30.6112 20
      vertex 22.0006 -32.9262 0
      vertex 25.122 -30.6112 0
    endloop
  endfacet
  facet normal -0.803206 0.595701 0
    outer loop
      vertex -32.9262 22.0006 0
      vertex -30.6112 25.122 20
      vertex -30.6112 25.122 0
    endloop
  endfacet
  facet normal -0.803206 0.595701 0
    outer loop
      vertex -30.6112 25.122 20
      vertex -32.9262 22.0006 0
      vertex -32.9262 22.0006 20
    endloop
  endfacet
  facet normal -0.0490716 -0.998795 0
    outer loop
      vertex -3.88148 -39.4093 0
      vertex 0 -39.6 20
      vertex -3.88148 -39.4093 20
    endloop
  endfacet
  facet normal -0.0490716 -0.998795 -0
    outer loop
      vertex 0 -39.6 20
      vertex -3.88148 -39.4093 0
      vertex 0 -39.6 0
    endloop
  endfacet
  facet normal 0.146726 0.989177 -0
    outer loop
      vertex 7.72558 38.8391 0
      vertex 3.88148 39.4093 20
      vertex 7.72558 38.8391 20
    endloop
  endfacet
  facet normal 0.146726 0.989177 0
    outer loop
      vertex 3.88148 39.4093 20
      vertex 7.72558 38.8391 0
      vertex 3.88148 39.4093 0
    endloop
  endfacet
  facet normal -0.970029 -0.242988 0
    outer loop
      vertex -37.8948 -11.4953 0
      vertex -38.8391 -7.72558 20
      vertex -38.8391 -7.72558 0
    endloop
  endfacet
  facet normal -0.970029 -0.242988 0
    outer loop
      vertex -38.8391 -7.72558 20
      vertex -37.8948 -11.4953 0
      vertex -37.8948 -11.4953 20
    endloop
  endfacet
  facet normal -0.0490716 0.998795 0
    outer loop
      vertex 0 39.6 0
      vertex -3.88148 39.4093 20
      vertex 0 39.6 20
    endloop
  endfacet
  facet normal -0.0490716 0.998795 0
    outer loop
      vertex -3.88148 39.4093 20
      vertex 0 39.6 0
      vertex -3.88148 39.4093 0
    endloop
  endfacet
  facet normal -0.857729 -0.514102 0
    outer loop
      vertex -32.9262 -22.0006 0
      vertex -34.9241 -18.6673 20
      vertex -34.9241 -18.6673 0
    endloop
  endfacet
  facet normal -0.857729 -0.514102 0
    outer loop
      vertex -34.9241 -18.6673 20
      vertex -32.9262 -22.0006 0
      vertex -32.9262 -22.0006 20
    endloop
  endfacet
  facet normal 0.740943 0.671568 0
    outer loop
      vertex 30.6112 25.122 20
      vertex 28.0014 28.0014 0
      vertex 28.0014 28.0014 20
    endloop
  endfacet
  facet normal 0.740943 0.671568 0
    outer loop
      vertex 28.0014 28.0014 0
      vertex 30.6112 25.122 20
      vertex 30.6112 25.122 0
    endloop
  endfacet
  facet normal -0.970029 0.242988 0
    outer loop
      vertex -38.8391 7.72558 0
      vertex -37.8948 11.4953 20
      vertex -37.8948 11.4953 0
    endloop
  endfacet
  facet normal -0.970029 0.242988 0
    outer loop
      vertex -37.8948 11.4953 20
      vertex -38.8391 7.72558 0
      vertex -38.8391 7.72558 20
    endloop
  endfacet
  facet normal -0.595701 0.803206 0
    outer loop
      vertex -22.0006 32.9262 0
      vertex -25.122 30.6112 20
      vertex -22.0006 32.9262 20
    endloop
  endfacet
  facet normal -0.595701 0.803206 0
    outer loop
      vertex -25.122 30.6112 20
      vertex -22.0006 32.9262 0
      vertex -25.122 30.6112 0
    endloop
  endfacet
  facet normal -0.941545 0.336887 0
    outer loop
      vertex -37.8948 11.4953 0
      vertex -36.5856 15.1543 20
      vertex -36.5856 15.1543 0
    endloop
  endfacet
  facet normal -0.941545 0.336887 0
    outer loop
      vertex -36.5856 15.1543 20
      vertex -37.8948 11.4953 0
      vertex -37.8948 11.4953 20
    endloop
  endfacet
  facet normal 0.595701 0.803206 -0
    outer loop
      vertex 25.122 30.6112 0
      vertex 22.0006 32.9262 20
      vertex 25.122 30.6112 20
    endloop
  endfacet
  facet normal 0.595701 0.803206 0
    outer loop
      vertex 22.0006 32.9262 20
      vertex 25.122 30.6112 0
      vertex 22.0006 32.9262 0
    endloop
  endfacet
  facet normal 0.42755 -0.903992 0
    outer loop
      vertex 15.1543 -36.5856 0
      vertex 18.6673 -34.9241 20
      vertex 15.1543 -36.5856 20
    endloop
  endfacet
  facet normal 0.42755 -0.903992 0
    outer loop
      vertex 18.6673 -34.9241 20
      vertex 15.1543 -36.5856 0
      vertex 18.6673 -34.9241 0
    endloop
  endfacet
  facet normal 0.941545 0.336887 0
    outer loop
      vertex 37.8948 11.4953 20
      vertex 36.5856 15.1543 0
      vertex 36.5856 15.1543 20
    endloop
  endfacet
  facet normal 0.941545 0.336887 0
    outer loop
      vertex 36.5856 15.1543 0
      vertex 37.8948 11.4953 20
      vertex 37.8948 11.4953 0
    endloop
  endfacet
  facet normal -0.671568 0.740943 0
    outer loop
      vertex -25.122 30.6112 0
      vertex -28.0014 28.0014 20
      vertex -25.122 30.6112 20
    endloop
  endfacet
  facet normal -0.671568 0.740943 0
    outer loop
      vertex -28.0014 28.0014 20
      vertex -25.122 30.6112 0
      vertex -28.0014 28.0014 0
    endloop
  endfacet
  facet normal -0.514102 0.857729 0
    outer loop
      vertex -18.6673 34.9241 0
      vertex -22.0006 32.9262 20
      vertex -18.6673 34.9241 20
    endloop
  endfacet
  facet normal -0.514102 0.857729 0
    outer loop
      vertex -22.0006 32.9262 20
      vertex -18.6673 34.9241 0
      vertex -22.0006 32.9262 0
    endloop
  endfacet
  facet normal 0.903992 0.42755 0
    outer loop
      vertex 36.5856 15.1543 20
      vertex 34.9241 18.6673 0
      vertex 34.9241 18.6673 20
    endloop
  endfacet
  facet normal 0.903992 0.42755 0
    outer loop
      vertex 34.9241 18.6673 0
      vertex 36.5856 15.1543 20
      vertex 36.5856 15.1543 0
    endloop
  endfacet
  facet normal 0.970029 -0.242988 0
    outer loop
      vertex 37.8948 -11.4953 20
      vertex 38.8391 -7.72558 0
      vertex 38.8391 -7.72558 20
    endloop
  endfacet
  facet normal 0.970029 -0.242988 0
    outer loop
      vertex 38.8391 -7.72558 0
      vertex 37.8948 -11.4953 20
      vertex 37.8948 -11.4953 0
    endloop
  endfacet
  facet normal 0.857729 0.514102 0
    outer loop
      vertex 34.9241 18.6673 20
      vertex 32.9262 22.0006 0
      vertex 32.9262 22.0006 20
    endloop
  endfacet
  facet normal 0.857729 0.514102 0
    outer loop
      vertex 32.9262 22.0006 0
      vertex 34.9241 18.6673 20
      vertex 34.9241 18.6673 0
    endloop
  endfacet
  facet normal -0.941545 -0.336887 0
    outer loop
      vertex -36.5856 -15.1543 0
      vertex -37.8948 -11.4953 20
      vertex -37.8948 -11.4953 0
    endloop
  endfacet
  facet normal -0.941545 -0.336887 0
    outer loop
      vertex -37.8948 -11.4953 20
      vertex -36.5856 -15.1543 0
      vertex -36.5856 -15.1543 20
    endloop
  endfacet
  facet normal -0.903992 0.42755 0
    outer loop
      vertex -36.5856 15.1543 0
      vertex -34.9241 18.6673 20
      vertex -34.9241 18.6673 0
    endloop
  endfacet
  facet normal -0.903992 0.42755 0
    outer loop
      vertex -34.9241 18.6673 20
      vertex -36.5856 15.1543 0
      vertex -36.5856 15.1543 20
    endloop
  endfacet
  facet normal 0.242988 0.970029 -0
    outer loop
      vertex 11.4953 37.8948 0
      vertex 7.72558 38.8391 20
      vertex 11.4953 37.8948 20
    endloop
  endfacet
  facet normal 0.242988 0.970029 0
    outer loop
      vertex 7.72558 38.8391 20
      vertex 11.4953 37.8948 0
      vertex 7.72558 38.8391 0
    endloop
  endfacet
  facet normal -0.740943 -0.671568 0
    outer loop
      vertex -28.0014 -28.0014 0
      vertex -30.6112 -25.122 20
      vertex -30.6112 -25.122 0
    endloop
  endfacet
  facet normal -0.740943 -0.671568 0
    outer loop
      vertex -30.6112 -25.122 20
      vertex -28.0014 -28.0014 0
      vertex -28.0014 -28.0014 20
    endloop
  endfacet
  facet normal -0.595701 -0.803206 0
    outer loop
      vertex -25.122 -30.6112 0
      vertex -22.0006 -32.9262 20
      vertex -25.122 -30.6112 20
    endloop
  endfacet
  facet normal -0.595701 -0.803206 -0
    outer loop
      vertex -22.0006 -32.9262 20
      vertex -25.122 -30.6112 0
      vertex -22.0006 -32.9262 0
    endloop
  endfacet
  facet normal 0.336887 -0.941545 0
    outer loop
      vertex 11.4953 -37.8948 0
      vertex 15.1543 -36.5856 20
      vertex 11.4953 -37.8948 20
    endloop
  endfacet
  facet normal 0.336887 -0.941545 0
    outer loop
      vertex 15.1543 -36.5856 20
      vertex 11.4953 -37.8948 0
      vertex 15.1543 -36.5856 0
    endloop
  endfacet
  facet normal -0.671568 -0.740943 0
    outer loop
      vertex -28.0014 -28.0014 0
      vertex -25.122 -30.6112 20
      vertex -28.0014 -28.0014 20
    endloop
  endfacet
  facet normal -0.671568 -0.740943 -0
    outer loop
      vertex -25.122 -30.6112 20
      vertex -28.0014 -28.0014 0
      vertex -25.122 -30.6112 0
    endloop
  endfacet
  facet normal -0.998795 0.0490716 0
    outer loop
      vertex -39.6 0 0
      vertex -39.4093 3.88148 20
      vertex -39.4093 3.88148 0
    endloop
  endfacet
  facet normal -0.998795 0.0490716 0
    outer loop
      vertex -39.4093 3.88148 20
      vertex -39.6 0 0
      vertex -39.6 0 20
    endloop
  endfacet
  facet normal -0.740943 0.671568 0
    outer loop
      vertex -30.6112 25.122 0
      vertex -28.0014 28.0014 20
      vertex -28.0014 28.0014 0
    endloop
  endfacet
  facet normal -0.740943 0.671568 0
    outer loop
      vertex -28.0014 28.0014 20
      vertex -30.6112 25.122 0
      vertex -30.6112 25.122 20
    endloop
  endfacet
  facet normal -0.336887 -0.941545 0
    outer loop
      vertex -15.1543 -36.5856 0
      vertex -11.4953 -37.8948 20
      vertex -15.1543 -36.5856 20
    endloop
  endfacet
  facet normal -0.336887 -0.941545 -0
    outer loop
      vertex -11.4953 -37.8948 20
      vertex -15.1543 -36.5856 0
      vertex -11.4953 -37.8948 0
    endloop
  endfacet
  facet normal -0.998795 -0.0490716 0
    outer loop
      vertex -39.4093 -3.88148 0
      vertex -39.6 0 20
      vertex -39.6 0 0
    endloop
  endfacet
  facet normal -0.998795 -0.0490716 0
    outer loop
      vertex -39.6 0 20
      vertex -39.4093 -3.88148 0
      vertex -39.4093 -3.88148 20
    endloop
  endfacet
  facet normal -0.989177 -0.146726 0
    outer loop
      vertex -38.8391 -7.72558 0
      vertex -39.4093 -3.88148 20
      vertex -39.4093 -3.88148 0
    endloop
  endfacet
  facet normal -0.989177 -0.146726 0
    outer loop
      vertex -39.4093 -3.88148 20
      vertex -38.8391 -7.72558 0
      vertex -38.8391 -7.72558 20
    endloop
  endfacet
  facet normal -0.242988 -0.970029 0
    outer loop
      vertex -11.4953 -37.8948 0
      vertex -7.72558 -38.8391 20
      vertex -11.4953 -37.8948 20
    endloop
  endfacet
  facet normal -0.242988 -0.970029 -0
    outer loop
      vertex -7.72558 -38.8391 20
      vertex -11.4953 -37.8948 0
      vertex -7.72558 -38.8391 0
    endloop
  endfacet
  facet normal 0.242988 -0.970029 0
    outer loop
      vertex 7.72558 -38.8391 0
      vertex 11.4953 -37.8948 20
      vertex 7.72558 -38.8391 20
    endloop
  endfacet
  facet normal 0.242988 -0.970029 0
    outer loop
      vertex 11.4953 -37.8948 20
      vertex 7.72558 -38.8391 0
      vertex 11.4953 -37.8948 0
    endloop
  endfacet
  facet normal -0 0 -1
    outer loop
      vertex 0 -16.3 0
      vertex -1.25 -37.9386 0
      vertex -1.25 -16.3 0
    endloop
  endfacet
  facet normal 0 0 -1
    outer loop
      vertex 1.25 16.3 0
      vertex 0 16.3 0
      vertex 1.25 37.9386 0
    endloop
  endfacet
  facet normal 0 0 -1
    outer loop
      vertex 16.3 0 0
      vertex 37.9386 -1.25 0
      vertex 16.3 -1.25 0
    endloop
  endfacet
  facet normal 0 0 -1
    outer loop
      vertex 37.9386 -1.25 0
      vertex 16.3 0 0
      vertex 37.9386 1.25 0
    endloop
  endfacet
  facet normal -0 0 -1
    outer loop
      vertex 37.9386 1.25 0
      vertex 16.3 0 0
      vertex 16.3 1.25 0
    endloop
  endfacet
  facet normal 0 0 -1
    outer loop
      vertex 37.9386 -1.25 0
      vertex 39.6 0 0
      vertex 39.4093 -3.88148 0
    endloop
  endfacet
  facet normal 0 0 -1
    outer loop
      vertex 37.817 -3.72465 0
      vertex 39.4093 -3.88148 0
      vertex 38.8391 -7.72558 0
    endloop
  endfacet
  facet normal 0 0 -1
    outer loop
      vertex 37.9386 1.25 0
      vertex 39.6 0 0
      vertex 37.9386 -1.25 0
    endloop
  endfacet
  facet normal 0 0 -1
    outer loop
      vertex 39.6 0 0
      vertex 37.9386 1.25 0
      vertex 39.4093 3.88148 0
    endloop
  endfacet
  facet normal 0 0 -1
    outer loop
      vertex 37.2698 -7.41343 0
      vertex 38.8391 -7.72558 0
      vertex 37.8948 -11.4953 0
    endloop
  endfacet
  facet normal 0 0 -1
    outer loop
      vertex 39.4093 -3.88148 0
      vertex 37.817 -3.72465 0
      vertex 37.9386 -1.25 0
    endloop
  endfacet
  facet normal 0 0 -1
    outer loop
      vertex 38.8391 -7.72558 0
      vertex 37.2698 -7.41343 0
      vertex 37.817 -3.72465 0
    endloop
  endfacet
  facet normal 0 0 -1
    outer loop
      vertex 36.3637 -11.0308 0
      vertex 37.8948 -11.4953 0
      vertex 36.5856 -15.1543 0
    endloop
  endfacet
  facet normal 0 0 -1
    outer loop
      vertex 37.8948 -11.4953 0
      vertex 36.3637 -11.0308 0
      vertex 37.2698 -7.41343 0
    endloop
  endfacet
  facet normal 0 0 -1
    outer loop
      vertex 36.5856 -15.1543 0
      vertex 35.1074 -14.542 0
      vertex 36.3637 -11.0308 0
    endloop
  endfacet
  facet normal 0 0 -1
    outer loop
      vertex 34.9241 -18.6673 0
      vertex 35.1074 -14.542 0
      vertex 36.5856 -15.1543 0
    endloop
  endfacet
  facet normal 0 0 -1
    outer loop
      vertex 34.9241 -18.6673 0
      vertex 33.513 -17.9131 0
      vertex 35.1074 -14.542 0
    endloop
  endfacet
  facet normal 0 0 -1
    outer loop
      vertex 32.9262 -22.0006 0
      vertex 33.513 -17.9131 0
      vertex 34.9241 -18.6673 0
    endloop
  endfacet
  facet normal 0 0 -1
    outer loop
      vertex 32.9262 -22.0006 0
      vertex 31.5958 -21.1117 0
      vertex 33.513 -17.9131 0
    endloop
  endfacet
  facet normal 0 0 -1
    outer loop
      vertex 30.6112 -25.122 0
      vertex 31.5958 -21.1117 0
      vertex 32.9262 -22.0006 0
    endloop
  endfacet
  facet normal 0 0 -1
    outer loop
      vertex 30.6112 -25.122 0
      vertex 29.3744 -24.1069 0
      vertex 31.5958 -21.1117 0
    endloop
  endfacet
  facet normal 0 0 -1
    outer loop
      vertex 28.0014 -28.0014 0
      vertex 29.3744 -24.1069 0
      vertex 30.6112 -25.122 0
    endloop
  endfacet
  facet normal 0 0 -1
    outer loop
      vertex 28.0014 -28.0014 0
      vertex 26.8701 -26.8701 0
      vertex 29.3744 -24.1069 0
    endloop
  endfacet
  facet normal 0 0 -1
    outer loop
      vertex 25.122 -30.6112 0
      vertex 26.8701 -26.8701 0
      vertex 28.0014 -28.0014 0
    endloop
  endfacet
  facet normal 0 0 -1
    outer loop
      vertex 25.122 -30.6112 0
      vertex 24.1069 -29.3744 0
      vertex 26.8701 -26.8701 0
    endloop
  endfacet
  facet normal 0 0 -1
    outer loop
      vertex 22.0006 -32.9262 0
      vertex 24.1069 -29.3744 0
      vertex 25.122 -30.6112 0
    endloop
  endfacet
  facet normal 0 0 -1
    outer loop
      vertex 22.0006 -32.9262 0
      vertex 21.1117 -31.5958 0
      vertex 24.1069 -29.3744 0
    endloop
  endfacet
  facet normal 0 0 -1
    outer loop
      vertex 18.6673 -34.9241 0
      vertex 21.1117 -31.5958 0
      vertex 22.0006 -32.9262 0
    endloop
  endfacet
  facet normal 0 0 -1
    outer loop
      vertex 18.6673 -34.9241 0
      vertex 17.9131 -33.513 0
      vertex 21.1117 -31.5958 0
    endloop
  endfacet
  facet normal 0 0 -1
    outer loop
      vertex 15.1543 -36.5856 0
      vertex 17.9131 -33.513 0
      vertex 18.6673 -34.9241 0
    endloop
  endfacet
  facet normal 0 0 -1
    outer loop
      vertex 15.1543 -36.5856 0
      vertex 14.542 -35.1074 0
      vertex 17.9131 -33.513 0
    endloop
  endfacet
  facet normal 0 0 -1
    outer loop
      vertex 11.4953 -37.8948 0
      vertex 14.542 -35.1074 0
      vertex 15.1543 -36.5856 0
    endloop
  endfacet
  facet normal 0 0 -1
    outer loop
      vertex 11.4953 -37.8948 0
      vertex 11.0308 -36.3637 0
      vertex 14.542 -35.1074 0
    endloop
  endfacet
  facet normal 0 0 -1
    outer loop
      vertex 7.72558 -38.8391 0
      vertex 11.0308 -36.3637 0
      vertex 11.4953 -37.8948 0
    endloop
  endfacet
  facet normal 0 0 -1
    outer loop
      vertex 7.72558 -38.8391 0
      vertex 7.41343 -37.2698 0
      vertex 11.0308 -36.3637 0
    endloop
  endfacet
  facet normal 0 0 -1
    outer loop
      vertex 3.88148 -39.4093 0
      vertex 7.41343 -37.2698 0
      vertex 7.72558 -38.8391 0
    endloop
  endfacet
  facet normal 0 0 -1
    outer loop
      vertex 3.88148 -39.4093 0
      vertex 3.72465 -37.817 0
      vertex 7.41343 -37.2698 0
    endloop
  endfacet
  facet normal 0 0 -1
    outer loop
      vertex 3.88148 -39.4093 0
      vertex 1.25 -37.9386 0
      vertex 3.72465 -37.817 0
    endloop
  endfacet
  facet normal 0 0 -1
    outer loop
      vertex 0 -39.6 0
      vertex 1.25 -37.9386 0
      vertex 3.88148 -39.4093 0
    endloop
  endfacet
  facet normal 0 0 -1
    outer loop
      vertex -1.25 -37.9386 0
      vertex 1.25 -37.9386 0
      vertex 0 -39.6 0
    endloop
  endfacet
  facet normal 0 -0 -1
    outer loop
      vertex 0 -16.3 0
      vertex 1.25 -37.9386 0
      vertex -1.25 -37.9386 0
    endloop
  endfacet
  facet normal 0 0 -1
    outer loop
      vertex 1.25 -37.9386 0
      vertex 0 -16.3 0
      vertex 1.25 -16.3 0
    endloop
  endfacet
  facet normal 0 0 -1
    outer loop
      vertex -3.88148 -39.4093 0
      vertex -1.25 -37.9386 0
      vertex 0 -39.6 0
    endloop
  endfacet
  facet normal -0 0 -1
    outer loop
      vertex -1.25 -37.9386 0
      vertex -3.88148 -39.4093 0
      vertex -3.72465 -37.817 0
    endloop
  endfacet
  facet normal 0 0 -1
    outer loop
      vertex -3.88148 -39.4093 0
      vertex -7.41343 -37.2698 0
      vertex -3.72465 -37.817 0
    endloop
  endfacet
  facet normal 0 0 -1
    outer loop
      vertex -7.72558 -38.8391 0
      vertex -7.41343 -37.2698 0
      vertex -3.88148 -39.4093 0
    endloop
  endfacet
  facet normal 0 0 -1
    outer loop
      vertex -7.72558 -38.8391 0
      vertex -11.0308 -36.3637 0
      vertex -7.41343 -37.2698 0
    endloop
  endfacet
  facet normal 0 0 -1
    outer loop
      vertex -11.4953 -37.8948 0
      vertex -11.0308 -36.3637 0
      vertex -7.72558 -38.8391 0
    endloop
  endfacet
  facet normal 0 0 -1
    outer loop
      vertex -11.4953 -37.8948 0
      vertex -14.542 -35.1074 0
      vertex -11.0308 -36.3637 0
    endloop
  endfacet
  facet normal 0 0 -1
    outer loop
      vertex -15.1543 -36.5856 0
      vertex -14.542 -35.1074 0
      vertex -11.4953 -37.8948 0
    endloop
  endfacet
  facet normal 0 0 -1
    outer loop
      vertex -15.1543 -36.5856 0
      vertex -17.9131 -33.513 0
      vertex -14.542 -35.1074 0
    endloop
  endfacet
  facet normal 0 0 -1
    outer loop
      vertex -18.6673 -34.9241 0
      vertex -17.9131 -33.513 0
      vertex -15.1543 -36.5856 0
    endloop
  endfacet
  facet normal 0 0 -1
    outer loop
      vertex -18.6673 -34.9241 0
      vertex -21.1117 -31.5958 0
      vertex -17.9131 -33.513 0
    endloop
  endfacet
  facet normal 0 0 -1
    outer loop
      vertex -22.0006 -32.9262 0
      vertex -21.1117 -31.5958 0
      vertex -18.6673 -34.9241 0
    endloop
  endfacet
  facet normal 0 0 -1
    outer loop
      vertex -22.0006 -32.9262 0
      vertex -24.1069 -29.3744 0
      vertex -21.1117 -31.5958 0
    endloop
  endfacet
  facet normal 0 0 -1
    outer loop
      vertex -25.122 -30.6112 0
      vertex -24.1069 -29.3744 0
      vertex -22.0006 -32.9262 0
    endloop
  endfacet
  facet normal 0 0 -1
    outer loop
      vertex -25.122 -30.6112 0
      vertex -26.8701 -26.8701 0
      vertex -24.1069 -29.3744 0
    endloop
  endfacet
  facet normal 0 0 -1
    outer loop
      vertex -28.0014 -28.0014 0
      vertex -26.8701 -26.8701 0
      vertex -25.122 -30.6112 0
    endloop
  endfacet
  facet normal 0 0 -1
    outer loop
      vertex -28.0014 -28.0014 0
      vertex -29.3744 -24.1069 0
      vertex -26.8701 -26.8701 0
    endloop
  endfacet
  facet normal 0 0 -1
    outer loop
      vertex -30.6112 -25.122 0
      vertex -29.3744 -24.1069 0
      vertex -28.0014 -28.0014 0
    endloop
  endfacet
  facet normal 0 0 -1
    outer loop
      vertex -30.6112 -25.122 0
      vertex -31.5958 -21.1117 0
      vertex -29.3744 -24.1069 0
    endloop
  endfacet
  facet normal 0 0 -1
    outer loop
      vertex -32.9262 -22.0006 0
      vertex -31.5958 -21.1117 0
      vertex -30.6112 -25.122 0
    endloop
  endfacet
  facet normal 0 0 -1
    outer loop
      vertex -32.9262 -22.0006 0
      vertex -33.513 -17.9131 0
      vertex -31.5958 -21.1117 0
    endloop
  endfacet
  facet normal 0 0 -1
    outer loop
      vertex -34.9241 -18.6673 0
      vertex -33.513 -17.9131 0
      vertex -32.9262 -22.0006 0
    endloop
  endfacet
  facet normal 0 0 -1
    outer loop
      vertex -34.9241 -18.6673 0
      vertex -35.1074 -14.542 0
      vertex -33.513 -17.9131 0
    endloop
  endfacet
  facet normal 0 0 -1
    outer loop
      vertex -36.5856 -15.1543 0
      vertex -35.1074 -14.542 0
      vertex -34.9241 -18.6673 0
    endloop
  endfacet
  facet normal -0 0 -1
    outer loop
      vertex -35.1074 -14.542 0
      vertex -36.5856 -15.1543 0
      vertex -36.3637 -11.0308 0
    endloop
  endfacet
  facet normal 0 0 -1
    outer loop
      vertex -37.8948 -11.4953 0
      vertex -36.3637 -11.0308 0
      vertex -36.5856 -15.1543 0
    endloop
  endfacet
  facet normal -0 0 -1
    outer loop
      vertex -36.3637 -11.0308 0
      vertex -37.8948 -11.4953 0
      vertex -37.2698 -7.41343 0
    endloop
  endfacet
  facet normal 0 0 -1
    outer loop
      vertex -38.8391 -7.72558 0
      vertex -37.2698 -7.41343 0
      vertex -37.8948 -11.4953 0
    endloop
  endfacet
  facet normal -0 0 -1
    outer loop
      vertex -37.2698 -7.41343 0
      vertex -38.8391 -7.72558 0
      vertex -37.817 -3.72465 0
    endloop
  endfacet
  facet normal -0 0 -1
    outer loop
      vertex -37.817 -3.72465 0
      vertex -39.4093 -3.88148 0
      vertex -37.9386 -1.25 0
    endloop
  endfacet
  facet normal 0 0 -1
    outer loop
      vertex -39.4093 -3.88148 0
      vertex -37.817 -3.72465 0
      vertex -38.8391 -7.72558 0
    endloop
  endfacet
  facet normal 0 0 -1
    outer loop
      vertex 37.817 3.72465 0
      vertex 39.4093 3.88148 0
      vertex 37.9386 1.25 0
    endloop
  endfacet
  facet normal -0 0 -1
    outer loop
      vertex 39.4093 3.88148 0
      vertex 37.817 3.72465 0
      vertex 38.8391 7.72558 0
    endloop
  endfacet
  facet normal 0 0 -1
    outer loop
      vertex 37.2698 7.41343 0
      vertex 38.8391 7.72558 0
      vertex 37.817 3.72465 0
    endloop
  endfacet
  facet normal -0 0 -1
    outer loop
      vertex 38.8391 7.72558 0
      vertex 37.2698 7.41343 0
      vertex 37.8948 11.4953 0
    endloop
  endfacet
  facet normal 0 0 -1
    outer loop
      vertex 36.3637 11.0308 0
      vertex 37.8948 11.4953 0
      vertex 37.2698 7.41343 0
    endloop
  endfacet
  facet normal -0 0 -1
    outer loop
      vertex 37.8948 11.4953 0
      vertex 36.3637 11.0308 0
      vertex 36.5856 15.1543 0
    endloop
  endfacet
  facet normal 0 0 -1
    outer loop
      vertex 35.1074 14.542 0
      vertex 36.5856 15.1543 0
      vertex 36.3637 11.0308 0
    endloop
  endfacet
  facet normal 0 0 -1
    outer loop
      vertex 35.1074 14.542 0
      vertex 34.9241 18.6673 0
      vertex 36.5856 15.1543 0
    endloop
  endfacet
  facet normal 0 0 -1
    outer loop
      vertex 33.513 17.9131 0
      vertex 34.9241 18.6673 0
      vertex 35.1074 14.542 0
    endloop
  endfacet
  facet normal 0 0 -1
    outer loop
      vertex 33.513 17.9131 0
      vertex 32.9262 22.0006 0
      vertex 34.9241 18.6673 0
    endloop
  endfacet
  facet normal 0 0 -1
    outer loop
      vertex 31.5958 21.1117 0
      vertex 32.9262 22.0006 0
      vertex 33.513 17.9131 0
    endloop
  endfacet
  facet normal 0 0 -1
    outer loop
      vertex 31.5958 21.1117 0
      vertex 30.6112 25.122 0
      vertex 32.9262 22.0006 0
    endloop
  endfacet
  facet normal 0 0 -1
    outer loop
      vertex 29.3744 24.1069 0
      vertex 30.6112 25.122 0
      vertex 31.5958 21.1117 0
    endloop
  endfacet
  facet normal 0 0 -1
    outer loop
      vertex 29.3744 24.1069 0
      vertex 28.0014 28.0014 0
      vertex 30.6112 25.122 0
    endloop
  endfacet
  facet normal 0 0 -1
    outer loop
      vertex 26.8701 26.8701 0
      vertex 28.0014 28.0014 0
      vertex 29.3744 24.1069 0
    endloop
  endfacet
  facet normal 0 0 -1
    outer loop
      vertex 26.8701 26.8701 0
      vertex 25.122 30.6112 0
      vertex 28.0014 28.0014 0
    endloop
  endfacet
  facet normal 0 0 -1
    outer loop
      vertex 24.1069 29.3744 0
      vertex 25.122 30.6112 0
      vertex 26.8701 26.8701 0
    endloop
  endfacet
  facet normal 0 0 -1
    outer loop
      vertex 24.1069 29.3744 0
      vertex 22.0006 32.9262 0
      vertex 25.122 30.6112 0
    endloop
  endfacet
  facet normal 0 0 -1
    outer loop
      vertex 21.1117 31.5958 0
      vertex 22.0006 32.9262 0
      vertex 24.1069 29.3744 0
    endloop
  endfacet
  facet normal 0 0 -1
    outer loop
      vertex 21.1117 31.5958 0
      vertex 18.6673 34.9241 0
      vertex 22.0006 32.9262 0
    endloop
  endfacet
  facet normal 0 0 -1
    outer loop
      vertex 17.9131 33.513 0
      vertex 18.6673 34.9241 0
      vertex 21.1117 31.5958 0
    endloop
  endfacet
  facet normal 0 0 -1
    outer loop
      vertex 17.9131 33.513 0
      vertex 15.1543 36.5856 0
      vertex 18.6673 34.9241 0
    endloop
  endfacet
  facet normal 0 0 -1
    outer loop
      vertex 14.542 35.1074 0
      vertex 15.1543 36.5856 0
      vertex 17.9131 33.513 0
    endloop
  endfacet
  facet normal 0 0 -1
    outer loop
      vertex 14.542 35.1074 0
      vertex 11.4953 37.8948 0
      vertex 15.1543 36.5856 0
    endloop
  endfacet
  facet normal 0 0 -1
    outer loop
      vertex 11.0308 36.3637 0
      vertex 11.4953 37.8948 0
      vertex 14.542 35.1074 0
    endloop
  endfacet
  facet normal 0 0 -1
    outer loop
      vertex 11.0308 36.3637 0
      vertex 7.72558 38.8391 0
      vertex 11.4953 37.8948 0
    endloop
  endfacet
  facet normal 0 0 -1
    outer loop
      vertex 7.41343 37.2698 0
      vertex 7.72558 38.8391 0
      vertex 11.0308 36.3637 0
    endloop
  endfacet
  facet normal 0 0 -1
    outer loop
      vertex 7.41343 37.2698 0
      vertex 3.88148 39.4093 0
      vertex 7.72558 38.8391 0
    endloop
  endfacet
  facet normal 0 0 -1
    outer loop
      vertex 3.72465 37.817 0
      vertex 3.88148 39.4093 0
      vertex 7.41343 37.2698 0
    endloop
  endfacet
  facet normal 0 0 -1
    outer loop
      vertex 1.25 37.9386 0
      vertex 3.88148 39.4093 0
      vertex 3.72465 37.817 0
    endloop
  endfacet
  facet normal 0 0 -1
    outer loop
      vertex 1.25 37.9386 0
      vertex 0 39.6 0
      vertex 3.88148 39.4093 0
    endloop
  endfacet
  facet normal 0 0 -1
    outer loop
      vertex -1.25 37.9386 0
      vertex 1.25 37.9386 0
      vertex 0 16.3 0
    endloop
  endfacet
  facet normal 0 0 -1
    outer loop
      vertex -1.25 37.9386 0
      vertex 0 16.3 0
      vertex -1.25 16.3 0
    endloop
  endfacet
  facet normal 0 0 -1
    outer loop
      vertex 1.25 37.9386 0
      vertex -1.25 37.9386 0
      vertex 0 39.6 0
    endloop
  endfacet
  facet normal 0 0 -1
    outer loop
      vertex -3.88148 39.4093 0
      vertex -1.25 37.9386 0
      vertex -3.72465 37.817 0
    endloop
  endfacet
  facet normal 0 0 -1
    outer loop
      vertex -1.25 37.9386 0
      vertex -3.88148 39.4093 0
      vertex 0 39.6 0
    endloop
  endfacet
  facet normal 0 0 -1
    outer loop
      vertex -7.41343 37.2698 0
      vertex -3.88148 39.4093 0
      vertex -3.72465 37.817 0
    endloop
  endfacet
  facet normal 0 0 -1
    outer loop
      vertex -7.41343 37.2698 0
      vertex -7.72558 38.8391 0
      vertex -3.88148 39.4093 0
    endloop
  endfacet
  facet normal 0 0 -1
    outer loop
      vertex -11.0308 36.3637 0
      vertex -7.72558 38.8391 0
      vertex -7.41343 37.2698 0
    endloop
  endfacet
  facet normal 0 0 -1
    outer loop
      vertex -11.0308 36.3637 0
      vertex -11.4953 37.8948 0
      vertex -7.72558 38.8391 0
    endloop
  endfacet
  facet normal 0 0 -1
    outer loop
      vertex -14.542 35.1074 0
      vertex -11.4953 37.8948 0
      vertex -11.0308 36.3637 0
    endloop
  endfacet
  facet normal 0 0 -1
    outer loop
      vertex -14.542 35.1074 0
      vertex -15.1543 36.5856 0
      vertex -11.4953 37.8948 0
    endloop
  endfacet
  facet normal 0 0 -1
    outer loop
      vertex -17.9131 33.513 0
      vertex -15.1543 36.5856 0
      vertex -14.542 35.1074 0
    endloop
  endfacet
  facet normal 0 0 -1
    outer loop
      vertex -17.9131 33.513 0
      vertex -18.6673 34.9241 0
      vertex -15.1543 36.5856 0
    endloop
  endfacet
  facet normal 0 0 -1
    outer loop
      vertex -21.1117 31.5958 0
      vertex -18.6673 34.9241 0
      vertex -17.9131 33.513 0
    endloop
  endfacet
  facet normal 0 0 -1
    outer loop
      vertex -21.1117 31.5958 0
      vertex -22.0006 32.9262 0
      vertex -18.6673 34.9241 0
    endloop
  endfacet
  facet normal 0 0 -1
    outer loop
      vertex -24.1069 29.3744 0
      vertex -22.0006 32.9262 0
      vertex -21.1117 31.5958 0
    endloop
  endfacet
  facet normal 0 0 -1
    outer loop
      vertex -24.1069 29.3744 0
      vertex -25.122 30.6112 0
      vertex -22.0006 32.9262 0
    endloop
  endfacet
  facet normal 0 0 -1
    outer loop
      vertex -26.8701 26.8701 0
      vertex -25.122 30.6112 0
      vertex -24.1069 29.3744 0
    endloop
  endfacet
  facet normal 0 0 -1
    outer loop
      vertex -26.8701 26.8701 0
      vertex -28.0014 28.0014 0
      vertex -25.122 30.6112 0
    endloop
  endfacet
  facet normal 0 0 -1
    outer loop
      vertex -29.3744 24.1069 0
      vertex -28.0014 28.0014 0
      vertex -26.8701 26.8701 0
    endloop
  endfacet
  facet normal 0 0 -1
    outer loop
      vertex -29.3744 24.1069 0
      vertex -30.6112 25.122 0
      vertex -28.0014 28.0014 0
    endloop
  endfacet
  facet normal 0 0 -1
    outer loop
      vertex -31.5958 21.1117 0
      vertex -30.6112 25.122 0
      vertex -29.3744 24.1069 0
    endloop
  endfacet
  facet normal 0 0 -1
    outer loop
      vertex -31.5958 21.1117 0
      vertex -32.9262 22.0006 0
      vertex -30.6112 25.122 0
    endloop
  endfacet
  facet normal 0 0 -1
    outer loop
      vertex -33.513 17.9131 0
      vertex -32.9262 22.0006 0
      vertex -31.5958 21.1117 0
    endloop
  endfacet
  facet normal 0 0 -1
    outer loop
      vertex -33.513 17.9131 0
      vertex -34.9241 18.6673 0
      vertex -32.9262 22.0006 0
    endloop
  endfacet
  facet normal 0 0 -1
    outer loop
      vertex -35.1074 14.542 0
      vertex -34.9241 18.6673 0
      vertex -33.513 17.9131 0
    endloop
  endfacet
  facet normal 0 0 -1
    outer loop
      vertex -36.5856 15.1543 0
      vertex -35.1074 14.542 0
      vertex -36.3637 11.0308 0
    endloop
  endfacet
  facet normal 0 0 -1
    outer loop
      vertex -35.1074 14.542 0
      vertex -36.5856 15.1543 0
      vertex -34.9241 18.6673 0
    endloop
  endfacet
  facet normal 0 0 -1
    outer loop
      vertex -37.8948 11.4953 0
      vertex -36.3637 11.0308 0
      vertex -37.2698 7.41343 0
    endloop
  endfacet
  facet normal 0 0 -1
    outer loop
      vertex -38.8391 7.72558 0
      vertex -37.2698 7.41343 0
      vertex -37.817 3.72465 0
    endloop
  endfacet
  facet normal 0 0 -1
    outer loop
      vertex -36.3637 11.0308 0
      vertex -37.8948 11.4953 0
      vertex -36.5856 15.1543 0
    endloop
  endfacet
  facet normal 0 0 -1
    outer loop
      vertex -39.4093 3.88148 0
      vertex -37.817 3.72465 0
      vertex -37.9386 1.25 0
    endloop
  endfacet
  facet normal 0 0 -1
    outer loop
      vertex -39.6 0 0
      vertex -37.9386 -1.25 0
      vertex -39.4093 -3.88148 0
    endloop
  endfacet
  facet normal 0 0 -1
    outer loop
      vertex -37.2698 7.41343 0
      vertex -38.8391 7.72558 0
      vertex -37.8948 11.4953 0
    endloop
  endfacet
  facet normal 0 0 -1
    outer loop
      vertex -37.9386 -1.25 0
      vertex -39.6 0 0
      vertex -37.9386 1.25 0
    endloop
  endfacet
  facet normal 0 0 -1
    outer loop
      vertex -37.817 3.72465 0
      vertex -39.4093 3.88148 0
      vertex -38.8391 7.72558 0
    endloop
  endfacet
  facet normal -0 0 -1
    outer loop
      vertex -37.9386 1.25 0
      vertex -39.6 0 0
      vertex -39.4093 3.88148 0
    endloop
  endfacet
  facet normal 0 0 -1
    outer loop
      vertex -37.9386 -1.25 0
      vertex -16.3 0 0
      vertex -16.3 -1.25 0
    endloop
  endfacet
  facet normal 0 0 -1
    outer loop
      vertex -37.9386 1.25 0
      vertex -16.3 0 0
      vertex -37.9386 -1.25 0
    endloop
  endfacet
  facet normal 0 0 -1
    outer loop
      vertex -16.3 0 0
      vertex -37.9386 1.25 0
      vertex -16.3 1.25 0
    endloop
  endfacet
  facet normal 0.514102 -0.857729 0
    outer loop
      vertex 18.6673 -34.9241 0
      vertex 22.0006 -32.9262 20
      vertex 18.6673 -34.9241 20
    endloop
  endfacet
  facet normal 0.514102 -0.857729 0
    outer loop
      vertex 22.0006 -32.9262 20
      vertex 18.6673 -34.9241 0
      vertex 22.0006 -32.9262 0
    endloop
  endfacet
  facet normal 0.857729 -0.514102 0
    outer loop
      vertex 32.9262 -22.0006 20
      vertex 34.9241 -18.6673 0
      vertex 34.9241 -18.6673 20
    endloop
  endfacet
  facet normal 0.857729 -0.514102 0
    outer loop
      vertex 34.9241 -18.6673 0
      vertex 32.9262 -22.0006 20
      vertex 32.9262 -22.0006 0
    endloop
  endfacet
  facet normal -0.989177 0.146726 0
    outer loop
      vertex -39.4093 3.88148 0
      vertex -38.8391 7.72558 20
      vertex -38.8391 7.72558 0
    endloop
  endfacet
  facet normal -0.989177 0.146726 0
    outer loop
      vertex -38.8391 7.72558 20
      vertex -39.4093 3.88148 0
      vertex -39.4093 3.88148 20
    endloop
  endfacet
  facet normal -0.42755 -0.903992 0
    outer loop
      vertex -18.6673 -34.9241 0
      vertex -15.1543 -36.5856 20
      vertex -18.6673 -34.9241 20
    endloop
  endfacet
  facet normal -0.42755 -0.903992 -0
    outer loop
      vertex -15.1543 -36.5856 20
      vertex -18.6673 -34.9241 0
      vertex -15.1543 -36.5856 0
    endloop
  endfacet
  facet normal -0.903992 -0.42755 0
    outer loop
      vertex -34.9241 -18.6673 0
      vertex -36.5856 -15.1543 20
      vertex -36.5856 -15.1543 0
    endloop
  endfacet
  facet normal -0.903992 -0.42755 0
    outer loop
      vertex -36.5856 -15.1543 20
      vertex -34.9241 -18.6673 0
      vertex -34.9241 -18.6673 20
    endloop
  endfacet
  facet normal -0.857729 0.514102 0
    outer loop
      vertex -34.9241 18.6673 0
      vertex -32.9262 22.0006 20
      vertex -32.9262 22.0006 0
    endloop
  endfacet
  facet normal -0.857729 0.514102 0
    outer loop
      vertex -32.9262 22.0006 20
      vertex -34.9241 18.6673 0
      vertex -34.9241 18.6673 20
    endloop
  endfacet
  facet normal -0.740967 -0.671542 0
    outer loop
      vertex 29.3744 24.1069 0
      vertex 26.8701 26.8701 20
      vertex 26.8701 26.8701 0
    endloop
  endfacet
  facet normal -0.740967 -0.671542 0
    outer loop
      vertex 26.8701 26.8701 20
      vertex 29.3744 24.1069 0
      vertex 29.3744 24.1069 20
    endloop
  endfacet
  facet normal -0.989176 -0.146736 0
    outer loop
      vertex 37.817 3.72465 0
      vertex 37.2698 7.41343 20
      vertex 37.2698 7.41343 0
    endloop
  endfacet
  facet normal -0.989176 -0.146736 0
    outer loop
      vertex 37.2698 7.41343 20
      vertex 37.817 3.72465 0
      vertex 37.817 3.72465 20
    endloop
  endfacet
  facet normal -0.998795 -0.049079 0
    outer loop
      vertex 37.9386 1.25 0
      vertex 37.817 3.72465 20
      vertex 37.817 3.72465 0
    endloop
  endfacet
  facet normal -0.998795 -0.049079 0
    outer loop
      vertex 37.817 3.72465 20
      vertex 37.9386 1.25 0
      vertex 37.9386 1.25 20
    endloop
  endfacet
  facet normal -0.595701 -0.803206 0
    outer loop
      vertex 21.1117 31.5958 0
      vertex 24.1069 29.3744 20
      vertex 21.1117 31.5958 20
    endloop
  endfacet
  facet normal -0.595701 -0.803206 -0
    outer loop
      vertex 24.1069 29.3744 20
      vertex 21.1117 31.5958 0
      vertex 24.1069 29.3744 0
    endloop
  endfacet
  facet normal -0.514109 0.857725 0
    outer loop
      vertex 21.1117 -31.5958 0
      vertex 17.9131 -33.513 20
      vertex 21.1117 -31.5958 20
    endloop
  endfacet
  facet normal -0.514109 0.857725 0
    outer loop
      vertex 17.9131 -33.513 20
      vertex 21.1117 -31.5958 0
      vertex 17.9131 -33.513 0
    endloop
  endfacet
  facet normal 0.857725 -0.514109 0
    outer loop
      vertex -33.513 17.9131 20
      vertex -31.5958 21.1117 0
      vertex -31.5958 21.1117 20
    endloop
  endfacet
  facet normal 0.857725 -0.514109 0
    outer loop
      vertex -31.5958 21.1117 0
      vertex -33.513 17.9131 20
      vertex -33.513 17.9131 0
    endloop
  endfacet
  facet normal -0.336883 0.941546 0
    outer loop
      vertex 14.542 -35.1074 0
      vertex 11.0308 -36.3637 20
      vertex 14.542 -35.1074 20
    endloop
  endfacet
  facet normal -0.336883 0.941546 0
    outer loop
      vertex 11.0308 -36.3637 20
      vertex 14.542 -35.1074 0
      vertex 11.0308 -36.3637 0
    endloop
  endfacet
  facet normal 0.998795 0.049079 0
    outer loop
      vertex -37.817 -3.72465 20
      vertex -37.9386 -1.25 0
      vertex -37.9386 -1.25 20
    endloop
  endfacet
  facet normal 0.998795 0.049079 0
    outer loop
      vertex -37.9386 -1.25 0
      vertex -37.817 -3.72465 20
      vertex -37.817 -3.72465 0
    endloop
  endfacet
  facet normal 0.671542 -0.740967 0
    outer loop
      vertex -26.8701 26.8701 0
      vertex -24.1069 29.3744 20
      vertex -26.8701 26.8701 20
    endloop
  endfacet
  facet normal 0.671542 -0.740967 0
    outer loop
      vertex -24.1069 29.3744 20
      vertex -26.8701 26.8701 0
      vertex -24.1069 29.3744 0
    endloop
  endfacet
  facet normal 0.970032 0.242979 0
    outer loop
      vertex -36.3637 -11.0308 20
      vertex -37.2698 -7.41343 0
      vertex -37.2698 -7.41343 20
    endloop
  endfacet
  facet normal 0.970032 0.242979 0
    outer loop
      vertex -37.2698 -7.41343 0
      vertex -36.3637 -11.0308 20
      vertex -36.3637 -11.0308 0
    endloop
  endfacet
  facet normal -0.989176 0.146736 0
    outer loop
      vertex 37.2698 -7.41343 0
      vertex 37.817 -3.72465 20
      vertex 37.817 -3.72465 0
    endloop
  endfacet
  facet normal -0.989176 0.146736 0
    outer loop
      vertex 37.817 -3.72465 20
      vertex 37.2698 -7.41343 0
      vertex 37.2698 -7.41343 20
    endloop
  endfacet
  facet normal 0.427553 -0.90399 0
    outer loop
      vertex -17.9131 33.513 0
      vertex -14.542 35.1074 20
      vertex -17.9131 33.513 20
    endloop
  endfacet
  facet normal 0.427553 -0.90399 0
    outer loop
      vertex -14.542 35.1074 20
      vertex -17.9131 33.513 0
      vertex -14.542 35.1074 0
    endloop
  endfacet
  facet normal 0.941546 0.336883 0
    outer loop
      vertex -35.1074 -14.542 20
      vertex -36.3637 -11.0308 0
      vertex -36.3637 -11.0308 20
    endloop
  endfacet
  facet normal 0.941546 0.336883 0
    outer loop
      vertex -36.3637 -11.0308 0
      vertex -35.1074 -14.542 20
      vertex -35.1074 -14.542 0
    endloop
  endfacet
  facet normal -0.90399 0.427553 0
    outer loop
      vertex 33.513 -17.9131 0
      vertex 35.1074 -14.542 20
      vertex 35.1074 -14.542 0
    endloop
  endfacet
  facet normal -0.90399 0.427553 0
    outer loop
      vertex 35.1074 -14.542 20
      vertex 33.513 -17.9131 0
      vertex 33.513 -17.9131 20
    endloop
  endfacet
  facet normal -0.514109 -0.857725 0
    outer loop
      vertex 17.9131 33.513 0
      vertex 21.1117 31.5958 20
      vertex 17.9131 33.513 20
    endloop
  endfacet
  facet normal -0.514109 -0.857725 -0
    outer loop
      vertex 21.1117 31.5958 20
      vertex 17.9131 33.513 0
      vertex 21.1117 31.5958 0
    endloop
  endfacet
  facet normal 0.242979 -0.970032 0
    outer loop
      vertex -11.0308 36.3637 0
      vertex -7.41343 37.2698 20
      vertex -11.0308 36.3637 20
    endloop
  endfacet
  facet normal 0.242979 -0.970032 0
    outer loop
      vertex -7.41343 37.2698 20
      vertex -11.0308 36.3637 0
      vertex -7.41343 37.2698 0
    endloop
  endfacet
  facet normal 0.595701 0.803206 -0
    outer loop
      vertex -21.1117 -31.5958 0
      vertex -24.1069 -29.3744 20
      vertex -21.1117 -31.5958 20
    endloop
  endfacet
  facet normal 0.595701 0.803206 0
    outer loop
      vertex -24.1069 -29.3744 20
      vertex -21.1117 -31.5958 0
      vertex -24.1069 -29.3744 0
    endloop
  endfacet
  facet normal 0.970032 -0.242979 0
    outer loop
      vertex -37.2698 7.41343 20
      vertex -36.3637 11.0308 0
      vertex -36.3637 11.0308 20
    endloop
  endfacet
  facet normal 0.970032 -0.242979 0
    outer loop
      vertex -36.3637 11.0308 0
      vertex -37.2698 7.41343 20
      vertex -37.2698 7.41343 0
    endloop
  endfacet
  facet normal 0.941546 -0.336883 0
    outer loop
      vertex -36.3637 11.0308 20
      vertex -35.1074 14.542 0
      vertex -35.1074 14.542 20
    endloop
  endfacet
  facet normal 0.941546 -0.336883 0
    outer loop
      vertex -35.1074 14.542 0
      vertex -36.3637 11.0308 20
      vertex -36.3637 11.0308 0
    endloop
  endfacet
  facet normal -0.427553 -0.90399 0
    outer loop
      vertex 14.542 35.1074 0
      vertex 17.9131 33.513 20
      vertex 14.542 35.1074 20
    endloop
  endfacet
  facet normal -0.427553 -0.90399 -0
    outer loop
      vertex 17.9131 33.513 20
      vertex 14.542 35.1074 0
      vertex 17.9131 33.513 0
    endloop
  endfacet
  facet normal -0.671542 -0.740967 0
    outer loop
      vertex 24.1069 29.3744 0
      vertex 26.8701 26.8701 20
      vertex 24.1069 29.3744 20
    endloop
  endfacet
  facet normal -0.671542 -0.740967 -0
    outer loop
      vertex 26.8701 26.8701 20
      vertex 24.1069 29.3744 0
      vertex 26.8701 26.8701 0
    endloop
  endfacet
  facet normal -0.998795 0.049079 0
    outer loop
      vertex 37.817 -3.72465 0
      vertex 37.9386 -1.25 20
      vertex 37.9386 -1.25 0
    endloop
  endfacet
  facet normal -0.998795 0.049079 0
    outer loop
      vertex 37.9386 -1.25 20
      vertex 37.817 -3.72465 0
      vertex 37.817 -3.72465 20
    endloop
  endfacet
  facet normal -0.857725 -0.514109 0
    outer loop
      vertex 33.513 17.9131 0
      vertex 31.5958 21.1117 20
      vertex 31.5958 21.1117 0
    endloop
  endfacet
  facet normal -0.857725 -0.514109 0
    outer loop
      vertex 31.5958 21.1117 20
      vertex 33.513 17.9131 0
      vertex 33.513 17.9131 20
    endloop
  endfacet
  facet normal -0.90399 -0.427553 0
    outer loop
      vertex 35.1074 14.542 0
      vertex 33.513 17.9131 20
      vertex 33.513 17.9131 0
    endloop
  endfacet
  facet normal -0.90399 -0.427553 0
    outer loop
      vertex 33.513 17.9131 20
      vertex 35.1074 14.542 0
      vertex 35.1074 14.542 20
    endloop
  endfacet
  facet normal -0.242979 -0.970032 0
    outer loop
      vertex 7.41343 37.2698 0
      vertex 11.0308 36.3637 20
      vertex 7.41343 37.2698 20
    endloop
  endfacet
  facet normal -0.242979 -0.970032 -0
    outer loop
      vertex 11.0308 36.3637 20
      vertex 7.41343 37.2698 0
      vertex 11.0308 36.3637 0
    endloop
  endfacet
  facet normal 0.427553 0.90399 -0
    outer loop
      vertex -14.542 -35.1074 0
      vertex -17.9131 -33.513 20
      vertex -14.542 -35.1074 20
    endloop
  endfacet
  facet normal 0.427553 0.90399 0
    outer loop
      vertex -17.9131 -33.513 20
      vertex -14.542 -35.1074 0
      vertex -17.9131 -33.513 0
    endloop
  endfacet
  facet normal -0.146736 0.989176 0
    outer loop
      vertex 7.41343 -37.2698 0
      vertex 3.72465 -37.817 20
      vertex 7.41343 -37.2698 20
    endloop
  endfacet
  facet normal -0.146736 0.989176 0
    outer loop
      vertex 3.72465 -37.817 20
      vertex 7.41343 -37.2698 0
      vertex 3.72465 -37.817 0
    endloop
  endfacet
  facet normal -0.941546 -0.336883 0
    outer loop
      vertex 36.3637 11.0308 0
      vertex 35.1074 14.542 20
      vertex 35.1074 14.542 0
    endloop
  endfacet
  facet normal -0.941546 -0.336883 0
    outer loop
      vertex 35.1074 14.542 20
      vertex 36.3637 11.0308 0
      vertex 36.3637 11.0308 20
    endloop
  endfacet
  facet normal -0.427553 0.90399 0
    outer loop
      vertex 17.9131 -33.513 0
      vertex 14.542 -35.1074 20
      vertex 17.9131 -33.513 20
    endloop
  endfacet
  facet normal -0.427553 0.90399 0
    outer loop
      vertex 14.542 -35.1074 20
      vertex 17.9131 -33.513 0
      vertex 14.542 -35.1074 0
    endloop
  endfacet
  facet normal 0.336883 0.941546 -0
    outer loop
      vertex -11.0308 -36.3637 0
      vertex -14.542 -35.1074 20
      vertex -11.0308 -36.3637 20
    endloop
  endfacet
  facet normal 0.336883 0.941546 0
    outer loop
      vertex -14.542 -35.1074 20
      vertex -11.0308 -36.3637 0
      vertex -14.542 -35.1074 0
    endloop
  endfacet
  facet normal 0.049079 -0.998795 0
    outer loop
      vertex -3.72465 37.817 0
      vertex -1.25 37.9386 20
      vertex -3.72465 37.817 20
    endloop
  endfacet
  facet normal 0.049079 -0.998795 0
    outer loop
      vertex -1.25 37.9386 20
      vertex -3.72465 37.817 0
      vertex -1.25 37.9386 0
    endloop
  endfacet
  facet normal 0.595701 -0.803206 0
    outer loop
      vertex -24.1069 29.3744 0
      vertex -21.1117 31.5958 20
      vertex -24.1069 29.3744 20
    endloop
  endfacet
  facet normal 0.595701 -0.803206 0
    outer loop
      vertex -21.1117 31.5958 20
      vertex -24.1069 29.3744 0
      vertex -21.1117 31.5958 0
    endloop
  endfacet
  facet normal 0.90399 0.427553 0
    outer loop
      vertex -33.513 -17.9131 20
      vertex -35.1074 -14.542 0
      vertex -35.1074 -14.542 20
    endloop
  endfacet
  facet normal 0.90399 0.427553 0
    outer loop
      vertex -35.1074 -14.542 0
      vertex -33.513 -17.9131 20
      vertex -33.513 -17.9131 0
    endloop
  endfacet
  facet normal -0.803206 -0.595701 0
    outer loop
      vertex 31.5958 21.1117 0
      vertex 29.3744 24.1069 20
      vertex 29.3744 24.1069 0
    endloop
  endfacet
  facet normal -0.803206 -0.595701 0
    outer loop
      vertex 29.3744 24.1069 20
      vertex 31.5958 21.1117 0
      vertex 31.5958 21.1117 20
    endloop
  endfacet
  facet normal 0.740967 -0.671542 0
    outer loop
      vertex -29.3744 24.1069 20
      vertex -26.8701 26.8701 0
      vertex -26.8701 26.8701 20
    endloop
  endfacet
  facet normal 0.740967 -0.671542 0
    outer loop
      vertex -26.8701 26.8701 0
      vertex -29.3744 24.1069 20
      vertex -29.3744 24.1069 0
    endloop
  endfacet
  facet normal 0.146736 -0.989176 0
    outer loop
      vertex -7.41343 37.2698 0
      vertex -3.72465 37.817 20
      vertex -7.41343 37.2698 20
    endloop
  endfacet
  facet normal 0.146736 -0.989176 0
    outer loop
      vertex -3.72465 37.817 20
      vertex -7.41343 37.2698 0
      vertex -3.72465 37.817 0
    endloop
  endfacet
  facet normal -0.049079 0.998795 0
    outer loop
      vertex 3.72465 -37.817 0
      vertex 1.25 -37.9386 20
      vertex 3.72465 -37.817 20
    endloop
  endfacet
  facet normal -0.049079 0.998795 0
    outer loop
      vertex 1.25 -37.9386 20
      vertex 3.72465 -37.817 0
      vertex 1.25 -37.9386 0
    endloop
  endfacet
  facet normal -0.857725 0.514109 0
    outer loop
      vertex 31.5958 -21.1117 0
      vertex 33.513 -17.9131 20
      vertex 33.513 -17.9131 0
    endloop
  endfacet
  facet normal -0.857725 0.514109 0
    outer loop
      vertex 33.513 -17.9131 20
      vertex 31.5958 -21.1117 0
      vertex 31.5958 -21.1117 20
    endloop
  endfacet
  facet normal -0.740967 0.671542 0
    outer loop
      vertex 26.8701 -26.8701 0
      vertex 29.3744 -24.1069 20
      vertex 29.3744 -24.1069 0
    endloop
  endfacet
  facet normal -0.740967 0.671542 0
    outer loop
      vertex 29.3744 -24.1069 20
      vertex 26.8701 -26.8701 0
      vertex 26.8701 -26.8701 20
    endloop
  endfacet
  facet normal -0.941546 0.336883 0
    outer loop
      vertex 35.1074 -14.542 0
      vertex 36.3637 -11.0308 20
      vertex 36.3637 -11.0308 0
    endloop
  endfacet
  facet normal -0.941546 0.336883 0
    outer loop
      vertex 36.3637 -11.0308 20
      vertex 35.1074 -14.542 0
      vertex 35.1074 -14.542 20
    endloop
  endfacet
  facet normal -0.803206 0.595701 0
    outer loop
      vertex 29.3744 -24.1069 0
      vertex 31.5958 -21.1117 20
      vertex 31.5958 -21.1117 0
    endloop
  endfacet
  facet normal -0.803206 0.595701 0
    outer loop
      vertex 31.5958 -21.1117 20
      vertex 29.3744 -24.1069 0
      vertex 29.3744 -24.1069 20
    endloop
  endfacet
  facet normal 0.146736 0.989176 -0
    outer loop
      vertex -3.72465 -37.817 0
      vertex -7.41343 -37.2698 20
      vertex -3.72465 -37.817 20
    endloop
  endfacet
  facet normal 0.146736 0.989176 0
    outer loop
      vertex -7.41343 -37.2698 20
      vertex -3.72465 -37.817 0
      vertex -7.41343 -37.2698 0
    endloop
  endfacet
  facet normal -0.595701 0.803206 0
    outer loop
      vertex 24.1069 -29.3744 0
      vertex 21.1117 -31.5958 20
      vertex 24.1069 -29.3744 20
    endloop
  endfacet
  facet normal -0.595701 0.803206 0
    outer loop
      vertex 21.1117 -31.5958 20
      vertex 24.1069 -29.3744 0
      vertex 21.1117 -31.5958 0
    endloop
  endfacet
  facet normal 0.989176 -0.146736 0
    outer loop
      vertex -37.817 3.72465 20
      vertex -37.2698 7.41343 0
      vertex -37.2698 7.41343 20
    endloop
  endfacet
  facet normal 0.989176 -0.146736 0
    outer loop
      vertex -37.2698 7.41343 0
      vertex -37.817 3.72465 20
      vertex -37.817 3.72465 0
    endloop
  endfacet
  facet normal -0.242979 0.970032 0
    outer loop
      vertex 11.0308 -36.3637 0
      vertex 7.41343 -37.2698 20
      vertex 11.0308 -36.3637 20
    endloop
  endfacet
  facet normal -0.242979 0.970032 0
    outer loop
      vertex 7.41343 -37.2698 20
      vertex 11.0308 -36.3637 0
      vertex 7.41343 -37.2698 0
    endloop
  endfacet
  facet normal -0.049079 -0.998795 0
    outer loop
      vertex 1.25 37.9386 0
      vertex 3.72465 37.817 20
      vertex 1.25 37.9386 20
    endloop
  endfacet
  facet normal -0.049079 -0.998795 -0
    outer loop
      vertex 3.72465 37.817 20
      vertex 1.25 37.9386 0
      vertex 3.72465 37.817 0
    endloop
  endfacet
  facet normal 0.242979 0.970032 -0
    outer loop
      vertex -7.41343 -37.2698 0
      vertex -11.0308 -36.3637 20
      vertex -7.41343 -37.2698 20
    endloop
  endfacet
  facet normal 0.242979 0.970032 0
    outer loop
      vertex -11.0308 -36.3637 20
      vertex -7.41343 -37.2698 0
      vertex -11.0308 -36.3637 0
    endloop
  endfacet
  facet normal -0.970032 -0.242979 0
    outer loop
      vertex 37.2698 7.41343 0
      vertex 36.3637 11.0308 20
      vertex 36.3637 11.0308 0
    endloop
  endfacet
  facet normal -0.970032 -0.242979 0
    outer loop
      vertex 36.3637 11.0308 20
      vertex 37.2698 7.41343 0
      vertex 37.2698 7.41343 20
    endloop
  endfacet
  facet normal -0.970032 0.242979 0
    outer loop
      vertex 36.3637 -11.0308 0
      vertex 37.2698 -7.41343 20
      vertex 37.2698 -7.41343 0
    endloop
  endfacet
  facet normal -0.970032 0.242979 0
    outer loop
      vertex 37.2698 -7.41343 20
      vertex 36.3637 -11.0308 0
      vertex 36.3637 -11.0308 20
    endloop
  endfacet
  facet normal -0.146736 -0.989176 0
    outer loop
      vertex 3.72465 37.817 0
      vertex 7.41343 37.2698 20
      vertex 3.72465 37.817 20
    endloop
  endfacet
  facet normal -0.146736 -0.989176 -0
    outer loop
      vertex 7.41343 37.2698 20
      vertex 3.72465 37.817 0
      vertex 7.41343 37.2698 0
    endloop
  endfacet
  facet normal 0.740967 0.671542 0
    outer loop
      vertex -26.8701 -26.8701 20
      vertex -29.3744 -24.1069 0
      vertex -29.3744 -24.1069 20
    endloop
  endfacet
  facet normal 0.740967 0.671542 0
    outer loop
      vertex -29.3744 -24.1069 0
      vertex -26.8701 -26.8701 20
      vertex -26.8701 -26.8701 0
    endloop
  endfacet
  facet normal 0.857725 0.514109 0
    outer loop
      vertex -31.5958 -21.1117 20
      vertex -33.513 -17.9131 0
      vertex -33.513 -17.9131 20
    endloop
  endfacet
  facet normal 0.857725 0.514109 0
    outer loop
      vertex -33.513 -17.9131 0
      vertex -31.5958 -21.1117 20
      vertex -31.5958 -21.1117 0
    endloop
  endfacet
  facet normal 0.336883 -0.941546 0
    outer loop
      vertex -14.542 35.1074 0
      vertex -11.0308 36.3637 20
      vertex -14.542 35.1074 20
    endloop
  endfacet
  facet normal 0.336883 -0.941546 0
    outer loop
      vertex -11.0308 36.3637 20
      vertex -14.542 35.1074 0
      vertex -11.0308 36.3637 0
    endloop
  endfacet
  facet normal 0.514109 0.857725 -0
    outer loop
      vertex -17.9131 -33.513 0
      vertex -21.1117 -31.5958 20
      vertex -17.9131 -33.513 20
    endloop
  endfacet
  facet normal 0.514109 0.857725 0
    outer loop
      vertex -21.1117 -31.5958 20
      vertex -17.9131 -33.513 0
      vertex -21.1117 -31.5958 0
    endloop
  endfacet
  facet normal 0.803206 0.595701 0
    outer loop
      vertex -29.3744 -24.1069 20
      vertex -31.5958 -21.1117 0
      vertex -31.5958 -21.1117 20
    endloop
  endfacet
  facet normal 0.803206 0.595701 0
    outer loop
      vertex -31.5958 -21.1117 0
      vertex -29.3744 -24.1069 20
      vertex -29.3744 -24.1069 0
    endloop
  endfacet
  facet normal 0.514109 -0.857725 0
    outer loop
      vertex -21.1117 31.5958 0
      vertex -17.9131 33.513 20
      vertex -21.1117 31.5958 20
    endloop
  endfacet
  facet normal 0.514109 -0.857725 0
    outer loop
      vertex -17.9131 33.513 20
      vertex -21.1117 31.5958 0
      vertex -17.9131 33.513 0
    endloop
  endfacet
  facet normal 0.989176 0.146736 0
    outer loop
      vertex -37.2698 -7.41343 20
      vertex -37.817 -3.72465 0
      vertex -37.817 -3.72465 20
    endloop
  endfacet
  facet normal 0.989176 0.146736 0
    outer loop
      vertex -37.817 -3.72465 0
      vertex -37.2698 -7.41343 20
      vertex -37.2698 -7.41343 0
    endloop
  endfacet
  facet normal 0.90399 -0.427553 0
    outer loop
      vertex -35.1074 14.542 20
      vertex -33.513 17.9131 0
      vertex -33.513 17.9131 20
    endloop
  endfacet
  facet normal 0.90399 -0.427553 0
    outer loop
      vertex -33.513 17.9131 0
      vertex -35.1074 14.542 20
      vertex -35.1074 14.542 0
    endloop
  endfacet
  facet normal -0.336883 -0.941546 0
    outer loop
      vertex 11.0308 36.3637 0
      vertex 14.542 35.1074 20
      vertex 11.0308 36.3637 20
    endloop
  endfacet
  facet normal -0.336883 -0.941546 -0
    outer loop
      vertex 14.542 35.1074 20
      vertex 11.0308 36.3637 0
      vertex 14.542 35.1074 0
    endloop
  endfacet
  facet normal 0.671542 0.740967 -0
    outer loop
      vertex -24.1069 -29.3744 0
      vertex -26.8701 -26.8701 20
      vertex -24.1069 -29.3744 20
    endloop
  endfacet
  facet normal 0.671542 0.740967 0
    outer loop
      vertex -26.8701 -26.8701 20
      vertex -24.1069 -29.3744 0
      vertex -26.8701 -26.8701 0
    endloop
  endfacet
  facet normal 0.803206 -0.595701 0
    outer loop
      vertex -31.5958 21.1117 20
      vertex -29.3744 24.1069 0
      vertex -29.3744 24.1069 20
    endloop
  endfacet
  facet normal 0.803206 -0.595701 0
    outer loop
      vertex -29.3744 24.1069 0
      vertex -31.5958 21.1117 20
      vertex -31.5958 21.1117 0
    endloop
  endfacet
  facet normal 0.049079 0.998795 -0
    outer loop
      vertex -1.25 -37.9386 0
      vertex -3.72465 -37.817 20
      vertex -1.25 -37.9386 20
    endloop
  endfacet
  facet normal 0.049079 0.998795 0
    outer loop
      vertex -3.72465 -37.817 20
      vertex -1.25 -37.9386 0
      vertex -3.72465 -37.817 0
    endloop
  endfacet
  facet normal 0.998795 -0.049079 0
    outer loop
      vertex -37.9386 1.25 20
      vertex -37.817 3.72465 0
      vertex -37.817 3.72465 20
    endloop
  endfacet
  facet normal 0.998795 -0.049079 0
    outer loop
      vertex -37.817 3.72465 0
      vertex -37.9386 1.25 20
      vertex -37.9386 1.25 0
    endloop
  endfacet
  facet normal -0.671542 0.740967 0
    outer loop
      vertex 26.8701 -26.8701 0
      vertex 24.1069 -29.3744 20
      vertex 26.8701 -26.8701 20
    endloop
  endfacet
  facet normal -0.671542 0.740967 0
    outer loop
      vertex 24.1069 -29.3744 20
      vertex 26.8701 -26.8701 0
      vertex 24.1069 -29.3744 0
    endloop
  endfacet
  facet normal -0.941546 0.336885 0
    outer loop
      vertex -36.4594 11.0598 20
      vertex -35.1998 14.5802 88
      vertex -35.1998 14.5802 20
    endloop
  endfacet
  facet normal -0.941546 0.336885 0
    outer loop
      vertex -35.1998 14.5802 88
      vertex -36.4594 11.0598 20
      vertex -36.4594 11.0598 88
    endloop
  endfacet
  facet normal 0.989177 0.146725 0
    outer loop
      vertex 37.9165 3.73445 88
      vertex 37.3679 7.43294 20
      vertex 37.3679 7.43294 88
    endloop
  endfacet
  facet normal 0.989177 0.146725 0
    outer loop
      vertex 37.3679 7.43294 20
      vertex 37.9165 3.73445 88
      vertex 37.9165 3.73445 20
    endloop
  endfacet
  facet normal 0.998795 0.0490779 0
    outer loop
      vertex 38.1 0 88
      vertex 37.9165 3.73445 20
      vertex 37.9165 3.73445 88
    endloop
  endfacet
  facet normal 0.998795 0.0490779 0
    outer loop
      vertex 37.9165 3.73445 20
      vertex 38.1 0 88
      vertex 38.1 0 20
    endloop
  endfacet
  facet normal 0.97003 0.242985 0
    outer loop
      vertex 37.3679 7.43294 88
      vertex 36.4594 11.0598 20
      vertex 36.4594 11.0598 88
    endloop
  endfacet
  facet normal 0.97003 0.242985 0
    outer loop
      vertex 36.4594 11.0598 20
      vertex 37.3679 7.43294 88
      vertex 37.3679 7.43294 20
    endloop
  endfacet
  facet normal 0.857729 0.514102 0
    outer loop
      vertex 33.6012 17.9602 88
      vertex 31.679 21.1672 20
      vertex 31.679 21.1672 88
    endloop
  endfacet
  facet normal 0.857729 0.514102 0
    outer loop
      vertex 31.679 21.1672 20
      vertex 33.6012 17.9602 88
      vertex 33.6012 17.9602 20
    endloop
  endfacet
  facet normal 0.427551 0.903991 -0
    outer loop
      vertex 17.9602 33.6012 20
      vertex 14.5802 35.1998 88
      vertex 17.9602 33.6012 88
    endloop
  endfacet
  facet normal 0.427551 0.903991 0
    outer loop
      vertex 14.5802 35.1998 88
      vertex 17.9602 33.6012 20
      vertex 14.5802 35.1998 20
    endloop
  endfacet
  facet normal 0.671552 0.740957 -0
    outer loop
      vertex 26.9408 26.9408 20
      vertex 24.1704 29.4517 88
      vertex 26.9408 26.9408 88
    endloop
  endfacet
  facet normal 0.671552 0.740957 0
    outer loop
      vertex 24.1704 29.4517 88
      vertex 26.9408 26.9408 20
      vertex 24.1704 29.4517 20
    endloop
  endfacet
  facet normal -0.857729 0.514102 0
    outer loop
      vertex -33.6012 17.9602 20
      vertex -31.679 21.1672 88
      vertex -31.679 21.1672 20
    endloop
  endfacet
  facet normal -0.857729 0.514102 0
    outer loop
      vertex -31.679 21.1672 88
      vertex -33.6012 17.9602 20
      vertex -33.6012 17.9602 88
    endloop
  endfacet
  facet normal -0.803211 0.595695 0
    outer loop
      vertex -31.679 21.1672 20
      vertex -29.4517 24.1704 88
      vertex -29.4517 24.1704 20
    endloop
  endfacet
  facet normal -0.803211 0.595695 0
    outer loop
      vertex -29.4517 24.1704 88
      vertex -31.679 21.1672 20
      vertex -31.679 21.1672 88
    endloop
  endfacet
  facet normal -0.514102 -0.857729 0
    outer loop
      vertex -21.1672 -31.679 20
      vertex -17.9602 -33.6012 88
      vertex -21.1672 -31.679 88
    endloop
  endfacet
  facet normal -0.514102 -0.857729 -0
    outer loop
      vertex -17.9602 -33.6012 88
      vertex -21.1672 -31.679 20
      vertex -17.9602 -33.6012 20
    endloop
  endfacet
  facet normal -0.671552 -0.740957 0
    outer loop
      vertex -26.9408 -26.9408 20
      vertex -24.1704 -29.4517 88
      vertex -26.9408 -26.9408 88
    endloop
  endfacet
  facet normal -0.671552 -0.740957 -0
    outer loop
      vertex -24.1704 -29.4517 88
      vertex -26.9408 -26.9408 20
      vertex -24.1704 -29.4517 20
    endloop
  endfacet
  facet normal 0.336885 0.941546 -0
    outer loop
      vertex 14.5802 35.1998 20
      vertex 11.0598 36.4594 88
      vertex 14.5802 35.1998 88
    endloop
  endfacet
  facet normal 0.336885 0.941546 0
    outer loop
      vertex 11.0598 36.4594 88
      vertex 14.5802 35.1998 20
      vertex 11.0598 36.4594 20
    endloop
  endfacet
  facet normal 0.0490779 -0.998795 0
    outer loop
      vertex 0 -38.1 20
      vertex 3.73445 -37.9165 88
      vertex 0 -38.1 88
    endloop
  endfacet
  facet normal 0.0490779 -0.998795 0
    outer loop
      vertex 3.73445 -37.9165 88
      vertex 0 -38.1 20
      vertex 3.73445 -37.9165 20
    endloop
  endfacet
  facet normal 0.989177 -0.146725 0
    outer loop
      vertex 37.3679 -7.43294 88
      vertex 37.9165 -3.73445 20
      vertex 37.9165 -3.73445 88
    endloop
  endfacet
  facet normal 0.989177 -0.146725 0
    outer loop
      vertex 37.9165 -3.73445 20
      vertex 37.3679 -7.43294 88
      vertex 37.3679 -7.43294 20
    endloop
  endfacet
  facet normal 0.242985 0.97003 -0
    outer loop
      vertex 11.0598 36.4594 20
      vertex 7.43294 37.3679 88
      vertex 11.0598 36.4594 88
    endloop
  endfacet
  facet normal 0.242985 0.97003 0
    outer loop
      vertex 7.43294 37.3679 88
      vertex 11.0598 36.4594 20
      vertex 7.43294 37.3679 20
    endloop
  endfacet
  facet normal 0.97003 -0.242985 0
    outer loop
      vertex 36.4594 -11.0598 88
      vertex 37.3679 -7.43294 20
      vertex 37.3679 -7.43294 88
    endloop
  endfacet
  facet normal 0.97003 -0.242985 0
    outer loop
      vertex 37.3679 -7.43294 20
      vertex 36.4594 -11.0598 88
      vertex 36.4594 -11.0598 20
    endloop
  endfacet
  facet normal -0.146725 -0.989177 0
    outer loop
      vertex -7.43294 -37.3679 20
      vertex -3.73445 -37.9165 88
      vertex -7.43294 -37.3679 88
    endloop
  endfacet
  facet normal -0.146725 -0.989177 -0
    outer loop
      vertex -3.73445 -37.9165 88
      vertex -7.43294 -37.3679 20
      vertex -3.73445 -37.9165 20
    endloop
  endfacet
  facet normal 0.740957 0.671552 0
    outer loop
      vertex 29.4517 24.1704 88
      vertex 26.9408 26.9408 20
      vertex 26.9408 26.9408 88
    endloop
  endfacet
  facet normal 0.740957 0.671552 0
    outer loop
      vertex 26.9408 26.9408 20
      vertex 29.4517 24.1704 88
      vertex 29.4517 24.1704 20
    endloop
  endfacet
  facet normal -0.998795 -0.0490779 0
    outer loop
      vertex -37.9165 -3.73445 20
      vertex -38.1 0 88
      vertex -38.1 0 20
    endloop
  endfacet
  facet normal -0.998795 -0.0490779 0
    outer loop
      vertex -38.1 0 88
      vertex -37.9165 -3.73445 20
      vertex -37.9165 -3.73445 88
    endloop
  endfacet
  facet normal 0.941546 0.336885 0
    outer loop
      vertex 36.4594 11.0598 88
      vertex 35.1998 14.5802 20
      vertex 35.1998 14.5802 88
    endloop
  endfacet
  facet normal 0.941546 0.336885 0
    outer loop
      vertex 35.1998 14.5802 20
      vertex 36.4594 11.0598 88
      vertex 36.4594 11.0598 20
    endloop
  endfacet
  facet normal 0.0490779 0.998795 -0
    outer loop
      vertex 3.73445 37.9165 20
      vertex 0 38.1 88
      vertex 3.73445 37.9165 88
    endloop
  endfacet
  facet normal 0.0490779 0.998795 0
    outer loop
      vertex 0 38.1 88
      vertex 3.73445 37.9165 20
      vertex 0 38.1 20
    endloop
  endfacet
  facet normal -0.0490779 0.998795 0
    outer loop
      vertex 0 38.1 20
      vertex -3.73445 37.9165 88
      vertex 0 38.1 88
    endloop
  endfacet
  facet normal -0.0490779 0.998795 0
    outer loop
      vertex -3.73445 37.9165 88
      vertex 0 38.1 20
      vertex -3.73445 37.9165 20
    endloop
  endfacet
  facet normal 0.514102 -0.857729 0
    outer loop
      vertex 17.9602 -33.6012 20
      vertex 21.1672 -31.679 88
      vertex 17.9602 -33.6012 88
    endloop
  endfacet
  facet normal 0.514102 -0.857729 0
    outer loop
      vertex 21.1672 -31.679 88
      vertex 17.9602 -33.6012 20
      vertex 21.1672 -31.679 20
    endloop
  endfacet
  facet normal -0.97003 -0.242985 0
    outer loop
      vertex -36.4594 -11.0598 20
      vertex -37.3679 -7.43294 88
      vertex -37.3679 -7.43294 20
    endloop
  endfacet
  facet normal -0.97003 -0.242985 0
    outer loop
      vertex -37.3679 -7.43294 88
      vertex -36.4594 -11.0598 20
      vertex -36.4594 -11.0598 88
    endloop
  endfacet
  facet normal -0.336885 0.941546 0
    outer loop
      vertex -11.0598 36.4594 20
      vertex -14.5802 35.1998 88
      vertex -11.0598 36.4594 88
    endloop
  endfacet
  facet normal -0.336885 0.941546 0
    outer loop
      vertex -14.5802 35.1998 88
      vertex -11.0598 36.4594 20
      vertex -14.5802 35.1998 20
    endloop
  endfacet
  facet normal -0.941546 -0.336885 0
    outer loop
      vertex -35.1998 -14.5802 20
      vertex -36.4594 -11.0598 88
      vertex -36.4594 -11.0598 20
    endloop
  endfacet
  facet normal -0.941546 -0.336885 0
    outer loop
      vertex -36.4594 -11.0598 88
      vertex -35.1998 -14.5802 20
      vertex -35.1998 -14.5802 88
    endloop
  endfacet
  facet normal -0.989177 0.146725 0
    outer loop
      vertex -37.9165 3.73445 20
      vertex -37.3679 7.43294 88
      vertex -37.3679 7.43294 20
    endloop
  endfacet
  facet normal -0.989177 0.146725 0
    outer loop
      vertex -37.3679 7.43294 88
      vertex -37.9165 3.73445 20
      vertex -37.9165 3.73445 88
    endloop
  endfacet
  facet normal -0.514102 0.857729 0
    outer loop
      vertex -17.9602 33.6012 20
      vertex -21.1672 31.679 88
      vertex -17.9602 33.6012 88
    endloop
  endfacet
  facet normal -0.514102 0.857729 0
    outer loop
      vertex -21.1672 31.679 88
      vertex -17.9602 33.6012 20
      vertex -21.1672 31.679 20
    endloop
  endfacet
  facet normal -0.671552 0.740957 0
    outer loop
      vertex -24.1704 29.4517 20
      vertex -26.9408 26.9408 88
      vertex -24.1704 29.4517 88
    endloop
  endfacet
  facet normal -0.671552 0.740957 0
    outer loop
      vertex -26.9408 26.9408 88
      vertex -24.1704 29.4517 20
      vertex -26.9408 26.9408 20
    endloop
  endfacet
  facet normal -0.97003 0.242985 0
    outer loop
      vertex -37.3679 7.43294 20
      vertex -36.4594 11.0598 88
      vertex -36.4594 11.0598 20
    endloop
  endfacet
  facet normal -0.97003 0.242985 0
    outer loop
      vertex -36.4594 11.0598 88
      vertex -37.3679 7.43294 20
      vertex -37.3679 7.43294 88
    endloop
  endfacet
  facet normal 0.427551 -0.903991 0
    outer loop
      vertex 14.5802 -35.1998 20
      vertex 17.9602 -33.6012 88
      vertex 14.5802 -35.1998 88
    endloop
  endfacet
  facet normal 0.427551 -0.903991 0
    outer loop
      vertex 17.9602 -33.6012 88
      vertex 14.5802 -35.1998 20
      vertex 17.9602 -33.6012 20
    endloop
  endfacet
  facet normal -0.336885 -0.941546 0
    outer loop
      vertex -14.5802 -35.1998 20
      vertex -11.0598 -36.4594 88
      vertex -14.5802 -35.1998 88
    endloop
  endfacet
  facet normal -0.336885 -0.941546 -0
    outer loop
      vertex -11.0598 -36.4594 88
      vertex -14.5802 -35.1998 20
      vertex -11.0598 -36.4594 20
    endloop
  endfacet
  facet normal -0.242985 0.97003 0
    outer loop
      vertex -7.43294 37.3679 20
      vertex -11.0598 36.4594 88
      vertex -7.43294 37.3679 88
    endloop
  endfacet
  facet normal -0.242985 0.97003 0
    outer loop
      vertex -11.0598 36.4594 88
      vertex -7.43294 37.3679 20
      vertex -11.0598 36.4594 20
    endloop
  endfacet
  facet normal 0.514102 0.857729 -0
    outer loop
      vertex 21.1672 31.679 20
      vertex 17.9602 33.6012 88
      vertex 21.1672 31.679 88
    endloop
  endfacet
  facet normal 0.514102 0.857729 0
    outer loop
      vertex 17.9602 33.6012 88
      vertex 21.1672 31.679 20
      vertex 17.9602 33.6012 20
    endloop
  endfacet
  facet normal -0.595695 0.803211 0
    outer loop
      vertex -21.1672 31.679 20
      vertex -24.1704 29.4517 88
      vertex -21.1672 31.679 88
    endloop
  endfacet
  facet normal -0.595695 0.803211 0
    outer loop
      vertex -24.1704 29.4517 88
      vertex -21.1672 31.679 20
      vertex -24.1704 29.4517 20
    endloop
  endfacet
  facet normal 0.595695 0.803211 -0
    outer loop
      vertex 24.1704 29.4517 20
      vertex 21.1672 31.679 88
      vertex 24.1704 29.4517 88
    endloop
  endfacet
  facet normal 0.595695 0.803211 0
    outer loop
      vertex 21.1672 31.679 88
      vertex 24.1704 29.4517 20
      vertex 21.1672 31.679 20
    endloop
  endfacet
  facet normal 0.146725 -0.989177 0
    outer loop
      vertex 3.73445 -37.9165 20
      vertex 7.43294 -37.3679 88
      vertex 3.73445 -37.9165 88
    endloop
  endfacet
  facet normal 0.146725 -0.989177 0
    outer loop
      vertex 7.43294 -37.3679 88
      vertex 3.73445 -37.9165 20
      vertex 7.43294 -37.3679 20
    endloop
  endfacet
  facet normal 0.941546 -0.336885 0
    outer loop
      vertex 35.1998 -14.5802 88
      vertex 36.4594 -11.0598 20
      vertex 36.4594 -11.0598 88
    endloop
  endfacet
  facet normal 0.941546 -0.336885 0
    outer loop
      vertex 36.4594 -11.0598 20
      vertex 35.1998 -14.5802 88
      vertex 35.1998 -14.5802 20
    endloop
  endfacet
  facet normal 0.740957 -0.671552 0
    outer loop
      vertex 26.9408 -26.9408 88
      vertex 29.4517 -24.1704 20
      vertex 29.4517 -24.1704 88
    endloop
  endfacet
  facet normal 0.740957 -0.671552 0
    outer loop
      vertex 29.4517 -24.1704 20
      vertex 26.9408 -26.9408 88
      vertex 26.9408 -26.9408 20
    endloop
  endfacet
  facet normal 0.803211 -0.595695 0
    outer loop
      vertex 29.4517 -24.1704 88
      vertex 31.679 -21.1672 20
      vertex 31.679 -21.1672 88
    endloop
  endfacet
  facet normal 0.803211 -0.595695 0
    outer loop
      vertex 31.679 -21.1672 20
      vertex 29.4517 -24.1704 88
      vertex 29.4517 -24.1704 20
    endloop
  endfacet
  facet normal -0.427551 0.903991 0
    outer loop
      vertex -14.5802 35.1998 20
      vertex -17.9602 33.6012 88
      vertex -14.5802 35.1998 88
    endloop
  endfacet
  facet normal -0.427551 0.903991 0
    outer loop
      vertex -17.9602 33.6012 88
      vertex -14.5802 35.1998 20
      vertex -17.9602 33.6012 20
    endloop
  endfacet
  facet normal 0.903991 0.427551 0
    outer loop
      vertex 35.1998 14.5802 88
      vertex 33.6012 17.9602 20
      vertex 33.6012 17.9602 88
    endloop
  endfacet
  facet normal 0.903991 0.427551 0
    outer loop
      vertex 33.6012 17.9602 20
      vertex 35.1998 14.5802 88
      vertex 35.1998 14.5802 20
    endloop
  endfacet
  facet normal -0.857729 -0.514102 0
    outer loop
      vertex -31.679 -21.1672 20
      vertex -33.6012 -17.9602 88
      vertex -33.6012 -17.9602 20
    endloop
  endfacet
  facet normal -0.857729 -0.514102 0
    outer loop
      vertex -33.6012 -17.9602 88
      vertex -31.679 -21.1672 20
      vertex -31.679 -21.1672 88
    endloop
  endfacet
  facet normal -0.242985 -0.97003 0
    outer loop
      vertex -11.0598 -36.4594 20
      vertex -7.43294 -37.3679 88
      vertex -11.0598 -36.4594 88
    endloop
  endfacet
  facet normal -0.242985 -0.97003 -0
    outer loop
      vertex -7.43294 -37.3679 88
      vertex -11.0598 -36.4594 20
      vertex -7.43294 -37.3679 20
    endloop
  endfacet
  facet normal -0.803211 -0.595695 0
    outer loop
      vertex -29.4517 -24.1704 20
      vertex -31.679 -21.1672 88
      vertex -31.679 -21.1672 20
    endloop
  endfacet
  facet normal -0.803211 -0.595695 0
    outer loop
      vertex -31.679 -21.1672 88
      vertex -29.4517 -24.1704 20
      vertex -29.4517 -24.1704 88
    endloop
  endfacet
  facet normal 0.803211 0.595695 0
    outer loop
      vertex 31.679 21.1672 88
      vertex 29.4517 24.1704 20
      vertex 29.4517 24.1704 88
    endloop
  endfacet
  facet normal 0.803211 0.595695 0
    outer loop
      vertex 29.4517 24.1704 20
      vertex 31.679 21.1672 88
      vertex 31.679 21.1672 20
    endloop
  endfacet
  facet normal -0.903991 -0.427551 0
    outer loop
      vertex -33.6012 -17.9602 20
      vertex -35.1998 -14.5802 88
      vertex -35.1998 -14.5802 20
    endloop
  endfacet
  facet normal -0.903991 -0.427551 0
    outer loop
      vertex -35.1998 -14.5802 88
      vertex -33.6012 -17.9602 20
      vertex -33.6012 -17.9602 88
    endloop
  endfacet
  facet normal 0.146725 0.989177 -0
    outer loop
      vertex 7.43294 37.3679 20
      vertex 3.73445 37.9165 88
      vertex 7.43294 37.3679 88
    endloop
  endfacet
  facet normal 0.146725 0.989177 0
    outer loop
      vertex 3.73445 37.9165 88
      vertex 7.43294 37.3679 20
      vertex 3.73445 37.9165 20
    endloop
  endfacet
  facet normal -0.427551 -0.903991 0
    outer loop
      vertex -17.9602 -33.6012 20
      vertex -14.5802 -35.1998 88
      vertex -17.9602 -33.6012 88
    endloop
  endfacet
  facet normal -0.427551 -0.903991 -0
    outer loop
      vertex -14.5802 -35.1998 88
      vertex -17.9602 -33.6012 20
      vertex -14.5802 -35.1998 20
    endloop
  endfacet
  facet normal 0.595695 -0.803211 0
    outer loop
      vertex 21.1672 -31.679 20
      vertex 24.1704 -29.4517 88
      vertex 21.1672 -31.679 88
    endloop
  endfacet
  facet normal 0.595695 -0.803211 0
    outer loop
      vertex 24.1704 -29.4517 88
      vertex 21.1672 -31.679 20
      vertex 24.1704 -29.4517 20
    endloop
  endfacet
  facet normal 0.998795 -0.0490779 0
    outer loop
      vertex 37.9165 -3.73445 88
      vertex 38.1 0 20
      vertex 38.1 0 88
    endloop
  endfacet
  facet normal 0.998795 -0.0490779 0
    outer loop
      vertex 38.1 0 20
      vertex 37.9165 -3.73445 88
      vertex 37.9165 -3.73445 20
    endloop
  endfacet
  facet normal -0.146725 0.989177 0
    outer loop
      vertex -3.73445 37.9165 20
      vertex -7.43294 37.3679 88
      vertex -3.73445 37.9165 88
    endloop
  endfacet
  facet normal -0.146725 0.989177 0
    outer loop
      vertex -7.43294 37.3679 88
      vertex -3.73445 37.9165 20
      vertex -7.43294 37.3679 20
    endloop
  endfacet
  facet normal -0.989177 -0.146725 0
    outer loop
      vertex -37.3679 -7.43294 20
      vertex -37.9165 -3.73445 88
      vertex -37.9165 -3.73445 20
    endloop
  endfacet
  facet normal -0.989177 -0.146725 0
    outer loop
      vertex -37.9165 -3.73445 88
      vertex -37.3679 -7.43294 20
      vertex -37.3679 -7.43294 88
    endloop
  endfacet
  facet normal 0.336885 -0.941546 0
    outer loop
      vertex 11.0598 -36.4594 20
      vertex 14.5802 -35.1998 88
      vertex 11.0598 -36.4594 88
    endloop
  endfacet
  facet normal 0.336885 -0.941546 0
    outer loop
      vertex 14.5802 -35.1998 88
      vertex 11.0598 -36.4594 20
      vertex 14.5802 -35.1998 20
    endloop
  endfacet
  facet normal 0.242985 -0.97003 0
    outer loop
      vertex 7.43294 -37.3679 20
      vertex 11.0598 -36.4594 88
      vertex 7.43294 -37.3679 88
    endloop
  endfacet
  facet normal 0.242985 -0.97003 0
    outer loop
      vertex 11.0598 -36.4594 88
      vertex 7.43294 -37.3679 20
      vertex 11.0598 -36.4594 20
    endloop
  endfacet
  facet normal -0.903991 0.427551 0
    outer loop
      vertex -35.1998 14.5802 20
      vertex -33.6012 17.9602 88
      vertex -33.6012 17.9602 20
    endloop
  endfacet
  facet normal -0.903991 0.427551 0
    outer loop
      vertex -33.6012 17.9602 88
      vertex -35.1998 14.5802 20
      vertex -35.1998 14.5802 88
    endloop
  endfacet
  facet normal -0.740957 -0.671552 0
    outer loop
      vertex -26.9408 -26.9408 20
      vertex -29.4517 -24.1704 88
      vertex -29.4517 -24.1704 20
    endloop
  endfacet
  facet normal -0.740957 -0.671552 0
    outer loop
      vertex -29.4517 -24.1704 88
      vertex -26.9408 -26.9408 20
      vertex -26.9408 -26.9408 88
    endloop
  endfacet
  facet normal -0.595695 -0.803211 0
    outer loop
      vertex -24.1704 -29.4517 20
      vertex -21.1672 -31.679 88
      vertex -24.1704 -29.4517 88
    endloop
  endfacet
  facet normal -0.595695 -0.803211 -0
    outer loop
      vertex -21.1672 -31.679 88
      vertex -24.1704 -29.4517 20
      vertex -21.1672 -31.679 20
    endloop
  endfacet
  facet normal 0.903991 -0.427551 0
    outer loop
      vertex 33.6012 -17.9602 88
      vertex 35.1998 -14.5802 20
      vertex 35.1998 -14.5802 88
    endloop
  endfacet
  facet normal 0.903991 -0.427551 0
    outer loop
      vertex 35.1998 -14.5802 20
      vertex 33.6012 -17.9602 88
      vertex 33.6012 -17.9602 20
    endloop
  endfacet
  facet normal 0.857729 -0.514102 0
    outer loop
      vertex 31.679 -21.1672 88
      vertex 33.6012 -17.9602 20
      vertex 33.6012 -17.9602 88
    endloop
  endfacet
  facet normal 0.857729 -0.514102 0
    outer loop
      vertex 33.6012 -17.9602 20
      vertex 31.679 -21.1672 88
      vertex 31.679 -21.1672 20
    endloop
  endfacet
  facet normal -0.740957 0.671552 0
    outer loop
      vertex -29.4517 24.1704 20
      vertex -26.9408 26.9408 88
      vertex -26.9408 26.9408 20
    endloop
  endfacet
  facet normal -0.740957 0.671552 0
    outer loop
      vertex -26.9408 26.9408 88
      vertex -29.4517 24.1704 20
      vertex -29.4517 24.1704 88
    endloop
  endfacet
  facet normal -0.0490779 -0.998795 0
    outer loop
      vertex -3.73445 -37.9165 20
      vertex 0 -38.1 88
      vertex -3.73445 -37.9165 88
    endloop
  endfacet
  facet normal -0.0490779 -0.998795 -0
    outer loop
      vertex 0 -38.1 88
      vertex -3.73445 -37.9165 20
      vertex 0 -38.1 20
    endloop
  endfacet
  facet normal 0 0 1
    outer loop
      vertex 0 16.3 88
      vertex -1.25 36.4386 88
      vertex -1.25 16.3 88
    endloop
  endfacet
  facet normal -0 0 1
    outer loop
      vertex -36.4386 1.25 88
      vertex -16.3 0 88
      vertex -16.3 1.25 88
    endloop
  endfacet
  facet normal 0 0 1
    outer loop
      vertex -36.4386 -1.25 88
      vertex -16.3 0 88
      vertex -36.4386 1.25 88
    endloop
  endfacet
  facet normal 0 0 1
    outer loop
      vertex -16.3 0 88
      vertex -36.4386 -1.25 88
      vertex -16.3 -1.25 88
    endloop
  endfacet
  facet normal 0 0 1
    outer loop
      vertex 1.25 -16.3 88
      vertex 0 -16.3 88
      vertex 1.25 -36.4386 88
    endloop
  endfacet
  facet normal 0 0 1
    outer loop
      vertex 16.3 0 88
      vertex 36.4386 1.25 88
      vertex 16.3 1.25 88
    endloop
  endfacet
  facet normal 0 0 1
    outer loop
      vertex 36.4386 1.25 88
      vertex 16.3 0 88
      vertex 36.4386 -1.25 88
    endloop
  endfacet
  facet normal 0 0 1
    outer loop
      vertex 36.4386 -1.25 88
      vertex 16.3 0 88
      vertex 16.3 -1.25 88
    endloop
  endfacet
  facet normal -0 0 1
    outer loop
      vertex 36.4386 1.25 88
      vertex 38.1 0 88
      vertex 37.9165 3.73445 88
    endloop
  endfacet
  facet normal 0 0 1
    outer loop
      vertex 36.3242 3.57763 88
      vertex 37.9165 3.73445 88
      vertex 37.3679 7.43294 88
    endloop
  endfacet
  facet normal 0 0 1
    outer loop
      vertex 36.4386 -1.25 88
      vertex 38.1 0 88
      vertex 36.4386 1.25 88
    endloop
  endfacet
  facet normal 0 0 1
    outer loop
      vertex 35.7987 7.1208 88
      vertex 37.3679 7.43294 88
      vertex 36.4594 11.0598 88
    endloop
  endfacet
  facet normal 0 0 1
    outer loop
      vertex 38.1 0 88
      vertex 36.4386 -1.25 88
      vertex 37.9165 -3.73445 88
    endloop
  endfacet
  facet normal -0 0 1
    outer loop
      vertex 36.3242 -3.57763 88
      vertex 37.9165 -3.73445 88
      vertex 36.4386 -1.25 88
    endloop
  endfacet
  facet normal 0 0 1
    outer loop
      vertex 37.9165 3.73445 88
      vertex 36.3242 3.57763 88
      vertex 36.4386 1.25 88
    endloop
  endfacet
  facet normal 0 0 1
    outer loop
      vertex 37.3679 7.43294 88
      vertex 35.7987 7.1208 88
      vertex 36.3242 3.57763 88
    endloop
  endfacet
  facet normal 0 0 1
    outer loop
      vertex 34.9283 10.5954 88
      vertex 36.4594 11.0598 88
      vertex 35.1998 14.5802 88
    endloop
  endfacet
  facet normal 0 0 1
    outer loop
      vertex 36.4594 11.0598 88
      vertex 34.9283 10.5954 88
      vertex 35.7987 7.1208 88
    endloop
  endfacet
  facet normal 0 0 1
    outer loop
      vertex 35.1998 14.5802 88
      vertex 33.7216 13.9679 88
      vertex 34.9283 10.5954 88
    endloop
  endfacet
  facet normal 0 0 1
    outer loop
      vertex 33.6012 17.9602 88
      vertex 33.7216 13.9679 88
      vertex 35.1998 14.5802 88
    endloop
  endfacet
  facet normal 0 0 1
    outer loop
      vertex 33.6012 17.9602 88
      vertex 32.1901 17.206 88
      vertex 33.7216 13.9679 88
    endloop
  endfacet
  facet normal 0 0 1
    outer loop
      vertex 31.679 21.1672 88
      vertex 32.1901 17.206 88
      vertex 33.6012 17.9602 88
    endloop
  endfacet
  facet normal 0 0 1
    outer loop
      vertex 31.679 21.1672 88
      vertex 30.3486 20.2783 88
      vertex 32.1901 17.206 88
    endloop
  endfacet
  facet normal 0 0 1
    outer loop
      vertex 29.4517 24.1704 88
      vertex 30.3486 20.2783 88
      vertex 31.679 21.1672 88
    endloop
  endfacet
  facet normal 0 0 1
    outer loop
      vertex 29.4517 24.1704 88
      vertex 28.2149 23.1554 88
      vertex 30.3486 20.2783 88
    endloop
  endfacet
  facet normal 0 0 1
    outer loop
      vertex 26.9408 26.9408 88
      vertex 28.2149 23.1554 88
      vertex 29.4517 24.1704 88
    endloop
  endfacet
  facet normal 0 0 1
    outer loop
      vertex 26.9408 26.9408 88
      vertex 25.8094 25.8094 88
      vertex 28.2149 23.1554 88
    endloop
  endfacet
  facet normal 0 0 1
    outer loop
      vertex 24.1704 29.4517 88
      vertex 25.8094 25.8094 88
      vertex 26.9408 26.9408 88
    endloop
  endfacet
  facet normal 0 0 1
    outer loop
      vertex 24.1704 29.4517 88
      vertex 23.1554 28.2149 88
      vertex 25.8094 25.8094 88
    endloop
  endfacet
  facet normal 0 0 1
    outer loop
      vertex 21.1672 31.679 88
      vertex 23.1554 28.2149 88
      vertex 24.1704 29.4517 88
    endloop
  endfacet
  facet normal 0 0 1
    outer loop
      vertex 21.1672 31.679 88
      vertex 20.2783 30.3486 88
      vertex 23.1554 28.2149 88
    endloop
  endfacet
  facet normal 0 0 1
    outer loop
      vertex 17.9602 33.6012 88
      vertex 20.2783 30.3486 88
      vertex 21.1672 31.679 88
    endloop
  endfacet
  facet normal 0 0 1
    outer loop
      vertex 17.9602 33.6012 88
      vertex 17.206 32.1901 88
      vertex 20.2783 30.3486 88
    endloop
  endfacet
  facet normal 0 0 1
    outer loop
      vertex 14.5802 35.1998 88
      vertex 17.206 32.1901 88
      vertex 17.9602 33.6012 88
    endloop
  endfacet
  facet normal 0 0 1
    outer loop
      vertex 14.5802 35.1998 88
      vertex 13.9679 33.7216 88
      vertex 17.206 32.1901 88
    endloop
  endfacet
  facet normal 0 0 1
    outer loop
      vertex 11.0598 36.4594 88
      vertex 13.9679 33.7216 88
      vertex 14.5802 35.1998 88
    endloop
  endfacet
  facet normal 0 0 1
    outer loop
      vertex 11.0598 36.4594 88
      vertex 10.5954 34.9283 88
      vertex 13.9679 33.7216 88
    endloop
  endfacet
  facet normal 0 0 1
    outer loop
      vertex 7.43294 37.3679 88
      vertex 10.5954 34.9283 88
      vertex 11.0598 36.4594 88
    endloop
  endfacet
  facet normal 0 0 1
    outer loop
      vertex 7.43294 37.3679 88
      vertex 7.1208 35.7987 88
      vertex 10.5954 34.9283 88
    endloop
  endfacet
  facet normal 0 0 1
    outer loop
      vertex 3.73445 37.9165 88
      vertex 7.1208 35.7987 88
      vertex 7.43294 37.3679 88
    endloop
  endfacet
  facet normal 0 0 1
    outer loop
      vertex 3.73445 37.9165 88
      vertex 3.57763 36.3242 88
      vertex 7.1208 35.7987 88
    endloop
  endfacet
  facet normal 0 0 1
    outer loop
      vertex 3.73445 37.9165 88
      vertex 1.25 36.4386 88
      vertex 3.57763 36.3242 88
    endloop
  endfacet
  facet normal 0 0 1
    outer loop
      vertex 0 38.1 88
      vertex 1.25 36.4386 88
      vertex 3.73445 37.9165 88
    endloop
  endfacet
  facet normal 0 0 1
    outer loop
      vertex -1.25 36.4386 88
      vertex 1.25 36.4386 88
      vertex 0 38.1 88
    endloop
  endfacet
  facet normal 0 -0 1
    outer loop
      vertex 0 16.3 88
      vertex 1.25 36.4386 88
      vertex -1.25 36.4386 88
    endloop
  endfacet
  facet normal 0 0 1
    outer loop
      vertex 1.25 36.4386 88
      vertex 0 16.3 88
      vertex 1.25 16.3 88
    endloop
  endfacet
  facet normal -0 0 1
    outer loop
      vertex -3.73445 37.9165 88
      vertex -1.25 36.4386 88
      vertex 0 38.1 88
    endloop
  endfacet
  facet normal 0 0 1
    outer loop
      vertex -1.25 36.4386 88
      vertex -3.73445 37.9165 88
      vertex -3.57763 36.3242 88
    endloop
  endfacet
  facet normal 0 0 1
    outer loop
      vertex -3.73445 37.9165 88
      vertex -7.1208 35.7987 88
      vertex -3.57763 36.3242 88
    endloop
  endfacet
  facet normal -0 0 1
    outer loop
      vertex -7.43294 37.3679 88
      vertex -7.1208 35.7987 88
      vertex -3.73445 37.9165 88
    endloop
  endfacet
  facet normal 0 0 1
    outer loop
      vertex -7.43294 37.3679 88
      vertex -10.5954 34.9283 88
      vertex -7.1208 35.7987 88
    endloop
  endfacet
  facet normal -0 0 1
    outer loop
      vertex -11.0598 36.4594 88
      vertex -10.5954 34.9283 88
      vertex -7.43294 37.3679 88
    endloop
  endfacet
  facet normal 0 0 1
    outer loop
      vertex -11.0598 36.4594 88
      vertex -13.9679 33.7216 88
      vertex -10.5954 34.9283 88
    endloop
  endfacet
  facet normal -0 0 1
    outer loop
      vertex -14.5802 35.1998 88
      vertex -13.9679 33.7216 88
      vertex -11.0598 36.4594 88
    endloop
  endfacet
  facet normal 0 0 1
    outer loop
      vertex -14.5802 35.1998 88
      vertex -17.206 32.1901 88
      vertex -13.9679 33.7216 88
    endloop
  endfacet
  facet normal -0 0 1
    outer loop
      vertex -17.9602 33.6012 88
      vertex -17.206 32.1901 88
      vertex -14.5802 35.1998 88
    endloop
  endfacet
  facet normal 0 0 1
    outer loop
      vertex -17.9602 33.6012 88
      vertex -20.2783 30.3486 88
      vertex -17.206 32.1901 88
    endloop
  endfacet
  facet normal -0 0 1
    outer loop
      vertex -21.1672 31.679 88
      vertex -20.2783 30.3486 88
      vertex -17.9602 33.6012 88
    endloop
  endfacet
  facet normal 0 0 1
    outer loop
      vertex -21.1672 31.679 88
      vertex -23.1554 28.2149 88
      vertex -20.2783 30.3486 88
    endloop
  endfacet
  facet normal -0 0 1
    outer loop
      vertex -24.1704 29.4517 88
      vertex -23.1554 28.2149 88
      vertex -21.1672 31.679 88
    endloop
  endfacet
  facet normal 0 0 1
    outer loop
      vertex -24.1704 29.4517 88
      vertex -25.8094 25.8094 88
      vertex -23.1554 28.2149 88
    endloop
  endfacet
  facet normal -0 0 1
    outer loop
      vertex -26.9408 26.9408 88
      vertex -25.8094 25.8094 88
      vertex -24.1704 29.4517 88
    endloop
  endfacet
  facet normal 0 0 1
    outer loop
      vertex -26.9408 26.9408 88
      vertex -28.2149 23.1554 88
      vertex -25.8094 25.8094 88
    endloop
  endfacet
  facet normal -0 0 1
    outer loop
      vertex -29.4517 24.1704 88
      vertex -28.2149 23.1554 88
      vertex -26.9408 26.9408 88
    endloop
  endfacet
  facet normal 0 0 1
    outer loop
      vertex -29.4517 24.1704 88
      vertex -30.3486 20.2783 88
      vertex -28.2149 23.1554 88
    endloop
  endfacet
  facet normal -0 0 1
    outer loop
      vertex -31.679 21.1672 88
      vertex -30.3486 20.2783 88
      vertex -29.4517 24.1704 88
    endloop
  endfacet
  facet normal 0 0 1
    outer loop
      vertex -31.679 21.1672 88
      vertex -32.1901 17.206 88
      vertex -30.3486 20.2783 88
    endloop
  endfacet
  facet normal -0 0 1
    outer loop
      vertex -33.6012 17.9602 88
      vertex -32.1901 17.206 88
      vertex -31.679 21.1672 88
    endloop
  endfacet
  facet normal 0 0 1
    outer loop
      vertex -33.6012 17.9602 88
      vertex -33.7216 13.9679 88
      vertex -32.1901 17.206 88
    endloop
  endfacet
  facet normal -0 0 1
    outer loop
      vertex -35.1998 14.5802 88
      vertex -33.7216 13.9679 88
      vertex -33.6012 17.9602 88
    endloop
  endfacet
  facet normal 0 0 1
    outer loop
      vertex -33.7216 13.9679 88
      vertex -35.1998 14.5802 88
      vertex -34.9283 10.5954 88
    endloop
  endfacet
  facet normal -0 0 1
    outer loop
      vertex -36.4594 11.0598 88
      vertex -34.9283 10.5954 88
      vertex -35.1998 14.5802 88
    endloop
  endfacet
  facet normal 0 0 1
    outer loop
      vertex -34.9283 10.5954 88
      vertex -36.4594 11.0598 88
      vertex -35.7987 7.1208 88
    endloop
  endfacet
  facet normal -0 0 1
    outer loop
      vertex -37.9165 3.73445 88
      vertex -36.3242 3.57763 88
      vertex -37.3679 7.43294 88
    endloop
  endfacet
  facet normal 0 0 1
    outer loop
      vertex -35.7987 7.1208 88
      vertex -37.3679 7.43294 88
      vertex -36.3242 3.57763 88
    endloop
  endfacet
  facet normal -0 0 1
    outer loop
      vertex -37.3679 7.43294 88
      vertex -35.7987 7.1208 88
      vertex -36.4594 11.0598 88
    endloop
  endfacet
  facet normal 0 0 1
    outer loop
      vertex 37.9165 -3.73445 88
      vertex 36.3242 -3.57763 88
      vertex 37.3679 -7.43294 88
    endloop
  endfacet
  facet normal -0 0 1
    outer loop
      vertex 35.7987 -7.1208 88
      vertex 37.3679 -7.43294 88
      vertex 36.3242 -3.57763 88
    endloop
  endfacet
  facet normal 0 0 1
    outer loop
      vertex 37.3679 -7.43294 88
      vertex 35.7987 -7.1208 88
      vertex 36.4594 -11.0598 88
    endloop
  endfacet
  facet normal -0 0 1
    outer loop
      vertex 34.9283 -10.5954 88
      vertex 36.4594 -11.0598 88
      vertex 35.7987 -7.1208 88
    endloop
  endfacet
  facet normal 0 0 1
    outer loop
      vertex 36.4594 -11.0598 88
      vertex 34.9283 -10.5954 88
      vertex 35.1998 -14.5802 88
    endloop
  endfacet
  facet normal -0 0 1
    outer loop
      vertex 33.7216 -13.9679 88
      vertex 35.1998 -14.5802 88
      vertex 34.9283 -10.5954 88
    endloop
  endfacet
  facet normal 0 0 1
    outer loop
      vertex 33.7216 -13.9679 88
      vertex 33.6012 -17.9602 88
      vertex 35.1998 -14.5802 88
    endloop
  endfacet
  facet normal -0 0 1
    outer loop
      vertex 32.1901 -17.206 88
      vertex 33.6012 -17.9602 88
      vertex 33.7216 -13.9679 88
    endloop
  endfacet
  facet normal 0 0 1
    outer loop
      vertex 32.1901 -17.206 88
      vertex 31.679 -21.1672 88
      vertex 33.6012 -17.9602 88
    endloop
  endfacet
  facet normal -0 0 1
    outer loop
      vertex 30.3486 -20.2783 88
      vertex 31.679 -21.1672 88
      vertex 32.1901 -17.206 88
    endloop
  endfacet
  facet normal 0 0 1
    outer loop
      vertex 30.3486 -20.2783 88
      vertex 29.4517 -24.1704 88
      vertex 31.679 -21.1672 88
    endloop
  endfacet
  facet normal -0 0 1
    outer loop
      vertex 28.2149 -23.1554 88
      vertex 29.4517 -24.1704 88
      vertex 30.3486 -20.2783 88
    endloop
  endfacet
  facet normal 0 0 1
    outer loop
      vertex 28.2149 -23.1554 88
      vertex 26.9408 -26.9408 88
      vertex 29.4517 -24.1704 88
    endloop
  endfacet
  facet normal -0 0 1
    outer loop
      vertex 25.8094 -25.8094 88
      vertex 26.9408 -26.9408 88
      vertex 28.2149 -23.1554 88
    endloop
  endfacet
  facet normal 0 0 1
    outer loop
      vertex 25.8094 -25.8094 88
      vertex 24.1704 -29.4517 88
      vertex 26.9408 -26.9408 88
    endloop
  endfacet
  facet normal -0 0 1
    outer loop
      vertex 23.1554 -28.2149 88
      vertex 24.1704 -29.4517 88
      vertex 25.8094 -25.8094 88
    endloop
  endfacet
  facet normal 0 0 1
    outer loop
      vertex 23.1554 -28.2149 88
      vertex 21.1672 -31.679 88
      vertex 24.1704 -29.4517 88
    endloop
  endfacet
  facet normal -0 0 1
    outer loop
      vertex 20.2783 -30.3486 88
      vertex 21.1672 -31.679 88
      vertex 23.1554 -28.2149 88
    endloop
  endfacet
  facet normal 0 0 1
    outer loop
      vertex 20.2783 -30.3486 88
      vertex 17.9602 -33.6012 88
      vertex 21.1672 -31.679 88
    endloop
  endfacet
  facet normal -0 0 1
    outer loop
      vertex 17.206 -32.1901 88
      vertex 17.9602 -33.6012 88
      vertex 20.2783 -30.3486 88
    endloop
  endfacet
  facet normal 0 0 1
    outer loop
      vertex 17.206 -32.1901 88
      vertex 14.5802 -35.1998 88
      vertex 17.9602 -33.6012 88
    endloop
  endfacet
  facet normal -0 0 1
    outer loop
      vertex 13.9679 -33.7216 88
      vertex 14.5802 -35.1998 88
      vertex 17.206 -32.1901 88
    endloop
  endfacet
  facet normal 0 0 1
    outer loop
      vertex 13.9679 -33.7216 88
      vertex 11.0598 -36.4594 88
      vertex 14.5802 -35.1998 88
    endloop
  endfacet
  facet normal -0 0 1
    outer loop
      vertex 10.5954 -34.9283 88
      vertex 11.0598 -36.4594 88
      vertex 13.9679 -33.7216 88
    endloop
  endfacet
  facet normal 0 0 1
    outer loop
      vertex 10.5954 -34.9283 88
      vertex 7.43294 -37.3679 88
      vertex 11.0598 -36.4594 88
    endloop
  endfacet
  facet normal -0 0 1
    outer loop
      vertex 7.1208 -35.7987 88
      vertex 7.43294 -37.3679 88
      vertex 10.5954 -34.9283 88
    endloop
  endfacet
  facet normal 0 0 1
    outer loop
      vertex 7.1208 -35.7987 88
      vertex 3.73445 -37.9165 88
      vertex 7.43294 -37.3679 88
    endloop
  endfacet
  facet normal -0 0 1
    outer loop
      vertex 3.57763 -36.3242 88
      vertex 3.73445 -37.9165 88
      vertex 7.1208 -35.7987 88
    endloop
  endfacet
  facet normal -0 0 1
    outer loop
      vertex 1.25 -36.4386 88
      vertex 3.73445 -37.9165 88
      vertex 3.57763 -36.3242 88
    endloop
  endfacet
  facet normal 0 0 1
    outer loop
      vertex 1.25 -36.4386 88
      vertex 0 -38.1 88
      vertex 3.73445 -37.9165 88
    endloop
  endfacet
  facet normal 0 0 1
    outer loop
      vertex -1.25 -36.4386 88
      vertex 1.25 -36.4386 88
      vertex 0 -16.3 88
    endloop
  endfacet
  facet normal 0 0 1
    outer loop
      vertex -1.25 -36.4386 88
      vertex 0 -16.3 88
      vertex -1.25 -16.3 88
    endloop
  endfacet
  facet normal 0 0 1
    outer loop
      vertex 1.25 -36.4386 88
      vertex -1.25 -36.4386 88
      vertex 0 -38.1 88
    endloop
  endfacet
  facet normal 0 0 1
    outer loop
      vertex -3.73445 -37.9165 88
      vertex -1.25 -36.4386 88
      vertex -3.57763 -36.3242 88
    endloop
  endfacet
  facet normal 0 0 1
    outer loop
      vertex -1.25 -36.4386 88
      vertex -3.73445 -37.9165 88
      vertex 0 -38.1 88
    endloop
  endfacet
  facet normal 0 0 1
    outer loop
      vertex -7.1208 -35.7987 88
      vertex -3.73445 -37.9165 88
      vertex -3.57763 -36.3242 88
    endloop
  endfacet
  facet normal 0 0 1
    outer loop
      vertex -7.1208 -35.7987 88
      vertex -7.43294 -37.3679 88
      vertex -3.73445 -37.9165 88
    endloop
  endfacet
  facet normal 0 0 1
    outer loop
      vertex -10.5954 -34.9283 88
      vertex -7.43294 -37.3679 88
      vertex -7.1208 -35.7987 88
    endloop
  endfacet
  facet normal 0 0 1
    outer loop
      vertex -10.5954 -34.9283 88
      vertex -11.0598 -36.4594 88
      vertex -7.43294 -37.3679 88
    endloop
  endfacet
  facet normal 0 0 1
    outer loop
      vertex -13.9679 -33.7216 88
      vertex -11.0598 -36.4594 88
      vertex -10.5954 -34.9283 88
    endloop
  endfacet
  facet normal 0 0 1
    outer loop
      vertex -13.9679 -33.7216 88
      vertex -14.5802 -35.1998 88
      vertex -11.0598 -36.4594 88
    endloop
  endfacet
  facet normal 0 0 1
    outer loop
      vertex -17.206 -32.1901 88
      vertex -14.5802 -35.1998 88
      vertex -13.9679 -33.7216 88
    endloop
  endfacet
  facet normal 0 0 1
    outer loop
      vertex -17.206 -32.1901 88
      vertex -17.9602 -33.6012 88
      vertex -14.5802 -35.1998 88
    endloop
  endfacet
  facet normal 0 0 1
    outer loop
      vertex -20.2783 -30.3486 88
      vertex -17.9602 -33.6012 88
      vertex -17.206 -32.1901 88
    endloop
  endfacet
  facet normal 0 0 1
    outer loop
      vertex -20.2783 -30.3486 88
      vertex -21.1672 -31.679 88
      vertex -17.9602 -33.6012 88
    endloop
  endfacet
  facet normal 0 0 1
    outer loop
      vertex -23.1554 -28.2149 88
      vertex -21.1672 -31.679 88
      vertex -20.2783 -30.3486 88
    endloop
  endfacet
  facet normal 0 0 1
    outer loop
      vertex -23.1554 -28.2149 88
      vertex -24.1704 -29.4517 88
      vertex -21.1672 -31.679 88
    endloop
  endfacet
  facet normal 0 0 1
    outer loop
      vertex -25.8094 -25.8094 88
      vertex -24.1704 -29.4517 88
      vertex -23.1554 -28.2149 88
    endloop
  endfacet
  facet normal 0 0 1
    outer loop
      vertex -25.8094 -25.8094 88
      vertex -26.9408 -26.9408 88
      vertex -24.1704 -29.4517 88
    endloop
  endfacet
  facet normal 0 0 1
    outer loop
      vertex -28.2149 -23.1554 88
      vertex -26.9408 -26.9408 88
      vertex -25.8094 -25.8094 88
    endloop
  endfacet
  facet normal 0 0 1
    outer loop
      vertex -28.2149 -23.1554 88
      vertex -29.4517 -24.1704 88
      vertex -26.9408 -26.9408 88
    endloop
  endfacet
  facet normal 0 0 1
    outer loop
      vertex -30.3486 -20.2783 88
      vertex -29.4517 -24.1704 88
      vertex -28.2149 -23.1554 88
    endloop
  endfacet
  facet normal 0 0 1
    outer loop
      vertex -30.3486 -20.2783 88
      vertex -31.679 -21.1672 88
      vertex -29.4517 -24.1704 88
    endloop
  endfacet
  facet normal 0 0 1
    outer loop
      vertex -32.1901 -17.206 88
      vertex -31.679 -21.1672 88
      vertex -30.3486 -20.2783 88
    endloop
  endfacet
  facet normal 0 0 1
    outer loop
      vertex -32.1901 -17.206 88
      vertex -33.6012 -17.9602 88
      vertex -31.679 -21.1672 88
    endloop
  endfacet
  facet normal 0 0 1
    outer loop
      vertex -33.7216 -13.9679 88
      vertex -33.6012 -17.9602 88
      vertex -32.1901 -17.206 88
    endloop
  endfacet
  facet normal 0 0 1
    outer loop
      vertex -35.1998 -14.5802 88
      vertex -33.7216 -13.9679 88
      vertex -34.9283 -10.5954 88
    endloop
  endfacet
  facet normal 0 0 1
    outer loop
      vertex -33.7216 -13.9679 88
      vertex -35.1998 -14.5802 88
      vertex -33.6012 -17.9602 88
    endloop
  endfacet
  facet normal 0 0 1
    outer loop
      vertex -36.4594 -11.0598 88
      vertex -34.9283 -10.5954 88
      vertex -35.7987 -7.1208 88
    endloop
  endfacet
  facet normal 0 0 1
    outer loop
      vertex -37.3679 -7.43294 88
      vertex -35.7987 -7.1208 88
      vertex -36.3242 -3.57763 88
    endloop
  endfacet
  facet normal 0 0 1
    outer loop
      vertex -34.9283 -10.5954 88
      vertex -36.4594 -11.0598 88
      vertex -35.1998 -14.5802 88
    endloop
  endfacet
  facet normal 0 0 1
    outer loop
      vertex -37.9165 -3.73445 88
      vertex -36.3242 -3.57763 88
      vertex -36.4386 -1.25 88
    endloop
  endfacet
  facet normal 0 0 1
    outer loop
      vertex -36.3242 3.57763 88
      vertex -37.9165 3.73445 88
      vertex -36.4386 1.25 88
    endloop
  endfacet
  facet normal 0 0 1
    outer loop
      vertex -38.1 0 88
      vertex -36.4386 1.25 88
      vertex -37.9165 3.73445 88
    endloop
  endfacet
  facet normal 0 0 1
    outer loop
      vertex -35.7987 -7.1208 88
      vertex -37.3679 -7.43294 88
      vertex -36.4594 -11.0598 88
    endloop
  endfacet
  facet normal 0 0 1
    outer loop
      vertex -36.4386 1.25 88
      vertex -38.1 0 88
      vertex -36.4386 -1.25 88
    endloop
  endfacet
  facet normal 0 0 1
    outer loop
      vertex -36.3242 -3.57763 88
      vertex -37.9165 -3.73445 88
      vertex -37.3679 -7.43294 88
    endloop
  endfacet
  facet normal 0 0 1
    outer loop
      vertex -36.4386 -1.25 88
      vertex -38.1 0 88
      vertex -37.9165 -3.73445 88
    endloop
  endfacet
  facet normal -0.998795 0.0490779 0
    outer loop
      vertex -38.1 0 20
      vertex -37.9165 3.73445 88
      vertex -37.9165 3.73445 20
    endloop
  endfacet
  facet normal -0.998795 0.0490779 0
    outer loop
      vertex -37.9165 3.73445 88
      vertex -38.1 0 20
      vertex -38.1 0 88
    endloop
  endfacet
  facet normal 0.671552 -0.740957 0
    outer loop
      vertex 24.1704 -29.4517 20
      vertex 26.9408 -26.9408 88
      vertex 24.1704 -29.4517 88
    endloop
  endfacet
  facet normal 0.671552 -0.740957 0
    outer loop
      vertex 26.9408 -26.9408 88
      vertex 24.1704 -29.4517 20
      vertex 26.9408 -26.9408 20
    endloop
  endfacet
  facet normal -0.671567 0.740944 0
    outer loop
      vertex 25.8094 -25.8094 20
      vertex 23.1554 -28.2149 88
      vertex 25.8094 -25.8094 88
    endloop
  endfacet
  facet normal -0.671567 0.740944 0
    outer loop
      vertex 23.1554 -28.2149 88
      vertex 25.8094 -25.8094 20
      vertex 23.1554 -28.2149 20
    endloop
  endfacet
  facet normal -0.98918 -0.146709 0
    outer loop
      vertex 36.3242 3.57763 20
      vertex 35.7987 7.1208 88
      vertex 35.7987 7.1208 20
    endloop
  endfacet
  facet normal -0.98918 -0.146709 0
    outer loop
      vertex 35.7987 7.1208 88
      vertex 36.3242 3.57763 20
      vertex 36.3242 3.57763 88
    endloop
  endfacet
  facet normal -0.998794 -0.0490895 0
    outer loop
      vertex 36.4386 1.25 20
      vertex 36.3242 3.57763 88
      vertex 36.3242 3.57763 20
    endloop
  endfacet
  facet normal -0.998794 -0.0490895 0
    outer loop
      vertex 36.3242 3.57763 88
      vertex 36.4386 1.25 20
      vertex 36.4386 1.25 88
    endloop
  endfacet
  facet normal -0.970027 -0.242995 0
    outer loop
      vertex 35.7987 7.1208 20
      vertex 34.9283 10.5954 88
      vertex 34.9283 10.5954 20
    endloop
  endfacet
  facet normal -0.970027 -0.242995 0
    outer loop
      vertex 34.9283 10.5954 88
      vertex 35.7987 7.1208 20
      vertex 35.7987 7.1208 88
    endloop
  endfacet
  facet normal -0.33689 0.941544 0
    outer loop
      vertex 13.9679 -33.7216 20
      vertex 10.5954 -34.9283 88
      vertex 13.9679 -33.7216 88
    endloop
  endfacet
  facet normal -0.33689 0.941544 0
    outer loop
      vertex 10.5954 -34.9283 88
      vertex 13.9679 -33.7216 20
      vertex 10.5954 -34.9283 20
    endloop
  endfacet
  facet normal 0.671567 -0.740944 0
    outer loop
      vertex -25.8094 25.8094 20
      vertex -23.1554 28.2149 88
      vertex -25.8094 25.8094 88
    endloop
  endfacet
  facet normal 0.671567 -0.740944 0
    outer loop
      vertex -23.1554 28.2149 88
      vertex -25.8094 25.8094 20
      vertex -23.1554 28.2149 20
    endloop
  endfacet
  facet normal 0.970027 0.242995 0
    outer loop
      vertex -34.9283 -10.5954 88
      vertex -35.7987 -7.1208 20
      vertex -35.7987 -7.1208 88
    endloop
  endfacet
  facet normal 0.970027 0.242995 0
    outer loop
      vertex -35.7987 -7.1208 20
      vertex -34.9283 -10.5954 88
      vertex -34.9283 -10.5954 20
    endloop
  endfacet
  facet normal -0.427553 -0.90399 0
    outer loop
      vertex 13.9679 33.7216 20
      vertex 17.206 32.1901 88
      vertex 13.9679 33.7216 88
    endloop
  endfacet
  facet normal -0.427553 -0.90399 -0
    outer loop
      vertex 17.206 32.1901 88
      vertex 13.9679 33.7216 20
      vertex 17.206 32.1901 20
    endloop
  endfacet
  facet normal 0.242995 0.970027 -0
    outer loop
      vertex -7.1208 -35.7987 20
      vertex -10.5954 -34.9283 88
      vertex -7.1208 -35.7987 88
    endloop
  endfacet
  facet normal 0.242995 0.970027 0
    outer loop
      vertex -10.5954 -34.9283 88
      vertex -7.1208 -35.7987 20
      vertex -10.5954 -34.9283 20
    endloop
  endfacet
  facet normal 0.146709 0.98918 -0
    outer loop
      vertex -3.57763 -36.3242 20
      vertex -7.1208 -35.7987 88
      vertex -3.57763 -36.3242 88
    endloop
  endfacet
  facet normal 0.146709 0.98918 0
    outer loop
      vertex -7.1208 -35.7987 88
      vertex -3.57763 -36.3242 20
      vertex -7.1208 -35.7987 20
    endloop
  endfacet
  facet normal -0.242995 -0.970027 0
    outer loop
      vertex 7.1208 35.7987 20
      vertex 10.5954 34.9283 88
      vertex 7.1208 35.7987 88
    endloop
  endfacet
  facet normal -0.242995 -0.970027 -0
    outer loop
      vertex 10.5954 34.9283 88
      vertex 7.1208 35.7987 20
      vertex 10.5954 34.9283 20
    endloop
  endfacet
  facet normal 0.740944 -0.671567 0
    outer loop
      vertex -28.2149 23.1554 88
      vertex -25.8094 25.8094 20
      vertex -25.8094 25.8094 88
    endloop
  endfacet
  facet normal 0.740944 -0.671567 0
    outer loop
      vertex -25.8094 25.8094 20
      vertex -28.2149 23.1554 88
      vertex -28.2149 23.1554 20
    endloop
  endfacet
  facet normal 0.33689 -0.941544 0
    outer loop
      vertex -13.9679 33.7216 20
      vertex -10.5954 34.9283 88
      vertex -13.9679 33.7216 88
    endloop
  endfacet
  facet normal 0.33689 -0.941544 0
    outer loop
      vertex -10.5954 34.9283 88
      vertex -13.9679 33.7216 20
      vertex -10.5954 34.9283 20
    endloop
  endfacet
  facet normal -0.0490895 0.998794 0
    outer loop
      vertex 3.57763 -36.3242 20
      vertex 1.25 -36.4386 88
      vertex 3.57763 -36.3242 88
    endloop
  endfacet
  facet normal -0.0490895 0.998794 0
    outer loop
      vertex 1.25 -36.4386 88
      vertex 3.57763 -36.3242 20
      vertex 1.25 -36.4386 20
    endloop
  endfacet
  facet normal 0.0490895 -0.998794 0
    outer loop
      vertex -3.57763 36.3242 20
      vertex -1.25 36.4386 88
      vertex -3.57763 36.3242 88
    endloop
  endfacet
  facet normal 0.0490895 -0.998794 0
    outer loop
      vertex -1.25 36.4386 88
      vertex -3.57763 36.3242 20
      vertex -1.25 36.4386 20
    endloop
  endfacet
  facet normal 0.595681 0.803221 -0
    outer loop
      vertex -20.2783 -30.3486 20
      vertex -23.1554 -28.2149 88
      vertex -20.2783 -30.3486 88
    endloop
  endfacet
  facet normal 0.595681 0.803221 0
    outer loop
      vertex -23.1554 -28.2149 88
      vertex -20.2783 -30.3486 20
      vertex -23.1554 -28.2149 20
    endloop
  endfacet
  facet normal 0.90399 0.427553 0
    outer loop
      vertex -32.1901 -17.206 88
      vertex -33.7216 -13.9679 20
      vertex -33.7216 -13.9679 88
    endloop
  endfacet
  facet normal 0.90399 0.427553 0
    outer loop
      vertex -33.7216 -13.9679 20
      vertex -32.1901 -17.206 88
      vertex -32.1901 -17.206 20
    endloop
  endfacet
  facet normal 0.146709 -0.98918 0
    outer loop
      vertex -7.1208 35.7987 20
      vertex -3.57763 36.3242 88
      vertex -7.1208 35.7987 88
    endloop
  endfacet
  facet normal 0.146709 -0.98918 0
    outer loop
      vertex -3.57763 36.3242 88
      vertex -7.1208 35.7987 20
      vertex -3.57763 36.3242 20
    endloop
  endfacet
  facet normal -0.595681 0.803221 0
    outer loop
      vertex 23.1554 -28.2149 20
      vertex 20.2783 -30.3486 88
      vertex 23.1554 -28.2149 88
    endloop
  endfacet
  facet normal -0.595681 0.803221 0
    outer loop
      vertex 20.2783 -30.3486 88
      vertex 23.1554 -28.2149 20
      vertex 20.2783 -30.3486 20
    endloop
  endfacet
  facet normal -0.51411 -0.857724 0
    outer loop
      vertex 17.206 32.1901 20
      vertex 20.2783 30.3486 88
      vertex 17.206 32.1901 88
    endloop
  endfacet
  facet normal -0.51411 -0.857724 -0
    outer loop
      vertex 20.2783 30.3486 88
      vertex 17.206 32.1901 20
      vertex 20.2783 30.3486 20
    endloop
  endfacet
  facet normal 0.998794 0.0490895 0
    outer loop
      vertex -36.3242 -3.57763 88
      vertex -36.4386 -1.25 20
      vertex -36.4386 -1.25 88
    endloop
  endfacet
  facet normal 0.998794 0.0490895 0
    outer loop
      vertex -36.4386 -1.25 20
      vertex -36.3242 -3.57763 88
      vertex -36.3242 -3.57763 20
    endloop
  endfacet
  facet normal 0.90399 -0.427553 0
    outer loop
      vertex -33.7216 13.9679 88
      vertex -32.1901 17.206 20
      vertex -32.1901 17.206 88
    endloop
  endfacet
  facet normal 0.90399 -0.427553 0
    outer loop
      vertex -32.1901 17.206 20
      vertex -33.7216 13.9679 88
      vertex -33.7216 13.9679 20
    endloop
  endfacet
  facet normal -0.970027 0.242995 0
    outer loop
      vertex 34.9283 -10.5954 20
      vertex 35.7987 -7.1208 88
      vertex 35.7987 -7.1208 20
    endloop
  endfacet
  facet normal -0.970027 0.242995 0
    outer loop
      vertex 35.7987 -7.1208 88
      vertex 34.9283 -10.5954 20
      vertex 34.9283 -10.5954 88
    endloop
  endfacet
  facet normal -0.671567 -0.740944 0
    outer loop
      vertex 23.1554 28.2149 20
      vertex 25.8094 25.8094 88
      vertex 23.1554 28.2149 88
    endloop
  endfacet
  facet normal -0.671567 -0.740944 -0
    outer loop
      vertex 25.8094 25.8094 88
      vertex 23.1554 28.2149 20
      vertex 25.8094 25.8094 20
    endloop
  endfacet
  facet normal -0.595681 -0.803221 0
    outer loop
      vertex 20.2783 30.3486 20
      vertex 23.1554 28.2149 88
      vertex 20.2783 30.3486 88
    endloop
  endfacet
  facet normal -0.595681 -0.803221 -0
    outer loop
      vertex 23.1554 28.2149 88
      vertex 20.2783 30.3486 20
      vertex 23.1554 28.2149 20
    endloop
  endfacet
  facet normal 0.595681 -0.803221 0
    outer loop
      vertex -23.1554 28.2149 20
      vertex -20.2783 30.3486 88
      vertex -23.1554 28.2149 88
    endloop
  endfacet
  facet normal 0.595681 -0.803221 0
    outer loop
      vertex -20.2783 30.3486 88
      vertex -23.1554 28.2149 20
      vertex -20.2783 30.3486 20
    endloop
  endfacet
  facet normal -0.51411 0.857724 0
    outer loop
      vertex 20.2783 -30.3486 20
      vertex 17.206 -32.1901 88
      vertex 20.2783 -30.3486 88
    endloop
  endfacet
  facet normal -0.51411 0.857724 0
    outer loop
      vertex 17.206 -32.1901 88
      vertex 20.2783 -30.3486 20
      vertex 17.206 -32.1901 20
    endloop
  endfacet
  facet normal -0.740944 -0.671567 0
    outer loop
      vertex 28.2149 23.1554 20
      vertex 25.8094 25.8094 88
      vertex 25.8094 25.8094 20
    endloop
  endfacet
  facet normal -0.740944 -0.671567 0
    outer loop
      vertex 25.8094 25.8094 88
      vertex 28.2149 23.1554 20
      vertex 28.2149 23.1554 88
    endloop
  endfacet
  facet normal -0.803221 -0.595681 0
    outer loop
      vertex 30.3486 20.2783 20
      vertex 28.2149 23.1554 88
      vertex 28.2149 23.1554 20
    endloop
  endfacet
  facet normal -0.803221 -0.595681 0
    outer loop
      vertex 28.2149 23.1554 88
      vertex 30.3486 20.2783 20
      vertex 30.3486 20.2783 88
    endloop
  endfacet
  facet normal -0.98918 0.146709 0
    outer loop
      vertex 35.7987 -7.1208 20
      vertex 36.3242 -3.57763 88
      vertex 36.3242 -3.57763 20
    endloop
  endfacet
  facet normal -0.98918 0.146709 0
    outer loop
      vertex 36.3242 -3.57763 88
      vertex 35.7987 -7.1208 20
      vertex 35.7987 -7.1208 88
    endloop
  endfacet
  facet normal 0.941544 -0.33689 0
    outer loop
      vertex -34.9283 10.5954 88
      vertex -33.7216 13.9679 20
      vertex -33.7216 13.9679 88
    endloop
  endfacet
  facet normal 0.941544 -0.33689 0
    outer loop
      vertex -33.7216 13.9679 20
      vertex -34.9283 10.5954 88
      vertex -34.9283 10.5954 20
    endloop
  endfacet
  facet normal -0.90399 0.427553 0
    outer loop
      vertex 32.1901 -17.206 20
      vertex 33.7216 -13.9679 88
      vertex 33.7216 -13.9679 20
    endloop
  endfacet
  facet normal -0.90399 0.427553 0
    outer loop
      vertex 33.7216 -13.9679 88
      vertex 32.1901 -17.206 20
      vertex 32.1901 -17.206 88
    endloop
  endfacet
  facet normal -0.998794 0.0490895 0
    outer loop
      vertex 36.3242 -3.57763 20
      vertex 36.4386 -1.25 88
      vertex 36.4386 -1.25 20
    endloop
  endfacet
  facet normal -0.998794 0.0490895 0
    outer loop
      vertex 36.4386 -1.25 88
      vertex 36.3242 -3.57763 20
      vertex 36.3242 -3.57763 88
    endloop
  endfacet
  facet normal -0.242995 0.970027 0
    outer loop
      vertex 10.5954 -34.9283 20
      vertex 7.1208 -35.7987 88
      vertex 10.5954 -34.9283 88
    endloop
  endfacet
  facet normal -0.242995 0.970027 0
    outer loop
      vertex 7.1208 -35.7987 88
      vertex 10.5954 -34.9283 20
      vertex 7.1208 -35.7987 20
    endloop
  endfacet
  facet normal -0.146709 0.98918 0
    outer loop
      vertex 7.1208 -35.7987 20
      vertex 3.57763 -36.3242 88
      vertex 7.1208 -35.7987 88
    endloop
  endfacet
  facet normal -0.146709 0.98918 0
    outer loop
      vertex 3.57763 -36.3242 88
      vertex 7.1208 -35.7987 20
      vertex 3.57763 -36.3242 20
    endloop
  endfacet
  facet normal -0.941544 -0.33689 0
    outer loop
      vertex 34.9283 10.5954 20
      vertex 33.7216 13.9679 88
      vertex 33.7216 13.9679 20
    endloop
  endfacet
  facet normal -0.941544 -0.33689 0
    outer loop
      vertex 33.7216 13.9679 88
      vertex 34.9283 10.5954 20
      vertex 34.9283 10.5954 88
    endloop
  endfacet
  facet normal -0.803221 0.595681 0
    outer loop
      vertex 28.2149 -23.1554 20
      vertex 30.3486 -20.2783 88
      vertex 30.3486 -20.2783 20
    endloop
  endfacet
  facet normal -0.803221 0.595681 0
    outer loop
      vertex 30.3486 -20.2783 88
      vertex 28.2149 -23.1554 20
      vertex 28.2149 -23.1554 88
    endloop
  endfacet
  facet normal -0.857724 0.51411 0
    outer loop
      vertex 30.3486 -20.2783 20
      vertex 32.1901 -17.206 88
      vertex 32.1901 -17.206 20
    endloop
  endfacet
  facet normal -0.857724 0.51411 0
    outer loop
      vertex 32.1901 -17.206 88
      vertex 30.3486 -20.2783 20
      vertex 30.3486 -20.2783 88
    endloop
  endfacet
  facet normal -0.427553 0.90399 0
    outer loop
      vertex 17.206 -32.1901 20
      vertex 13.9679 -33.7216 88
      vertex 17.206 -32.1901 88
    endloop
  endfacet
  facet normal -0.427553 0.90399 0
    outer loop
      vertex 13.9679 -33.7216 88
      vertex 17.206 -32.1901 20
      vertex 13.9679 -33.7216 20
    endloop
  endfacet
  facet normal -0.0490895 -0.998794 0
    outer loop
      vertex 1.25 36.4386 20
      vertex 3.57763 36.3242 88
      vertex 1.25 36.4386 88
    endloop
  endfacet
  facet normal -0.0490895 -0.998794 -0
    outer loop
      vertex 3.57763 36.3242 88
      vertex 1.25 36.4386 20
      vertex 3.57763 36.3242 20
    endloop
  endfacet
  facet normal 0.51411 -0.857724 0
    outer loop
      vertex -20.2783 30.3486 20
      vertex -17.206 32.1901 88
      vertex -20.2783 30.3486 88
    endloop
  endfacet
  facet normal 0.51411 -0.857724 0
    outer loop
      vertex -17.206 32.1901 88
      vertex -20.2783 30.3486 20
      vertex -17.206 32.1901 20
    endloop
  endfacet
  facet normal -0.941544 0.33689 0
    outer loop
      vertex 33.7216 -13.9679 20
      vertex 34.9283 -10.5954 88
      vertex 34.9283 -10.5954 20
    endloop
  endfacet
  facet normal -0.941544 0.33689 0
    outer loop
      vertex 34.9283 -10.5954 88
      vertex 33.7216 -13.9679 20
      vertex 33.7216 -13.9679 88
    endloop
  endfacet
  facet normal 0.242995 -0.970027 0
    outer loop
      vertex -10.5954 34.9283 20
      vertex -7.1208 35.7987 88
      vertex -10.5954 34.9283 88
    endloop
  endfacet
  facet normal 0.242995 -0.970027 0
    outer loop
      vertex -7.1208 35.7987 88
      vertex -10.5954 34.9283 20
      vertex -7.1208 35.7987 20
    endloop
  endfacet
  facet normal -0.90399 -0.427553 0
    outer loop
      vertex 33.7216 13.9679 20
      vertex 32.1901 17.206 88
      vertex 32.1901 17.206 20
    endloop
  endfacet
  facet normal -0.90399 -0.427553 0
    outer loop
      vertex 32.1901 17.206 88
      vertex 33.7216 13.9679 20
      vertex 33.7216 13.9679 88
    endloop
  endfacet
  facet normal 0.427553 -0.90399 0
    outer loop
      vertex -17.206 32.1901 20
      vertex -13.9679 33.7216 88
      vertex -17.206 32.1901 88
    endloop
  endfacet
  facet normal 0.427553 -0.90399 0
    outer loop
      vertex -13.9679 33.7216 88
      vertex -17.206 32.1901 20
      vertex -13.9679 33.7216 20
    endloop
  endfacet
  facet normal -0.146709 -0.98918 0
    outer loop
      vertex 3.57763 36.3242 20
      vertex 7.1208 35.7987 88
      vertex 3.57763 36.3242 88
    endloop
  endfacet
  facet normal -0.146709 -0.98918 -0
    outer loop
      vertex 7.1208 35.7987 88
      vertex 3.57763 36.3242 20
      vertex 7.1208 35.7987 20
    endloop
  endfacet
  facet normal 0.857724 0.51411 0
    outer loop
      vertex -30.3486 -20.2783 88
      vertex -32.1901 -17.206 20
      vertex -32.1901 -17.206 88
    endloop
  endfacet
  facet normal 0.857724 0.51411 0
    outer loop
      vertex -32.1901 -17.206 20
      vertex -30.3486 -20.2783 88
      vertex -30.3486 -20.2783 20
    endloop
  endfacet
  facet normal -0.857724 -0.51411 0
    outer loop
      vertex 32.1901 17.206 20
      vertex 30.3486 20.2783 88
      vertex 30.3486 20.2783 20
    endloop
  endfacet
  facet normal -0.857724 -0.51411 0
    outer loop
      vertex 30.3486 20.2783 88
      vertex 32.1901 17.206 20
      vertex 32.1901 17.206 88
    endloop
  endfacet
  facet normal 0.740944 0.671567 0
    outer loop
      vertex -25.8094 -25.8094 88
      vertex -28.2149 -23.1554 20
      vertex -28.2149 -23.1554 88
    endloop
  endfacet
  facet normal 0.740944 0.671567 0
    outer loop
      vertex -28.2149 -23.1554 20
      vertex -25.8094 -25.8094 88
      vertex -25.8094 -25.8094 20
    endloop
  endfacet
  facet normal 0.427553 0.90399 -0
    outer loop
      vertex -13.9679 -33.7216 20
      vertex -17.206 -32.1901 88
      vertex -13.9679 -33.7216 88
    endloop
  endfacet
  facet normal 0.427553 0.90399 0
    outer loop
      vertex -17.206 -32.1901 88
      vertex -13.9679 -33.7216 20
      vertex -17.206 -32.1901 20
    endloop
  endfacet
  facet normal 0.941544 0.33689 0
    outer loop
      vertex -33.7216 -13.9679 88
      vertex -34.9283 -10.5954 20
      vertex -34.9283 -10.5954 88
    endloop
  endfacet
  facet normal 0.941544 0.33689 0
    outer loop
      vertex -34.9283 -10.5954 20
      vertex -33.7216 -13.9679 88
      vertex -33.7216 -13.9679 20
    endloop
  endfacet
  facet normal 0.51411 0.857724 -0
    outer loop
      vertex -17.206 -32.1901 20
      vertex -20.2783 -30.3486 88
      vertex -17.206 -32.1901 88
    endloop
  endfacet
  facet normal 0.51411 0.857724 0
    outer loop
      vertex -20.2783 -30.3486 88
      vertex -17.206 -32.1901 20
      vertex -20.2783 -30.3486 20
    endloop
  endfacet
  facet normal 0.970027 -0.242995 0
    outer loop
      vertex -35.7987 7.1208 88
      vertex -34.9283 10.5954 20
      vertex -34.9283 10.5954 88
    endloop
  endfacet
  facet normal 0.970027 -0.242995 0
    outer loop
      vertex -34.9283 10.5954 20
      vertex -35.7987 7.1208 88
      vertex -35.7987 7.1208 20
    endloop
  endfacet
  facet normal 0.98918 -0.146709 0
    outer loop
      vertex -36.3242 3.57763 88
      vertex -35.7987 7.1208 20
      vertex -35.7987 7.1208 88
    endloop
  endfacet
  facet normal 0.98918 -0.146709 0
    outer loop
      vertex -35.7987 7.1208 20
      vertex -36.3242 3.57763 88
      vertex -36.3242 3.57763 20
    endloop
  endfacet
  facet normal 0.803221 0.595681 0
    outer loop
      vertex -28.2149 -23.1554 88
      vertex -30.3486 -20.2783 20
      vertex -30.3486 -20.2783 88
    endloop
  endfacet
  facet normal 0.803221 0.595681 0
    outer loop
      vertex -30.3486 -20.2783 20
      vertex -28.2149 -23.1554 88
      vertex -28.2149 -23.1554 20
    endloop
  endfacet
  facet normal 0.98918 0.146709 0
    outer loop
      vertex -35.7987 -7.1208 88
      vertex -36.3242 -3.57763 20
      vertex -36.3242 -3.57763 88
    endloop
  endfacet
  facet normal 0.98918 0.146709 0
    outer loop
      vertex -36.3242 -3.57763 20
      vertex -35.7987 -7.1208 88
      vertex -35.7987 -7.1208 20
    endloop
  endfacet
  facet normal 0.671567 0.740944 -0
    outer loop
      vertex -23.1554 -28.2149 20
      vertex -25.8094 -25.8094 88
      vertex -23.1554 -28.2149 88
    endloop
  endfacet
  facet normal 0.671567 0.740944 0
    outer loop
      vertex -25.8094 -25.8094 88
      vertex -23.1554 -28.2149 20
      vertex -25.8094 -25.8094 20
    endloop
  endfacet
  facet normal 0.803221 -0.595681 0
    outer loop
      vertex -30.3486 20.2783 88
      vertex -28.2149 23.1554 20
      vertex -28.2149 23.1554 88
    endloop
  endfacet
  facet normal 0.803221 -0.595681 0
    outer loop
      vertex -28.2149 23.1554 20
      vertex -30.3486 20.2783 88
      vertex -30.3486 20.2783 20
    endloop
  endfacet
  facet normal 0.857724 -0.51411 0
    outer loop
      vertex -32.1901 17.206 88
      vertex -30.3486 20.2783 20
      vertex -30.3486 20.2783 88
    endloop
  endfacet
  facet normal 0.857724 -0.51411 0
    outer loop
      vertex -30.3486 20.2783 20
      vertex -32.1901 17.206 88
      vertex -32.1901 17.206 20
    endloop
  endfacet
  facet normal 0.0490895 0.998794 -0
    outer loop
      vertex -1.25 -36.4386 20
      vertex -3.57763 -36.3242 88
      vertex -1.25 -36.4386 88
    endloop
  endfacet
  facet normal 0.0490895 0.998794 0
    outer loop
      vertex -3.57763 -36.3242 88
      vertex -1.25 -36.4386 20
      vertex -3.57763 -36.3242 20
    endloop
  endfacet
  facet normal 0.998794 -0.0490895 0
    outer loop
      vertex -36.4386 1.25 88
      vertex -36.3242 3.57763 20
      vertex -36.3242 3.57763 88
    endloop
  endfacet
  facet normal 0.998794 -0.0490895 0
    outer loop
      vertex -36.3242 3.57763 20
      vertex -36.4386 1.25 88
      vertex -36.4386 1.25 20
    endloop
  endfacet
  facet normal 0.33689 0.941544 -0
    outer loop
      vertex -10.5954 -34.9283 20
      vertex -13.9679 -33.7216 88
      vertex -10.5954 -34.9283 88
    endloop
  endfacet
  facet normal 0.33689 0.941544 0
    outer loop
      vertex -13.9679 -33.7216 88
      vertex -10.5954 -34.9283 20
      vertex -13.9679 -33.7216 20
    endloop
  endfacet
  facet normal -0.33689 -0.941544 0
    outer loop
      vertex 10.5954 34.9283 20
      vertex 13.9679 33.7216 88
      vertex 10.5954 34.9283 88
    endloop
  endfacet
  facet normal -0.33689 -0.941544 -0
    outer loop
      vertex 13.9679 33.7216 88
      vertex 10.5954 34.9283 20
      vertex 13.9679 33.7216 20
    endloop
  endfacet
  facet normal -0.740944 0.671567 0
    outer loop
      vertex 25.8094 -25.8094 20
      vertex 28.2149 -23.1554 88
      vertex 28.2149 -23.1554 20
    endloop
  endfacet
  facet normal -0.740944 0.671567 0
    outer loop
      vertex 28.2149 -23.1554 88
      vertex 25.8094 -25.8094 20
      vertex 25.8094 -25.8094 88
    endloop
  endfacet
  facet normal -1 0 0
    outer loop
      vertex 16.3 -1.25 0
      vertex 16.3 0 88
      vertex 16.3 0 0
    endloop
  endfacet
  facet normal -1 -0 0
    outer loop
      vertex 16.3 0 88
      vertex 16.3 -1.25 0
      vertex 16.3 -1.25 88
    endloop
  endfacet
  facet normal -1 0 0
    outer loop
      vertex 16.3 0 0
      vertex 16.3 1.25 88
      vertex 16.3 1.25 0
    endloop
  endfacet
  facet normal -1 -0 0
    outer loop
      vertex 16.3 1.25 88
      vertex 16.3 0 0
      vertex 16.3 0 88
    endloop
  endfacet
  facet normal 0 1 -0
    outer loop
      vertex 37.9386 1.25 0
      vertex 36.4386 1.25 20
      vertex 37.9386 1.25 20
    endloop
  endfacet
  facet normal 0 1 0
    outer loop
      vertex 36.4386 1.25 20
      vertex 30.2 1.25 17.8027
      vertex 30.2 1.25 19.7973
    endloop
  endfacet
  facet normal 0 1 0
    outer loop
      vertex 30.2 1.25 17.8027
      vertex 37.9386 1.25 0
      vertex 24.1 1.25 17.8027
    endloop
  endfacet
  facet normal 0 1 0
    outer loop
      vertex 36.4386 1.25 20
      vertex 37.9386 1.25 0
      vertex 30.2 1.25 17.8027
    endloop
  endfacet
  facet normal 0 1 0
    outer loop
      vertex 30.2 1.25 19.7973
      vertex 36.4386 1.25 88
      vertex 36.4386 1.25 20
    endloop
  endfacet
  facet normal 0 1 0
    outer loop
      vertex 24.1 1.25 19.7973
      vertex 36.4386 1.25 88
      vertex 30.2 1.25 19.7973
    endloop
  endfacet
  facet normal 0 1 0
    outer loop
      vertex 36.4386 1.25 88
      vertex 24.1 1.25 19.7973
      vertex 16.3 1.25 88
    endloop
  endfacet
  facet normal 0 1 0
    outer loop
      vertex 16.3 1.25 0
      vertex 24.1 1.25 19.7973
      vertex 24.1 1.25 17.8027
    endloop
  endfacet
  facet normal 0 1 0
    outer loop
      vertex 24.1 1.25 19.7973
      vertex 16.3 1.25 0
      vertex 16.3 1.25 88
    endloop
  endfacet
  facet normal 0 1 0
    outer loop
      vertex 16.3 1.25 0
      vertex 24.1 1.25 17.8027
      vertex 37.9386 1.25 0
    endloop
  endfacet
  facet normal 0 -1 0
    outer loop
      vertex 24.1 -1.25 19.7973
      vertex 36.4386 -1.25 88
      vertex 16.3 -1.25 88
    endloop
  endfacet
  facet normal 0 -1 -0
    outer loop
      vertex 36.4386 -1.25 88
      vertex 30.2 -1.25 19.7973
      vertex 36.4386 -1.25 20
    endloop
  endfacet
  facet normal 0 -1 0
    outer loop
      vertex 36.4386 -1.25 88
      vertex 24.1 -1.25 19.7973
      vertex 30.2 -1.25 19.7973
    endloop
  endfacet
  facet normal 0 -1 0
    outer loop
      vertex 16.3 -1.25 0
      vertex 24.1 -1.25 19.7973
      vertex 16.3 -1.25 88
    endloop
  endfacet
  facet normal 0 -1 -0
    outer loop
      vertex 24.1 -1.25 17.8027
      vertex 16.3 -1.25 0
      vertex 30.2 -1.25 17.8027
    endloop
  endfacet
  facet normal 0 -1 -0
    outer loop
      vertex 24.1 -1.25 19.7973
      vertex 16.3 -1.25 0
      vertex 24.1 -1.25 17.8027
    endloop
  endfacet
  facet normal 0 -1 0
    outer loop
      vertex 30.2 -1.25 17.8027
      vertex 36.4386 -1.25 20
      vertex 30.2 -1.25 19.7973
    endloop
  endfacet
  facet normal 0 -1 0
    outer loop
      vertex 37.9386 -1.25 0
      vertex 36.4386 -1.25 20
      vertex 30.2 -1.25 17.8027
    endloop
  endfacet
  facet normal 0 -1 0
    outer loop
      vertex 37.9386 -1.25 0
      vertex 30.2 -1.25 17.8027
      vertex 16.3 -1.25 0
    endloop
  endfacet
  facet normal 0 -1 0
    outer loop
      vertex 36.4386 -1.25 20
      vertex 37.9386 -1.25 0
      vertex 37.9386 -1.25 20
    endloop
  endfacet
  facet normal 0 -1 0
    outer loop
      vertex 0 16.3 0
      vertex 1.25 16.3 88
      vertex 0 16.3 88
    endloop
  endfacet
  facet normal 0 -1 -0
    outer loop
      vertex 1.25 16.3 88
      vertex 0 16.3 0
      vertex 1.25 16.3 0
    endloop
  endfacet
  facet normal 0 -1 0
    outer loop
      vertex -1.25 16.3 0
      vertex 0 16.3 88
      vertex -1.25 16.3 88
    endloop
  endfacet
  facet normal 0 -1 -0
    outer loop
      vertex 0 16.3 88
      vertex -1.25 16.3 0
      vertex 0 16.3 0
    endloop
  endfacet
  facet normal -1 0 0
    outer loop
      vertex -1.25 37.9386 0
      vertex -1.25 36.4386 20
      vertex -1.25 37.9386 20
    endloop
  endfacet
  facet normal -1 0 0
    outer loop
      vertex -1.25 30.2 19.7973
      vertex -1.25 36.4386 20
      vertex -1.25 30.2 17.8027
    endloop
  endfacet
  facet normal -1 0 0
    outer loop
      vertex -1.25 37.9386 0
      vertex -1.25 30.2 17.8027
      vertex -1.25 36.4386 20
    endloop
  endfacet
  facet normal -1 0 0
    outer loop
      vertex -1.25 37.9386 0
      vertex -1.25 24.1 17.8027
      vertex -1.25 30.2 17.8027
    endloop
  endfacet
  facet normal -1 -0 0
    outer loop
      vertex -1.25 24.1 17.8027
      vertex -1.25 16.3 0
      vertex -1.25 24.1 19.7973
    endloop
  endfacet
  facet normal -1 0 0
    outer loop
      vertex -1.25 16.3 0
      vertex -1.25 24.1 17.8027
      vertex -1.25 37.9386 0
    endloop
  endfacet
  facet normal -1 -0 0
    outer loop
      vertex -1.25 36.4386 20
      vertex -1.25 30.2 19.7973
      vertex -1.25 36.4386 88
    endloop
  endfacet
  facet normal -1 0 0
    outer loop
      vertex -1.25 24.1 19.7973
      vertex -1.25 36.4386 88
      vertex -1.25 30.2 19.7973
    endloop
  endfacet
  facet normal -1 0 0
    outer loop
      vertex -1.25 16.3 88
      vertex -1.25 24.1 19.7973
      vertex -1.25 16.3 0
    endloop
  endfacet
  facet normal -1 0 0
    outer loop
      vertex -1.25 24.1 19.7973
      vertex -1.25 16.3 88
      vertex -1.25 36.4386 88
    endloop
  endfacet
  facet normal 1 0 0
    outer loop
      vertex 1.25 36.4386 88
      vertex 1.25 30.2 19.7973
      vertex 1.25 36.4386 20
    endloop
  endfacet
  facet normal 1 0 0
    outer loop
      vertex 1.25 36.4386 88
      vertex 1.25 24.1 19.7973
      vertex 1.25 30.2 19.7973
    endloop
  endfacet
  facet normal 1 0 0
    outer loop
      vertex 1.25 16.3 0
      vertex 1.25 24.1 19.7973
      vertex 1.25 16.3 88
    endloop
  endfacet
  facet normal 1 -0 0
    outer loop
      vertex 1.25 16.3 88
      vertex 1.25 24.1 19.7973
      vertex 1.25 36.4386 88
    endloop
  endfacet
  facet normal 1 -0 0
    outer loop
      vertex 1.25 36.4386 20
      vertex 1.25 37.9386 0
      vertex 1.25 37.9386 20
    endloop
  endfacet
  facet normal 1 0 0
    outer loop
      vertex 1.25 30.2 17.8027
      vertex 1.25 36.4386 20
      vertex 1.25 30.2 19.7973
    endloop
  endfacet
  facet normal 1 0 0
    outer loop
      vertex 1.25 36.4386 20
      vertex 1.25 30.2 17.8027
      vertex 1.25 37.9386 0
    endloop
  endfacet
  facet normal 1 -0 0
    outer loop
      vertex 1.25 24.1 17.8027
      vertex 1.25 37.9386 0
      vertex 1.25 30.2 17.8027
    endloop
  endfacet
  facet normal 1 0 0
    outer loop
      vertex 1.25 24.1 17.8027
      vertex 1.25 16.3 0
      vertex 1.25 37.9386 0
    endloop
  endfacet
  facet normal 1 0 0
    outer loop
      vertex 1.25 24.1 19.7973
      vertex 1.25 16.3 0
      vertex 1.25 24.1 17.8027
    endloop
  endfacet
  facet normal 1 -0 0
    outer loop
      vertex -16.3 0 88
      vertex -16.3 1.25 0
      vertex -16.3 1.25 88
    endloop
  endfacet
  facet normal 1 0 0
    outer loop
      vertex -16.3 1.25 0
      vertex -16.3 0 88
      vertex -16.3 0 0
    endloop
  endfacet
  facet normal 1 -0 0
    outer loop
      vertex -16.3 -1.25 88
      vertex -16.3 0 0
      vertex -16.3 0 88
    endloop
  endfacet
  facet normal 1 0 0
    outer loop
      vertex -16.3 0 0
      vertex -16.3 -1.25 88
      vertex -16.3 -1.25 0
    endloop
  endfacet
  facet normal 0 -1 0
    outer loop
      vertex -37.9386 -1.25 0
      vertex -36.4386 -1.25 20
      vertex -37.9386 -1.25 20
    endloop
  endfacet
  facet normal 0 -1 0
    outer loop
      vertex -36.4386 -1.25 20
      vertex -30.2 -1.25 17.8027
      vertex -30.2 -1.25 19.7973
    endloop
  endfacet
  facet normal 0 -1 -0
    outer loop
      vertex -30.2 -1.25 17.8027
      vertex -37.9386 -1.25 0
      vertex -24.1 -1.25 17.8027
    endloop
  endfacet
  facet normal 0 -1 -0
    outer loop
      vertex -36.4386 -1.25 20
      vertex -37.9386 -1.25 0
      vertex -30.2 -1.25 17.8027
    endloop
  endfacet
  facet normal 0 -1 0
    outer loop
      vertex -30.2 -1.25 19.7973
      vertex -36.4386 -1.25 88
      vertex -36.4386 -1.25 20
    endloop
  endfacet
  facet normal 0 -1 0
    outer loop
      vertex -24.1 -1.25 19.7973
      vertex -36.4386 -1.25 88
      vertex -30.2 -1.25 19.7973
    endloop
  endfacet
  facet normal 0 -1 0
    outer loop
      vertex -36.4386 -1.25 88
      vertex -24.1 -1.25 19.7973
      vertex -16.3 -1.25 88
    endloop
  endfacet
  facet normal 0 -1 0
    outer loop
      vertex -16.3 -1.25 0
      vertex -24.1 -1.25 19.7973
      vertex -24.1 -1.25 17.8027
    endloop
  endfacet
  facet normal 0 -1 0
    outer loop
      vertex -24.1 -1.25 19.7973
      vertex -16.3 -1.25 0
      vertex -16.3 -1.25 88
    endloop
  endfacet
  facet normal 0 -1 0
    outer loop
      vertex -16.3 -1.25 0
      vertex -24.1 -1.25 17.8027
      vertex -37.9386 -1.25 0
    endloop
  endfacet
  facet normal 0 1 -0
    outer loop
      vertex -24.1 1.25 19.7973
      vertex -36.4386 1.25 88
      vertex -16.3 1.25 88
    endloop
  endfacet
  facet normal 0 1 0
    outer loop
      vertex -36.4386 1.25 88
      vertex -30.2 1.25 19.7973
      vertex -36.4386 1.25 20
    endloop
  endfacet
  facet normal 0 1 0
    outer loop
      vertex -36.4386 1.25 88
      vertex -24.1 1.25 19.7973
      vertex -30.2 1.25 19.7973
    endloop
  endfacet
  facet normal 0 1 -0
    outer loop
      vertex -16.3 1.25 0
      vertex -24.1 1.25 19.7973
      vertex -16.3 1.25 88
    endloop
  endfacet
  facet normal 0 1 0
    outer loop
      vertex -24.1 1.25 17.8027
      vertex -16.3 1.25 0
      vertex -30.2 1.25 17.8027
    endloop
  endfacet
  facet normal 0 1 0
    outer loop
      vertex -24.1 1.25 19.7973
      vertex -16.3 1.25 0
      vertex -24.1 1.25 17.8027
    endloop
  endfacet
  facet normal 0 1 -0
    outer loop
      vertex -30.2 1.25 17.8027
      vertex -36.4386 1.25 20
      vertex -30.2 1.25 19.7973
    endloop
  endfacet
  facet normal 0 1 0
    outer loop
      vertex -37.9386 1.25 0
      vertex -36.4386 1.25 20
      vertex -30.2 1.25 17.8027
    endloop
  endfacet
  facet normal 0 1 0
    outer loop
      vertex -37.9386 1.25 0
      vertex -30.2 1.25 17.8027
      vertex -16.3 1.25 0
    endloop
  endfacet
  facet normal 0 1 0
    outer loop
      vertex -36.4386 1.25 20
      vertex -37.9386 1.25 0
      vertex -37.9386 1.25 20
    endloop
  endfacet
  facet normal 0 1 -0
    outer loop
      vertex 0 -16.3 0
      vertex -1.25 -16.3 88
      vertex 0 -16.3 88
    endloop
  endfacet
  facet normal 0 1 0
    outer loop
      vertex -1.25 -16.3 88
      vertex 0 -16.3 0
      vertex -1.25 -16.3 0
    endloop
  endfacet
  facet normal 0 1 -0
    outer loop
      vertex 1.25 -16.3 0
      vertex 0 -16.3 88
      vertex 1.25 -16.3 88
    endloop
  endfacet
  facet normal 0 1 0
    outer loop
      vertex 0 -16.3 88
      vertex 1.25 -16.3 0
      vertex 0 -16.3 0
    endloop
  endfacet
  facet normal 1 0 0
    outer loop
      vertex 1.25 -16.3 88
      vertex 1.25 -24.1 19.7973
      vertex 1.25 -16.3 0
    endloop
  endfacet
  facet normal 1 -0 0
    outer loop
      vertex 1.25 -36.4386 88
      vertex 1.25 -24.1 19.7973
      vertex 1.25 -16.3 88
    endloop
  endfacet
  facet normal 1 -0 0
    outer loop
      vertex 1.25 -36.4386 20
      vertex 1.25 -30.2 19.7973
      vertex 1.25 -36.4386 88
    endloop
  endfacet
  facet normal 1 0 0
    outer loop
      vertex 1.25 -24.1 19.7973
      vertex 1.25 -36.4386 88
      vertex 1.25 -30.2 19.7973
    endloop
  endfacet
  facet normal 1 -0 0
    outer loop
      vertex 1.25 -24.1 17.8027
      vertex 1.25 -16.3 0
      vertex 1.25 -24.1 19.7973
    endloop
  endfacet
  facet normal 1 -0 0
    outer loop
      vertex 1.25 -30.2 17.8027
      vertex 1.25 -16.3 0
      vertex 1.25 -24.1 17.8027
    endloop
  endfacet
  facet normal 1 0 0
    outer loop
      vertex 1.25 -30.2 19.7973
      vertex 1.25 -36.4386 20
      vertex 1.25 -30.2 17.8027
    endloop
  endfacet
  facet normal 1 0 0
    outer loop
      vertex 1.25 -37.9386 0
      vertex 1.25 -30.2 17.8027
      vertex 1.25 -36.4386 20
    endloop
  endfacet
  facet normal 1 0 0
    outer loop
      vertex 1.25 -37.9386 0
      vertex 1.25 -36.4386 20
      vertex 1.25 -37.9386 20
    endloop
  endfacet
  facet normal 1 0 0
    outer loop
      vertex 1.25 -30.2 17.8027
      vertex 1.25 -37.9386 0
      vertex 1.25 -16.3 0
    endloop
  endfacet
  facet normal -1 0 0
    outer loop
      vertex -1.25 -24.1 19.7973
      vertex -1.25 -16.3 0
      vertex -1.25 -24.1 17.8027
    endloop
  endfacet
  facet normal -1 0 0
    outer loop
      vertex -1.25 -16.3 0
      vertex -1.25 -30.2 17.8027
      vertex -1.25 -24.1 17.8027
    endloop
  endfacet
  facet normal -1 0 0
    outer loop
      vertex -1.25 -30.2 17.8027
      vertex -1.25 -36.4386 20
      vertex -1.25 -30.2 19.7973
    endloop
  endfacet
  facet normal -1 0 0
    outer loop
      vertex -1.25 -37.9386 0
      vertex -1.25 -30.2 17.8027
      vertex -1.25 -16.3 0
    endloop
  endfacet
  facet normal -1 -0 0
    outer loop
      vertex -1.25 -30.2 17.8027
      vertex -1.25 -37.9386 0
      vertex -1.25 -36.4386 20
    endloop
  endfacet
  facet normal -1 -0 0
    outer loop
      vertex -1.25 -36.4386 20
      vertex -1.25 -37.9386 0
      vertex -1.25 -37.9386 20
    endloop
  endfacet
  facet normal -1 0 0
    outer loop
      vertex -1.25 -16.3 0
      vertex -1.25 -24.1 19.7973
      vertex -1.25 -16.3 88
    endloop
  endfacet
  facet normal -1 0 0
    outer loop
      vertex -1.25 -36.4386 88
      vertex -1.25 -24.1 19.7973
      vertex -1.25 -30.2 19.7973
    endloop
  endfacet
  facet normal -1 0 0
    outer loop
      vertex -1.25 -36.4386 88
      vertex -1.25 -30.2 19.7973
      vertex -1.25 -36.4386 20
    endloop
  endfacet
  facet normal -1 0 0
    outer loop
      vertex -1.25 -24.1 19.7973
      vertex -1.25 -36.4386 88
      vertex -1.25 -16.3 88
    endloop
  endfacet
  facet normal 0 -0.243268 0.969959
    outer loop
      vertex 24.1 0.464455 17.2689
      vertex 30.2 0.312144 17.2307
      vertex 30.2 0.464455 17.2689
    endloop
  endfacet
  facet normal 0 -0.243268 0.969959
    outer loop
      vertex 30.2 0.312144 17.2307
      vertex 24.1 0.464455 17.2689
      vertex 24.1 0.312144 17.2307
    endloop
  endfacet
  facet normal 0 -0.595964 0.803011
    outer loop
      vertex 24.1 1.01503 17.5632
      vertex 30.2 0.888912 17.4696
      vertex 30.2 1.01503 17.5632
    endloop
  endfacet
  facet normal 0 -0.595964 0.803011
    outer loop
      vertex 30.2 0.888912 17.4696
      vertex 24.1 1.01503 17.5632
      vertex 24.1 0.888912 17.4696
    endloop
  endfacet
  facet normal 0 -0.0490396 0.998797
    outer loop
      vertex 24.1 0.156827 17.2077
      vertex 30.2 0 17.2
      vertex 30.2 0.156827 17.2077
    endloop
  endfacet
  facet normal 0 -0.0490396 0.998797
    outer loop
      vertex 30.2 0 17.2
      vertex 24.1 0.156827 17.2077
      vertex 24.1 0 17.2
    endloop
  endfacet
  facet normal 1 0 0
    outer loop
      vertex 24.1 1.13137 19.9314
      vertex 24.1 1.25 19.7973
      vertex 24.1 1.23682 19.815
    endloop
  endfacet
  facet normal 1 0 0
    outer loop
      vertex 24.1 1.25 19.7973
      vertex 24.1 1.13137 19.9314
      vertex 24.1 1.25 17.8027
    endloop
  endfacet
  facet normal 1 0 0
    outer loop
      vertex 24.1 1.13137 17.6686
      vertex 24.1 1.25 17.8027
      vertex 24.1 1.13137 19.9314
    endloop
  endfacet
  facet normal 1 0 0
    outer loop
      vertex 24.1 1.25 17.8027
      vertex 24.1 1.13137 17.6686
      vertex 24.1 1.23682 17.785
    endloop
  endfacet
  facet normal 1 0 0
    outer loop
      vertex 24.1 1.01503 20.0368
      vertex 24.1 1.13137 17.6686
      vertex 24.1 1.13137 19.9314
    endloop
  endfacet
  facet normal 1 0 0
    outer loop
      vertex 24.1 1.01503 20.0368
      vertex 24.1 1.01503 17.5632
      vertex 24.1 1.13137 17.6686
    endloop
  endfacet
  facet normal 1 0 0
    outer loop
      vertex 24.1 0.888912 20.1304
      vertex 24.1 1.01503 17.5632
      vertex 24.1 1.01503 20.0368
    endloop
  endfacet
  facet normal 1 0 0
    outer loop
      vertex 24.1 0.888912 20.1304
      vertex 24.1 0.888912 17.4696
      vertex 24.1 1.01503 17.5632
    endloop
  endfacet
  facet normal 1 0 0
    outer loop
      vertex 24.1 0.754234 20.2111
      vertex 24.1 0.888912 17.4696
      vertex 24.1 0.888912 20.1304
    endloop
  endfacet
  facet normal 1 0 0
    outer loop
      vertex 24.1 0.754234 20.2111
      vertex 24.1 0.754234 17.3889
      vertex 24.1 0.888912 17.4696
    endloop
  endfacet
  facet normal 1 0 0
    outer loop
      vertex 24.1 0.612293 20.2782
      vertex 24.1 0.754234 17.3889
      vertex 24.1 0.754234 20.2111
    endloop
  endfacet
  facet normal 1 0 0
    outer loop
      vertex 24.1 0.612293 20.2782
      vertex 24.1 0.612293 17.3218
      vertex 24.1 0.754234 17.3889
    endloop
  endfacet
  facet normal 1 0 0
    outer loop
      vertex 24.1 0.464455 20.3311
      vertex 24.1 0.612293 17.3218
      vertex 24.1 0.612293 20.2782
    endloop
  endfacet
  facet normal 1 0 0
    outer loop
      vertex 24.1 0.464455 20.3311
      vertex 24.1 0.464455 17.2689
      vertex 24.1 0.612293 17.3218
    endloop
  endfacet
  facet normal 1 0 0
    outer loop
      vertex 24.1 0.312144 20.3693
      vertex 24.1 0.464455 17.2689
      vertex 24.1 0.464455 20.3311
    endloop
  endfacet
  facet normal 1 0 0
    outer loop
      vertex 24.1 0.312144 20.3693
      vertex 24.1 0.312144 17.2307
      vertex 24.1 0.464455 17.2689
    endloop
  endfacet
  facet normal 1 0 0
    outer loop
      vertex 24.1 0.156827 20.3923
      vertex 24.1 0.312144 17.2307
      vertex 24.1 0.312144 20.3693
    endloop
  endfacet
  facet normal 1 0 0
    outer loop
      vertex 24.1 0.156827 20.3923
      vertex 24.1 0.156827 17.2077
      vertex 24.1 0.312144 17.2307
    endloop
  endfacet
  facet normal 1 0 0
    outer loop
      vertex 24.1 0 20.4
      vertex 24.1 0.156827 17.2077
      vertex 24.1 0.156827 20.3923
    endloop
  endfacet
  facet normal 1 0 0
    outer loop
      vertex 24.1 0 20.4
      vertex 24.1 0 17.2
      vertex 24.1 0.156827 17.2077
    endloop
  endfacet
  facet normal 1 -0 0
    outer loop
      vertex 24.1 -0.156827 20.3923
      vertex 24.1 0 17.2
      vertex 24.1 0 20.4
    endloop
  endfacet
  facet normal 1 0 0
    outer loop
      vertex 24.1 -0.156827 20.3923
      vertex 24.1 -0.156827 17.2077
      vertex 24.1 0 17.2
    endloop
  endfacet
  facet normal 1 -0 0
    outer loop
      vertex 24.1 -0.312144 20.3693
      vertex 24.1 -0.156827 17.2077
      vertex 24.1 -0.156827 20.3923
    endloop
  endfacet
  facet normal 1 0 0
    outer loop
      vertex 24.1 -0.312144 20.3693
      vertex 24.1 -0.312144 17.2307
      vertex 24.1 -0.156827 17.2077
    endloop
  endfacet
  facet normal 1 -0 0
    outer loop
      vertex 24.1 -0.464455 20.3311
      vertex 24.1 -0.312144 17.2307
      vertex 24.1 -0.312144 20.3693
    endloop
  endfacet
  facet normal 1 0 0
    outer loop
      vertex 24.1 -0.464455 20.3311
      vertex 24.1 -0.464455 17.2689
      vertex 24.1 -0.312144 17.2307
    endloop
  endfacet
  facet normal 1 -0 0
    outer loop
      vertex 24.1 -0.612293 20.2782
      vertex 24.1 -0.464455 17.2689
      vertex 24.1 -0.464455 20.3311
    endloop
  endfacet
  facet normal 1 0 0
    outer loop
      vertex 24.1 -0.612293 20.2782
      vertex 24.1 -0.612293 17.3218
      vertex 24.1 -0.464455 17.2689
    endloop
  endfacet
  facet normal 1 -0 0
    outer loop
      vertex 24.1 -0.754234 20.2111
      vertex 24.1 -0.612293 17.3218
      vertex 24.1 -0.612293 20.2782
    endloop
  endfacet
  facet normal 1 0 0
    outer loop
      vertex 24.1 -0.754234 20.2111
      vertex 24.1 -0.754234 17.3889
      vertex 24.1 -0.612293 17.3218
    endloop
  endfacet
  facet normal 1 -0 0
    outer loop
      vertex 24.1 -0.888912 20.1304
      vertex 24.1 -0.754234 17.3889
      vertex 24.1 -0.754234 20.2111
    endloop
  endfacet
  facet normal 1 0 0
    outer loop
      vertex 24.1 -0.888912 20.1304
      vertex 24.1 -0.888912 17.4696
      vertex 24.1 -0.754234 17.3889
    endloop
  endfacet
  facet normal 1 -0 0
    outer loop
      vertex 24.1 -1.01503 20.0368
      vertex 24.1 -0.888912 17.4696
      vertex 24.1 -0.888912 20.1304
    endloop
  endfacet
  facet normal 1 0 0
    outer loop
      vertex 24.1 -1.01503 20.0368
      vertex 24.1 -1.01503 17.5632
      vertex 24.1 -0.888912 17.4696
    endloop
  endfacet
  facet normal 1 -0 0
    outer loop
      vertex 24.1 -1.13137 19.9314
      vertex 24.1 -1.01503 17.5632
      vertex 24.1 -1.01503 20.0368
    endloop
  endfacet
  facet normal 1 0 0
    outer loop
      vertex 24.1 -1.13137 19.9314
      vertex 24.1 -1.13137 17.6686
      vertex 24.1 -1.01503 17.5632
    endloop
  endfacet
  facet normal 1 0 0
    outer loop
      vertex 24.1 -1.25 19.7973
      vertex 24.1 -1.13137 19.9314
      vertex 24.1 -1.23682 19.815
    endloop
  endfacet
  facet normal 1 0 0
    outer loop
      vertex 24.1 -1.13137 19.9314
      vertex 24.1 -1.25 19.7973
      vertex 24.1 -1.13137 17.6686
    endloop
  endfacet
  facet normal 1 -0 0
    outer loop
      vertex 24.1 -1.25 17.8027
      vertex 24.1 -1.13137 17.6686
      vertex 24.1 -1.25 19.7973
    endloop
  endfacet
  facet normal 1 0 0
    outer loop
      vertex 24.1 -1.13137 17.6686
      vertex 24.1 -1.25 17.8027
      vertex 24.1 -1.23682 17.785
    endloop
  endfacet
  facet normal 0 0.427383 -0.904071
    outer loop
      vertex 24.1 -0.754234 20.2111
      vertex 30.2 -0.612293 20.2782
      vertex 30.2 -0.754234 20.2111
    endloop
  endfacet
  facet normal 0 0.427383 -0.904071
    outer loop
      vertex 30.2 -0.612293 20.2782
      vertex 24.1 -0.754234 20.2111
      vertex 24.1 -0.612293 20.2782
    endloop
  endfacet
  facet normal 0 -0.802062 -0.597241
    outer loop
      vertex 24.1 1.25 19.7973
      vertex 30.2 1.23682 19.815
      vertex 24.1 1.23682 19.815
    endloop
  endfacet
  facet normal 0 -0.802062 -0.597241
    outer loop
      vertex 30.2 1.23682 19.815
      vertex 24.1 1.25 19.7973
      vertex 30.2 1.25 19.7973
    endloop
  endfacet
  facet normal -0 0.671404 0.741092
    outer loop
      vertex 24.1 -1.01503 17.5632
      vertex 30.2 -1.13137 17.6686
      vertex 30.2 -1.01503 17.5632
    endloop
  endfacet
  facet normal 0 0.671404 0.741092
    outer loop
      vertex 30.2 -1.13137 17.6686
      vertex 24.1 -1.01503 17.5632
      vertex 24.1 -1.13137 17.6686
    endloop
  endfacet
  facet normal 0 -0.427383 0.904071
    outer loop
      vertex 24.1 0.754234 17.3889
      vertex 30.2 0.612293 17.3218
      vertex 30.2 0.754234 17.3889
    endloop
  endfacet
  facet normal 0 -0.427383 0.904071
    outer loop
      vertex 30.2 0.612293 17.3218
      vertex 24.1 0.754234 17.3889
      vertex 24.1 0.612293 17.3218
    endloop
  endfacet
  facet normal 0 -0.802062 0.597241
    outer loop
      vertex 24.1 1.23682 17.785
      vertex 30.2 1.25 17.8027
      vertex 24.1 1.25 17.8027
    endloop
  endfacet
  facet normal 0 -0.802062 0.597241
    outer loop
      vertex 30.2 1.25 17.8027
      vertex 24.1 1.23682 17.785
      vertex 30.2 1.23682 17.785
    endloop
  endfacet
  facet normal 0 0.243268 -0.969959
    outer loop
      vertex 24.1 -0.464455 20.3311
      vertex 30.2 -0.312144 20.3693
      vertex 30.2 -0.464455 20.3311
    endloop
  endfacet
  facet normal 0 0.243268 -0.969959
    outer loop
      vertex 30.2 -0.312144 20.3693
      vertex 24.1 -0.464455 20.3311
      vertex 24.1 -0.312144 20.3693
    endloop
  endfacet
  facet normal -0 0.0490396 0.998797
    outer loop
      vertex 24.1 0 17.2
      vertex 30.2 -0.156827 17.2077
      vertex 30.2 0 17.2
    endloop
  endfacet
  facet normal 0 0.0490396 0.998797
    outer loop
      vertex 30.2 -0.156827 17.2077
      vertex 24.1 0 17.2
      vertex 24.1 -0.156827 17.2077
    endloop
  endfacet
  facet normal -0 0.513995 0.857793
    outer loop
      vertex 24.1 -0.754234 17.3889
      vertex 30.2 -0.888912 17.4696
      vertex 30.2 -0.754234 17.3889
    endloop
  endfacet
  facet normal 0 0.513995 0.857793
    outer loop
      vertex 30.2 -0.888912 17.4696
      vertex 24.1 -0.754234 17.3889
      vertex 24.1 -0.888912 17.4696
    endloop
  endfacet
  facet normal 0 -0.671404 -0.741092
    outer loop
      vertex 24.1 1.01503 20.0368
      vertex 30.2 1.13137 19.9314
      vertex 30.2 1.01503 20.0368
    endloop
  endfacet
  facet normal -0 -0.671404 -0.741092
    outer loop
      vertex 30.2 1.13137 19.9314
      vertex 24.1 1.01503 20.0368
      vertex 24.1 1.13137 19.9314
    endloop
  endfacet
  facet normal 0 0.741106 -0.671388
    outer loop
      vertex 30.2 -1.23682 19.815
      vertex 24.1 -1.13137 19.9314
      vertex 30.2 -1.13137 19.9314
    endloop
  endfacet
  facet normal 0 0.741106 -0.671388
    outer loop
      vertex 24.1 -1.13137 19.9314
      vertex 30.2 -1.23682 19.815
      vertex 24.1 -1.23682 19.815
    endloop
  endfacet
  facet normal 0 0.336905 -0.941539
    outer loop
      vertex 24.1 -0.612293 20.2782
      vertex 30.2 -0.464455 20.3311
      vertex 30.2 -0.612293 20.2782
    endloop
  endfacet
  facet normal 0 0.336905 -0.941539
    outer loop
      vertex 30.2 -0.464455 20.3311
      vertex 24.1 -0.612293 20.2782
      vertex 24.1 -0.464455 20.3311
    endloop
  endfacet
  facet normal 0 -0.146487 0.989213
    outer loop
      vertex 24.1 0.312144 17.2307
      vertex 30.2 0.156827 17.2077
      vertex 30.2 0.312144 17.2307
    endloop
  endfacet
  facet normal 0 -0.146487 0.989213
    outer loop
      vertex 30.2 0.156827 17.2077
      vertex 24.1 0.312144 17.2307
      vertex 24.1 0.156827 17.2077
    endloop
  endfacet
  facet normal 0 -0.671404 0.741092
    outer loop
      vertex 24.1 1.13137 17.6686
      vertex 30.2 1.01503 17.5632
      vertex 30.2 1.13137 17.6686
    endloop
  endfacet
  facet normal 0 -0.671404 0.741092
    outer loop
      vertex 30.2 1.01503 17.5632
      vertex 24.1 1.13137 17.6686
      vertex 24.1 1.01503 17.5632
    endloop
  endfacet
  facet normal -0 0.243268 0.969959
    outer loop
      vertex 24.1 -0.312144 17.2307
      vertex 30.2 -0.464455 17.2689
      vertex 30.2 -0.312144 17.2307
    endloop
  endfacet
  facet normal 0 0.243268 0.969959
    outer loop
      vertex 30.2 -0.464455 17.2689
      vertex 24.1 -0.312144 17.2307
      vertex 24.1 -0.464455 17.2689
    endloop
  endfacet
  facet normal 0 -0.336905 0.941539
    outer loop
      vertex 24.1 0.612293 17.3218
      vertex 30.2 0.464455 17.2689
      vertex 30.2 0.612293 17.3218
    endloop
  endfacet
  facet normal 0 -0.336905 0.941539
    outer loop
      vertex 30.2 0.464455 17.2689
      vertex 24.1 0.612293 17.3218
      vertex 24.1 0.464455 17.2689
    endloop
  endfacet
  facet normal -1 0 0
    outer loop
      vertex 30.2 1.13137 17.6686
      vertex 30.2 1.25 17.8027
      vertex 30.2 1.23682 17.785
    endloop
  endfacet
  facet normal -1 -0 0
    outer loop
      vertex 30.2 1.25 17.8027
      vertex 30.2 1.13137 17.6686
      vertex 30.2 1.25 19.7973
    endloop
  endfacet
  facet normal -1 0 0
    outer loop
      vertex 30.2 1.13137 19.9314
      vertex 30.2 1.25 19.7973
      vertex 30.2 1.13137 17.6686
    endloop
  endfacet
  facet normal -1 0 0
    outer loop
      vertex 30.2 1.25 19.7973
      vertex 30.2 1.13137 19.9314
      vertex 30.2 1.23682 19.815
    endloop
  endfacet
  facet normal -1 0 0
    outer loop
      vertex 30.2 1.01503 17.5632
      vertex 30.2 1.13137 19.9314
      vertex 30.2 1.13137 17.6686
    endloop
  endfacet
  facet normal -1 0 0
    outer loop
      vertex 30.2 1.01503 17.5632
      vertex 30.2 1.01503 20.0368
      vertex 30.2 1.13137 19.9314
    endloop
  endfacet
  facet normal -1 0 0
    outer loop
      vertex 30.2 0.888912 17.4696
      vertex 30.2 1.01503 20.0368
      vertex 30.2 1.01503 17.5632
    endloop
  endfacet
  facet normal -1 0 0
    outer loop
      vertex 30.2 0.888912 17.4696
      vertex 30.2 0.888912 20.1304
      vertex 30.2 1.01503 20.0368
    endloop
  endfacet
  facet normal -1 0 0
    outer loop
      vertex 30.2 0.754234 17.3889
      vertex 30.2 0.888912 20.1304
      vertex 30.2 0.888912 17.4696
    endloop
  endfacet
  facet normal -1 0 0
    outer loop
      vertex 30.2 0.754234 17.3889
      vertex 30.2 0.754234 20.2111
      vertex 30.2 0.888912 20.1304
    endloop
  endfacet
  facet normal -1 0 0
    outer loop
      vertex 30.2 0.612293 17.3218
      vertex 30.2 0.754234 20.2111
      vertex 30.2 0.754234 17.3889
    endloop
  endfacet
  facet normal -1 0 0
    outer loop
      vertex 30.2 0.612293 17.3218
      vertex 30.2 0.612293 20.2782
      vertex 30.2 0.754234 20.2111
    endloop
  endfacet
  facet normal -1 0 0
    outer loop
      vertex 30.2 0.464455 17.2689
      vertex 30.2 0.612293 20.2782
      vertex 30.2 0.612293 17.3218
    endloop
  endfacet
  facet normal -1 0 0
    outer loop
      vertex 30.2 0.464455 17.2689
      vertex 30.2 0.464455 20.3311
      vertex 30.2 0.612293 20.2782
    endloop
  endfacet
  facet normal -1 0 0
    outer loop
      vertex 30.2 0.312144 17.2307
      vertex 30.2 0.464455 20.3311
      vertex 30.2 0.464455 17.2689
    endloop
  endfacet
  facet normal -1 0 0
    outer loop
      vertex 30.2 0.312144 17.2307
      vertex 30.2 0.312144 20.3693
      vertex 30.2 0.464455 20.3311
    endloop
  endfacet
  facet normal -1 0 0
    outer loop
      vertex 30.2 0.156827 17.2077
      vertex 30.2 0.312144 20.3693
      vertex 30.2 0.312144 17.2307
    endloop
  endfacet
  facet normal -1 0 0
    outer loop
      vertex 30.2 0.156827 17.2077
      vertex 30.2 0.156827 20.3923
      vertex 30.2 0.312144 20.3693
    endloop
  endfacet
  facet normal -1 0 0
    outer loop
      vertex 30.2 0 17.2
      vertex 30.2 0.156827 20.3923
      vertex 30.2 0.156827 17.2077
    endloop
  endfacet
  facet normal -1 0 0
    outer loop
      vertex 30.2 0 17.2
      vertex 30.2 0 20.4
      vertex 30.2 0.156827 20.3923
    endloop
  endfacet
  facet normal -1 0 0
    outer loop
      vertex 30.2 -0.156827 17.2077
      vertex 30.2 0 20.4
      vertex 30.2 0 17.2
    endloop
  endfacet
  facet normal -1 0 0
    outer loop
      vertex 30.2 -0.156827 17.2077
      vertex 30.2 -0.156827 20.3923
      vertex 30.2 0 20.4
    endloop
  endfacet
  facet normal -1 0 0
    outer loop
      vertex 30.2 -0.312144 17.2307
      vertex 30.2 -0.156827 20.3923
      vertex 30.2 -0.156827 17.2077
    endloop
  endfacet
  facet normal -1 0 0
    outer loop
      vertex 30.2 -0.312144 17.2307
      vertex 30.2 -0.312144 20.3693
      vertex 30.2 -0.156827 20.3923
    endloop
  endfacet
  facet normal -1 0 0
    outer loop
      vertex 30.2 -0.464455 17.2689
      vertex 30.2 -0.312144 20.3693
      vertex 30.2 -0.312144 17.2307
    endloop
  endfacet
  facet normal -1 0 0
    outer loop
      vertex 30.2 -0.464455 17.2689
      vertex 30.2 -0.464455 20.3311
      vertex 30.2 -0.312144 20.3693
    endloop
  endfacet
  facet normal -1 0 0
    outer loop
      vertex 30.2 -0.612293 17.3218
      vertex 30.2 -0.464455 20.3311
      vertex 30.2 -0.464455 17.2689
    endloop
  endfacet
  facet normal -1 0 0
    outer loop
      vertex 30.2 -0.612293 17.3218
      vertex 30.2 -0.612293 20.2782
      vertex 30.2 -0.464455 20.3311
    endloop
  endfacet
  facet normal -1 0 0
    outer loop
      vertex 30.2 -0.754234 17.3889
      vertex 30.2 -0.612293 20.2782
      vertex 30.2 -0.612293 17.3218
    endloop
  endfacet
  facet normal -1 0 0
    outer loop
      vertex 30.2 -0.754234 17.3889
      vertex 30.2 -0.754234 20.2111
      vertex 30.2 -0.612293 20.2782
    endloop
  endfacet
  facet normal -1 0 0
    outer loop
      vertex 30.2 -0.888912 17.4696
      vertex 30.2 -0.754234 20.2111
      vertex 30.2 -0.754234 17.3889
    endloop
  endfacet
  facet normal -1 0 0
    outer loop
      vertex 30.2 -0.888912 17.4696
      vertex 30.2 -0.888912 20.1304
      vertex 30.2 -0.754234 20.2111
    endloop
  endfacet
  facet normal -1 0 0
    outer loop
      vertex 30.2 -1.01503 17.5632
      vertex 30.2 -0.888912 20.1304
      vertex 30.2 -0.888912 17.4696
    endloop
  endfacet
  facet normal -1 0 0
    outer loop
      vertex 30.2 -1.01503 17.5632
      vertex 30.2 -1.01503 20.0368
      vertex 30.2 -0.888912 20.1304
    endloop
  endfacet
  facet normal -1 0 0
    outer loop
      vertex 30.2 -1.13137 17.6686
      vertex 30.2 -1.01503 20.0368
      vertex 30.2 -1.01503 17.5632
    endloop
  endfacet
  facet normal -1 0 0
    outer loop
      vertex 30.2 -1.13137 17.6686
      vertex 30.2 -1.13137 19.9314
      vertex 30.2 -1.01503 20.0368
    endloop
  endfacet
  facet normal -1 0 0
    outer loop
      vertex 30.2 -1.25 17.8027
      vertex 30.2 -1.13137 17.6686
      vertex 30.2 -1.23682 17.785
    endloop
  endfacet
  facet normal -1 0 0
    outer loop
      vertex 30.2 -1.13137 17.6686
      vertex 30.2 -1.25 17.8027
      vertex 30.2 -1.13137 19.9314
    endloop
  endfacet
  facet normal -1 0 0
    outer loop
      vertex 30.2 -1.25 19.7973
      vertex 30.2 -1.13137 19.9314
      vertex 30.2 -1.25 17.8027
    endloop
  endfacet
  facet normal -1 0 0
    outer loop
      vertex 30.2 -1.13137 19.9314
      vertex 30.2 -1.25 19.7973
      vertex 30.2 -1.23682 19.815
    endloop
  endfacet
  facet normal 0 0.671404 -0.741092
    outer loop
      vertex 24.1 -1.13137 19.9314
      vertex 30.2 -1.01503 20.0368
      vertex 30.2 -1.13137 19.9314
    endloop
  endfacet
  facet normal 0 0.671404 -0.741092
    outer loop
      vertex 30.2 -1.01503 20.0368
      vertex 24.1 -1.13137 19.9314
      vertex 24.1 -1.01503 20.0368
    endloop
  endfacet
  facet normal -0 0.336905 0.941539
    outer loop
      vertex 24.1 -0.464455 17.2689
      vertex 30.2 -0.612293 17.3218
      vertex 30.2 -0.464455 17.2689
    endloop
  endfacet
  facet normal 0 0.336905 0.941539
    outer loop
      vertex 30.2 -0.612293 17.3218
      vertex 24.1 -0.464455 17.2689
      vertex 24.1 -0.612293 17.3218
    endloop
  endfacet
  facet normal 0 -0.741106 0.671388
    outer loop
      vertex 24.1 1.13137 17.6686
      vertex 30.2 1.23682 17.785
      vertex 24.1 1.23682 17.785
    endloop
  endfacet
  facet normal 0 -0.741106 0.671388
    outer loop
      vertex 30.2 1.23682 17.785
      vertex 24.1 1.13137 17.6686
      vertex 30.2 1.13137 17.6686
    endloop
  endfacet
  facet normal -0 0.595964 0.803011
    outer loop
      vertex 24.1 -0.888912 17.4696
      vertex 30.2 -1.01503 17.5632
      vertex 30.2 -0.888912 17.4696
    endloop
  endfacet
  facet normal 0 0.595964 0.803011
    outer loop
      vertex 30.2 -1.01503 17.5632
      vertex 24.1 -0.888912 17.4696
      vertex 24.1 -1.01503 17.5632
    endloop
  endfacet
  facet normal 0 -0.146487 -0.989213
    outer loop
      vertex 24.1 0.156827 20.3923
      vertex 30.2 0.312144 20.3693
      vertex 30.2 0.156827 20.3923
    endloop
  endfacet
  facet normal -0 -0.146487 -0.989213
    outer loop
      vertex 30.2 0.312144 20.3693
      vertex 24.1 0.156827 20.3923
      vertex 24.1 0.312144 20.3693
    endloop
  endfacet
  facet normal -0 0.146487 0.989213
    outer loop
      vertex 24.1 -0.156827 17.2077
      vertex 30.2 -0.312144 17.2307
      vertex 30.2 -0.156827 17.2077
    endloop
  endfacet
  facet normal 0 0.146487 0.989213
    outer loop
      vertex 30.2 -0.312144 17.2307
      vertex 24.1 -0.156827 17.2077
      vertex 24.1 -0.312144 17.2307
    endloop
  endfacet
  facet normal 0 -0.513995 0.857793
    outer loop
      vertex 24.1 0.888912 17.4696
      vertex 30.2 0.754234 17.3889
      vertex 30.2 0.888912 17.4696
    endloop
  endfacet
  facet normal 0 -0.513995 0.857793
    outer loop
      vertex 30.2 0.754234 17.3889
      vertex 24.1 0.888912 17.4696
      vertex 24.1 0.754234 17.3889
    endloop
  endfacet
  facet normal 0 0.802062 0.597241
    outer loop
      vertex 30.2 -1.23682 17.785
      vertex 24.1 -1.25 17.8027
      vertex 30.2 -1.25 17.8027
    endloop
  endfacet
  facet normal 0 0.802062 0.597241
    outer loop
      vertex 24.1 -1.25 17.8027
      vertex 30.2 -1.23682 17.785
      vertex 24.1 -1.23682 17.785
    endloop
  endfacet
  facet normal 0 -0.741106 -0.671388
    outer loop
      vertex 24.1 1.23682 19.815
      vertex 30.2 1.13137 19.9314
      vertex 24.1 1.13137 19.9314
    endloop
  endfacet
  facet normal 0 -0.741106 -0.671388
    outer loop
      vertex 30.2 1.13137 19.9314
      vertex 24.1 1.23682 19.815
      vertex 30.2 1.23682 19.815
    endloop
  endfacet
  facet normal 0 0.513995 -0.857793
    outer loop
      vertex 24.1 -0.888912 20.1304
      vertex 30.2 -0.754234 20.2111
      vertex 30.2 -0.888912 20.1304
    endloop
  endfacet
  facet normal 0 0.513995 -0.857793
    outer loop
      vertex 30.2 -0.754234 20.2111
      vertex 24.1 -0.888912 20.1304
      vertex 24.1 -0.754234 20.2111
    endloop
  endfacet
  facet normal 0 0.146487 -0.989213
    outer loop
      vertex 24.1 -0.312144 20.3693
      vertex 30.2 -0.156827 20.3923
      vertex 30.2 -0.312144 20.3693
    endloop
  endfacet
  facet normal 0 0.146487 -0.989213
    outer loop
      vertex 30.2 -0.156827 20.3923
      vertex 24.1 -0.312144 20.3693
      vertex 24.1 -0.156827 20.3923
    endloop
  endfacet
  facet normal 0 -0.336905 -0.941539
    outer loop
      vertex 24.1 0.464455 20.3311
      vertex 30.2 0.612293 20.2782
      vertex 30.2 0.464455 20.3311
    endloop
  endfacet
  facet normal -0 -0.336905 -0.941539
    outer loop
      vertex 30.2 0.612293 20.2782
      vertex 24.1 0.464455 20.3311
      vertex 24.1 0.612293 20.2782
    endloop
  endfacet
  facet normal 0 0.802062 -0.597241
    outer loop
      vertex 30.2 -1.25 19.7973
      vertex 24.1 -1.23682 19.815
      vertex 30.2 -1.23682 19.815
    endloop
  endfacet
  facet normal 0 0.802062 -0.597241
    outer loop
      vertex 24.1 -1.23682 19.815
      vertex 30.2 -1.25 19.7973
      vertex 24.1 -1.25 19.7973
    endloop
  endfacet
  facet normal 0 0.595964 -0.803011
    outer loop
      vertex 24.1 -1.01503 20.0368
      vertex 30.2 -0.888912 20.1304
      vertex 30.2 -1.01503 20.0368
    endloop
  endfacet
  facet normal 0 0.595964 -0.803011
    outer loop
      vertex 30.2 -0.888912 20.1304
      vertex 24.1 -1.01503 20.0368
      vertex 24.1 -0.888912 20.1304
    endloop
  endfacet
  facet normal 0 -0.513995 -0.857793
    outer loop
      vertex 24.1 0.754234 20.2111
      vertex 30.2 0.888912 20.1304
      vertex 30.2 0.754234 20.2111
    endloop
  endfacet
  facet normal -0 -0.513995 -0.857793
    outer loop
      vertex 30.2 0.888912 20.1304
      vertex 24.1 0.754234 20.2111
      vertex 24.1 0.888912 20.1304
    endloop
  endfacet
  facet normal 0 0.0490396 -0.998797
    outer loop
      vertex 24.1 -0.156827 20.3923
      vertex 30.2 0 20.4
      vertex 30.2 -0.156827 20.3923
    endloop
  endfacet
  facet normal 0 0.0490396 -0.998797
    outer loop
      vertex 30.2 0 20.4
      vertex 24.1 -0.156827 20.3923
      vertex 24.1 0 20.4
    endloop
  endfacet
  facet normal -0 0.427383 0.904071
    outer loop
      vertex 24.1 -0.612293 17.3218
      vertex 30.2 -0.754234 17.3889
      vertex 30.2 -0.612293 17.3218
    endloop
  endfacet
  facet normal 0 0.427383 0.904071
    outer loop
      vertex 30.2 -0.754234 17.3889
      vertex 24.1 -0.612293 17.3218
      vertex 24.1 -0.754234 17.3889
    endloop
  endfacet
  facet normal 0 -0.595964 -0.803011
    outer loop
      vertex 24.1 0.888912 20.1304
      vertex 30.2 1.01503 20.0368
      vertex 30.2 0.888912 20.1304
    endloop
  endfacet
  facet normal -0 -0.595964 -0.803011
    outer loop
      vertex 30.2 1.01503 20.0368
      vertex 24.1 0.888912 20.1304
      vertex 24.1 1.01503 20.0368
    endloop
  endfacet
  facet normal 0 -0.243268 -0.969959
    outer loop
      vertex 24.1 0.312144 20.3693
      vertex 30.2 0.464455 20.3311
      vertex 30.2 0.312144 20.3693
    endloop
  endfacet
  facet normal -0 -0.243268 -0.969959
    outer loop
      vertex 30.2 0.464455 20.3311
      vertex 24.1 0.312144 20.3693
      vertex 24.1 0.464455 20.3311
    endloop
  endfacet
  facet normal 0 -0.427383 -0.904071
    outer loop
      vertex 24.1 0.612293 20.2782
      vertex 30.2 0.754234 20.2111
      vertex 30.2 0.612293 20.2782
    endloop
  endfacet
  facet normal -0 -0.427383 -0.904071
    outer loop
      vertex 30.2 0.754234 20.2111
      vertex 24.1 0.612293 20.2782
      vertex 24.1 0.754234 20.2111
    endloop
  endfacet
  facet normal 0 -0.0490396 -0.998797
    outer loop
      vertex 24.1 0 20.4
      vertex 30.2 0.156827 20.3923
      vertex 30.2 0 20.4
    endloop
  endfacet
  facet normal -0 -0.0490396 -0.998797
    outer loop
      vertex 30.2 0.156827 20.3923
      vertex 24.1 0 20.4
      vertex 24.1 0.156827 20.3923
    endloop
  endfacet
  facet normal 0 0.741106 0.671388
    outer loop
      vertex 30.2 -1.13137 17.6686
      vertex 24.1 -1.23682 17.785
      vertex 30.2 -1.23682 17.785
    endloop
  endfacet
  facet normal 0 0.741106 0.671388
    outer loop
      vertex 24.1 -1.23682 17.785
      vertex 30.2 -1.13137 17.6686
      vertex 24.1 -1.13137 17.6686
    endloop
  endfacet
  facet normal 0.146487 0 0.989213
    outer loop
      vertex -0.312144 30.2 17.2307
      vertex -0.156827 24.1 17.2077
      vertex -0.156827 30.2 17.2077
    endloop
  endfacet
  facet normal 0.146487 0 0.989213
    outer loop
      vertex -0.156827 24.1 17.2077
      vertex -0.312144 30.2 17.2307
      vertex -0.312144 24.1 17.2307
    endloop
  endfacet
  facet normal 0.0490396 0 0.998797
    outer loop
      vertex -0.156827 30.2 17.2077
      vertex 0 24.1 17.2
      vertex 0 30.2 17.2
    endloop
  endfacet
  facet normal 0.0490396 0 0.998797
    outer loop
      vertex 0 24.1 17.2
      vertex -0.156827 30.2 17.2077
      vertex -0.156827 24.1 17.2077
    endloop
  endfacet
  facet normal 0.243268 0 0.969959
    outer loop
      vertex -0.464455 30.2 17.2689
      vertex -0.312144 24.1 17.2307
      vertex -0.312144 30.2 17.2307
    endloop
  endfacet
  facet normal 0.243268 0 0.969959
    outer loop
      vertex -0.312144 24.1 17.2307
      vertex -0.464455 30.2 17.2689
      vertex -0.464455 24.1 17.2689
    endloop
  endfacet
  facet normal 0.802062 0 -0.597241
    outer loop
      vertex -1.23682 24.1 19.815
      vertex -1.25 30.2 19.7973
      vertex -1.23682 30.2 19.815
    endloop
  endfacet
  facet normal 0.802062 0 -0.597241
    outer loop
      vertex -1.25 30.2 19.7973
      vertex -1.23682 24.1 19.815
      vertex -1.25 24.1 19.7973
    endloop
  endfacet
  facet normal 0.146487 0 -0.989213
    outer loop
      vertex -0.312144 24.1 20.3693
      vertex -0.156827 30.2 20.3923
      vertex -0.156827 24.1 20.3923
    endloop
  endfacet
  facet normal 0.146487 0 -0.989213
    outer loop
      vertex -0.156827 30.2 20.3923
      vertex -0.312144 24.1 20.3693
      vertex -0.312144 30.2 20.3693
    endloop
  endfacet
  facet normal 0.427383 0 0.904071
    outer loop
      vertex -0.754234 30.2 17.3889
      vertex -0.612293 24.1 17.3218
      vertex -0.612293 30.2 17.3218
    endloop
  endfacet
  facet normal 0.427383 0 0.904071
    outer loop
      vertex -0.612293 24.1 17.3218
      vertex -0.754234 30.2 17.3889
      vertex -0.754234 24.1 17.3889
    endloop
  endfacet
  facet normal 0.802062 -0 0.597241
    outer loop
      vertex -1.25 24.1 17.8027
      vertex -1.23682 30.2 17.785
      vertex -1.25 30.2 17.8027
    endloop
  endfacet
  facet normal 0.802062 0 0.597241
    outer loop
      vertex -1.23682 30.2 17.785
      vertex -1.25 24.1 17.8027
      vertex -1.23682 24.1 17.785
    endloop
  endfacet
  facet normal -0.336905 0 0.941539
    outer loop
      vertex 0.464455 30.2 17.2689
      vertex 0.612293 24.1 17.3218
      vertex 0.612293 30.2 17.3218
    endloop
  endfacet
  facet normal -0.336905 0 0.941539
    outer loop
      vertex 0.612293 24.1 17.3218
      vertex 0.464455 30.2 17.2689
      vertex 0.464455 24.1 17.2689
    endloop
  endfacet
  facet normal 0.595964 0 0.803011
    outer loop
      vertex -1.01503 30.2 17.5632
      vertex -0.888912 24.1 17.4696
      vertex -0.888912 30.2 17.4696
    endloop
  endfacet
  facet normal 0.595964 0 0.803011
    outer loop
      vertex -0.888912 24.1 17.4696
      vertex -1.01503 30.2 17.5632
      vertex -1.01503 24.1 17.5632
    endloop
  endfacet
  facet normal -0.243268 0 -0.969959
    outer loop
      vertex 0.312144 24.1 20.3693
      vertex 0.464455 30.2 20.3311
      vertex 0.464455 24.1 20.3311
    endloop
  endfacet
  facet normal -0.243268 0 -0.969959
    outer loop
      vertex 0.464455 30.2 20.3311
      vertex 0.312144 24.1 20.3693
      vertex 0.312144 30.2 20.3693
    endloop
  endfacet
  facet normal -0.0490396 0 0.998797
    outer loop
      vertex 0 30.2 17.2
      vertex 0.156827 24.1 17.2077
      vertex 0.156827 30.2 17.2077
    endloop
  endfacet
  facet normal -0.0490396 0 0.998797
    outer loop
      vertex 0.156827 24.1 17.2077
      vertex 0 30.2 17.2
      vertex 0 24.1 17.2
    endloop
  endfacet
  facet normal 0.741106 0 -0.671388
    outer loop
      vertex -1.13137 24.1 19.9314
      vertex -1.23682 30.2 19.815
      vertex -1.13137 30.2 19.9314
    endloop
  endfacet
  facet normal 0.741106 0 -0.671388
    outer loop
      vertex -1.23682 30.2 19.815
      vertex -1.13137 24.1 19.9314
      vertex -1.23682 24.1 19.815
    endloop
  endfacet
  facet normal -0.513995 0 0.857793
    outer loop
      vertex 0.754234 30.2 17.3889
      vertex 0.888912 24.1 17.4696
      vertex 0.888912 30.2 17.4696
    endloop
  endfacet
  facet normal -0.513995 0 0.857793
    outer loop
      vertex 0.888912 24.1 17.4696
      vertex 0.754234 30.2 17.3889
      vertex 0.754234 24.1 17.3889
    endloop
  endfacet
  facet normal 0.671404 0 -0.741092
    outer loop
      vertex -1.13137 24.1 19.9314
      vertex -1.01503 30.2 20.0368
      vertex -1.01503 24.1 20.0368
    endloop
  endfacet
  facet normal 0.671404 0 -0.741092
    outer loop
      vertex -1.01503 30.2 20.0368
      vertex -1.13137 24.1 19.9314
      vertex -1.13137 30.2 19.9314
    endloop
  endfacet
  facet normal -0.741106 0 -0.671388
    outer loop
      vertex 1.23682 24.1 19.815
      vertex 1.13137 30.2 19.9314
      vertex 1.23682 30.2 19.815
    endloop
  endfacet
  facet normal -0.741106 -0 -0.671388
    outer loop
      vertex 1.13137 30.2 19.9314
      vertex 1.23682 24.1 19.815
      vertex 1.13137 24.1 19.9314
    endloop
  endfacet
  facet normal -0.336905 0 -0.941539
    outer loop
      vertex 0.464455 24.1 20.3311
      vertex 0.612293 30.2 20.2782
      vertex 0.612293 24.1 20.2782
    endloop
  endfacet
  facet normal -0.336905 0 -0.941539
    outer loop
      vertex 0.612293 30.2 20.2782
      vertex 0.464455 24.1 20.3311
      vertex 0.464455 30.2 20.3311
    endloop
  endfacet
  facet normal -0.243268 0 0.969959
    outer loop
      vertex 0.312144 30.2 17.2307
      vertex 0.464455 24.1 17.2689
      vertex 0.464455 30.2 17.2689
    endloop
  endfacet
  facet normal -0.243268 0 0.969959
    outer loop
      vertex 0.464455 24.1 17.2689
      vertex 0.312144 30.2 17.2307
      vertex 0.312144 24.1 17.2307
    endloop
  endfacet
  facet normal 0.336905 0 0.941539
    outer loop
      vertex -0.612293 30.2 17.3218
      vertex -0.464455 24.1 17.2689
      vertex -0.464455 30.2 17.2689
    endloop
  endfacet
  facet normal 0.336905 0 0.941539
    outer loop
      vertex -0.464455 24.1 17.2689
      vertex -0.612293 30.2 17.3218
      vertex -0.612293 24.1 17.3218
    endloop
  endfacet
  facet normal 0.513995 0 0.857793
    outer loop
      vertex -0.888912 30.2 17.4696
      vertex -0.754234 24.1 17.3889
      vertex -0.754234 30.2 17.3889
    endloop
  endfacet
  facet normal 0.513995 0 0.857793
    outer loop
      vertex -0.754234 24.1 17.3889
      vertex -0.888912 30.2 17.4696
      vertex -0.888912 24.1 17.4696
    endloop
  endfacet
  facet normal 0.336905 0 -0.941539
    outer loop
      vertex -0.612293 24.1 20.2782
      vertex -0.464455 30.2 20.3311
      vertex -0.464455 24.1 20.3311
    endloop
  endfacet
  facet normal 0.336905 0 -0.941539
    outer loop
      vertex -0.464455 30.2 20.3311
      vertex -0.612293 24.1 20.2782
      vertex -0.612293 30.2 20.2782
    endloop
  endfacet
  facet normal 0.513995 0 -0.857793
    outer loop
      vertex -0.888912 24.1 20.1304
      vertex -0.754234 30.2 20.2111
      vertex -0.754234 24.1 20.2111
    endloop
  endfacet
  facet normal 0.513995 0 -0.857793
    outer loop
      vertex -0.754234 30.2 20.2111
      vertex -0.888912 24.1 20.1304
      vertex -0.888912 30.2 20.1304
    endloop
  endfacet
  facet normal -0.802062 0 -0.597241
    outer loop
      vertex 1.25 24.1 19.7973
      vertex 1.23682 30.2 19.815
      vertex 1.25 30.2 19.7973
    endloop
  endfacet
  facet normal -0.802062 -0 -0.597241
    outer loop
      vertex 1.23682 30.2 19.815
      vertex 1.25 24.1 19.7973
      vertex 1.23682 24.1 19.815
    endloop
  endfacet
  facet normal 0.671404 0 0.741092
    outer loop
      vertex -1.13137 30.2 17.6686
      vertex -1.01503 24.1 17.5632
      vertex -1.01503 30.2 17.5632
    endloop
  endfacet
  facet normal 0.671404 0 0.741092
    outer loop
      vertex -1.01503 24.1 17.5632
      vertex -1.13137 30.2 17.6686
      vertex -1.13137 24.1 17.6686
    endloop
  endfacet
  facet normal 0.595964 0 -0.803011
    outer loop
      vertex -1.01503 24.1 20.0368
      vertex -0.888912 30.2 20.1304
      vertex -0.888912 24.1 20.1304
    endloop
  endfacet
  facet normal 0.595964 0 -0.803011
    outer loop
      vertex -0.888912 30.2 20.1304
      vertex -1.01503 24.1 20.0368
      vertex -1.01503 30.2 20.0368
    endloop
  endfacet
  facet normal -0.595964 0 0.803011
    outer loop
      vertex 0.888912 30.2 17.4696
      vertex 1.01503 24.1 17.5632
      vertex 1.01503 30.2 17.5632
    endloop
  endfacet
  facet normal -0.595964 0 0.803011
    outer loop
      vertex 1.01503 24.1 17.5632
      vertex 0.888912 30.2 17.4696
      vertex 0.888912 24.1 17.4696
    endloop
  endfacet
  facet normal -0.671404 0 0.741092
    outer loop
      vertex 1.01503 30.2 17.5632
      vertex 1.13137 24.1 17.6686
      vertex 1.13137 30.2 17.6686
    endloop
  endfacet
  facet normal -0.671404 0 0.741092
    outer loop
      vertex 1.13137 24.1 17.6686
      vertex 1.01503 30.2 17.5632
      vertex 1.01503 24.1 17.5632
    endloop
  endfacet
  facet normal -0.427383 0 -0.904071
    outer loop
      vertex 0.612293 24.1 20.2782
      vertex 0.754234 30.2 20.2111
      vertex 0.754234 24.1 20.2111
    endloop
  endfacet
  facet normal -0.427383 0 -0.904071
    outer loop
      vertex 0.754234 30.2 20.2111
      vertex 0.612293 24.1 20.2782
      vertex 0.612293 30.2 20.2782
    endloop
  endfacet
  facet normal -0.146487 0 0.989213
    outer loop
      vertex 0.156827 30.2 17.2077
      vertex 0.312144 24.1 17.2307
      vertex 0.312144 30.2 17.2307
    endloop
  endfacet
  facet normal -0.146487 0 0.989213
    outer loop
      vertex 0.312144 24.1 17.2307
      vertex 0.156827 30.2 17.2077
      vertex 0.156827 24.1 17.2077
    endloop
  endfacet
  facet normal 0 1 0
    outer loop
      vertex 0.156827 24.1 20.3923
      vertex -0.156827 24.1 20.3923
      vertex 0 24.1 20.4
    endloop
  endfacet
  facet normal 0 1 0
    outer loop
      vertex 0.312144 24.1 20.3693
      vertex -0.156827 24.1 20.3923
      vertex 0.156827 24.1 20.3923
    endloop
  endfacet
  facet normal 0 1 0
    outer loop
      vertex 0.312144 24.1 20.3693
      vertex -0.312144 24.1 20.3693
      vertex -0.156827 24.1 20.3923
    endloop
  endfacet
  facet normal 0 1 0
    outer loop
      vertex 0.464455 24.1 20.3311
      vertex -0.312144 24.1 20.3693
      vertex 0.312144 24.1 20.3693
    endloop
  endfacet
  facet normal 0 1 0
    outer loop
      vertex 0.464455 24.1 20.3311
      vertex -0.464455 24.1 20.3311
      vertex -0.312144 24.1 20.3693
    endloop
  endfacet
  facet normal 0 1 0
    outer loop
      vertex 0.612293 24.1 20.2782
      vertex -0.464455 24.1 20.3311
      vertex 0.464455 24.1 20.3311
    endloop
  endfacet
  facet normal 0 1 0
    outer loop
      vertex 0.612293 24.1 20.2782
      vertex -0.612293 24.1 20.2782
      vertex -0.464455 24.1 20.3311
    endloop
  endfacet
  facet normal 0 1 0
    outer loop
      vertex 0.754234 24.1 20.2111
      vertex -0.612293 24.1 20.2782
      vertex 0.612293 24.1 20.2782
    endloop
  endfacet
  facet normal 0 1 0
    outer loop
      vertex 0.754234 24.1 20.2111
      vertex -0.754234 24.1 20.2111
      vertex -0.612293 24.1 20.2782
    endloop
  endfacet
  facet normal 0 1 0
    outer loop
      vertex 0.888912 24.1 20.1304
      vertex -0.754234 24.1 20.2111
      vertex 0.754234 24.1 20.2111
    endloop
  endfacet
  facet normal 0 1 0
    outer loop
      vertex 0.888912 24.1 20.1304
      vertex -0.888912 24.1 20.1304
      vertex -0.754234 24.1 20.2111
    endloop
  endfacet
  facet normal 0 1 0
    outer loop
      vertex 1.01503 24.1 20.0368
      vertex -0.888912 24.1 20.1304
      vertex 0.888912 24.1 20.1304
    endloop
  endfacet
  facet normal 0 1 0
    outer loop
      vertex 1.01503 24.1 20.0368
      vertex -1.01503 24.1 20.0368
      vertex -0.888912 24.1 20.1304
    endloop
  endfacet
  facet normal 0 1 0
    outer loop
      vertex 1.13137 24.1 19.9314
      vertex -1.01503 24.1 20.0368
      vertex 1.01503 24.1 20.0368
    endloop
  endfacet
  facet normal 0 1 0
    outer loop
      vertex 1.13137 24.1 19.9314
      vertex -1.13137 24.1 19.9314
      vertex -1.01503 24.1 20.0368
    endloop
  endfacet
  facet normal 0 1 0
    outer loop
      vertex 1.25 24.1 19.7973
      vertex 1.13137 24.1 19.9314
      vertex 1.23682 24.1 19.815
    endloop
  endfacet
  facet normal 0 1 0
    outer loop
      vertex 1.13137 24.1 19.9314
      vertex 1.25 24.1 19.7973
      vertex -1.13137 24.1 19.9314
    endloop
  endfacet
  facet normal 0 1 0
    outer loop
      vertex -1.25 24.1 19.7973
      vertex -1.13137 24.1 19.9314
      vertex 1.25 24.1 19.7973
    endloop
  endfacet
  facet normal 0 1 0
    outer loop
      vertex -1.13137 24.1 19.9314
      vertex -1.25 24.1 19.7973
      vertex -1.23682 24.1 19.815
    endloop
  endfacet
  facet normal 0 1 -0
    outer loop
      vertex 1.25 24.1 17.8027
      vertex -1.25 24.1 19.7973
      vertex 1.25 24.1 19.7973
    endloop
  endfacet
  facet normal 0 1 0
    outer loop
      vertex 1.25 24.1 17.8027
      vertex -1.25 24.1 17.8027
      vertex -1.25 24.1 19.7973
    endloop
  endfacet
  facet normal 0 1 0
    outer loop
      vertex 1.13137 24.1 17.6686
      vertex 1.25 24.1 17.8027
      vertex 1.23682 24.1 17.785
    endloop
  endfacet
  facet normal 0 1 0
    outer loop
      vertex 1.25 24.1 17.8027
      vertex 1.13137 24.1 17.6686
      vertex -1.25 24.1 17.8027
    endloop
  endfacet
  facet normal 0 1 -0
    outer loop
      vertex -1.13137 24.1 17.6686
      vertex -1.25 24.1 17.8027
      vertex 1.13137 24.1 17.6686
    endloop
  endfacet
  facet normal 0 1 0
    outer loop
      vertex -1.25 24.1 17.8027
      vertex -1.13137 24.1 17.6686
      vertex -1.23682 24.1 17.785
    endloop
  endfacet
  facet normal 0 1 -0
    outer loop
      vertex 1.01503 24.1 17.5632
      vertex -1.13137 24.1 17.6686
      vertex 1.13137 24.1 17.6686
    endloop
  endfacet
  facet normal 0 1 0
    outer loop
      vertex 1.01503 24.1 17.5632
      vertex -1.01503 24.1 17.5632
      vertex -1.13137 24.1 17.6686
    endloop
  endfacet
  facet normal 0 1 -0
    outer loop
      vertex 0.888912 24.1 17.4696
      vertex -1.01503 24.1 17.5632
      vertex 1.01503 24.1 17.5632
    endloop
  endfacet
  facet normal 0 1 0
    outer loop
      vertex 0.888912 24.1 17.4696
      vertex -0.888912 24.1 17.4696
      vertex -1.01503 24.1 17.5632
    endloop
  endfacet
  facet normal 0 1 -0
    outer loop
      vertex 0.754234 24.1 17.3889
      vertex -0.888912 24.1 17.4696
      vertex 0.888912 24.1 17.4696
    endloop
  endfacet
  facet normal 0 1 0
    outer loop
      vertex 0.754234 24.1 17.3889
      vertex -0.754234 24.1 17.3889
      vertex -0.888912 24.1 17.4696
    endloop
  endfacet
  facet normal 0 1 -0
    outer loop
      vertex 0.612293 24.1 17.3218
      vertex -0.754234 24.1 17.3889
      vertex 0.754234 24.1 17.3889
    endloop
  endfacet
  facet normal 0 1 0
    outer loop
      vertex 0.612293 24.1 17.3218
      vertex -0.612293 24.1 17.3218
      vertex -0.754234 24.1 17.3889
    endloop
  endfacet
  facet normal 0 1 -0
    outer loop
      vertex 0.464455 24.1 17.2689
      vertex -0.612293 24.1 17.3218
      vertex 0.612293 24.1 17.3218
    endloop
  endfacet
  facet normal 0 1 0
    outer loop
      vertex 0.464455 24.1 17.2689
      vertex -0.464455 24.1 17.2689
      vertex -0.612293 24.1 17.3218
    endloop
  endfacet
  facet normal 0 1 -0
    outer loop
      vertex 0.312144 24.1 17.2307
      vertex -0.464455 24.1 17.2689
      vertex 0.464455 24.1 17.2689
    endloop
  endfacet
  facet normal 0 1 0
    outer loop
      vertex 0.312144 24.1 17.2307
      vertex -0.312144 24.1 17.2307
      vertex -0.464455 24.1 17.2689
    endloop
  endfacet
  facet normal 0 1 -0
    outer loop
      vertex 0.156827 24.1 17.2077
      vertex -0.312144 24.1 17.2307
      vertex 0.312144 24.1 17.2307
    endloop
  endfacet
  facet normal 0 1 0
    outer loop
      vertex 0.156827 24.1 17.2077
      vertex -0.156827 24.1 17.2077
      vertex -0.312144 24.1 17.2307
    endloop
  endfacet
  facet normal -0 1 0
    outer loop
      vertex -0.156827 24.1 17.2077
      vertex 0.156827 24.1 17.2077
      vertex 0 24.1 17.2
    endloop
  endfacet
  facet normal -0.513995 0 -0.857793
    outer loop
      vertex 0.754234 24.1 20.2111
      vertex 0.888912 30.2 20.1304
      vertex 0.888912 24.1 20.1304
    endloop
  endfacet
  facet normal -0.513995 0 -0.857793
    outer loop
      vertex 0.888912 30.2 20.1304
      vertex 0.754234 24.1 20.2111
      vertex 0.754234 30.2 20.2111
    endloop
  endfacet
  facet normal -0.802062 0 0.597241
    outer loop
      vertex 1.23682 24.1 17.785
      vertex 1.25 30.2 17.8027
      vertex 1.23682 30.2 17.785
    endloop
  endfacet
  facet normal -0.802062 0 0.597241
    outer loop
      vertex 1.25 30.2 17.8027
      vertex 1.23682 24.1 17.785
      vertex 1.25 24.1 17.8027
    endloop
  endfacet
  facet normal -0.671404 0 -0.741092
    outer loop
      vertex 1.01503 24.1 20.0368
      vertex 1.13137 30.2 19.9314
      vertex 1.13137 24.1 19.9314
    endloop
  endfacet
  facet normal -0.671404 0 -0.741092
    outer loop
      vertex 1.13137 30.2 19.9314
      vertex 1.01503 24.1 20.0368
      vertex 1.01503 30.2 20.0368
    endloop
  endfacet
  facet normal -0.146487 0 -0.989213
    outer loop
      vertex 0.156827 24.1 20.3923
      vertex 0.312144 30.2 20.3693
      vertex 0.312144 24.1 20.3693
    endloop
  endfacet
  facet normal -0.146487 0 -0.989213
    outer loop
      vertex 0.312144 30.2 20.3693
      vertex 0.156827 24.1 20.3923
      vertex 0.156827 30.2 20.3923
    endloop
  endfacet
  facet normal 0.243268 0 -0.969959
    outer loop
      vertex -0.464455 24.1 20.3311
      vertex -0.312144 30.2 20.3693
      vertex -0.312144 24.1 20.3693
    endloop
  endfacet
  facet normal 0.243268 0 -0.969959
    outer loop
      vertex -0.312144 30.2 20.3693
      vertex -0.464455 24.1 20.3311
      vertex -0.464455 30.2 20.3311
    endloop
  endfacet
  facet normal -0.595964 0 -0.803011
    outer loop
      vertex 0.888912 24.1 20.1304
      vertex 1.01503 30.2 20.0368
      vertex 1.01503 24.1 20.0368
    endloop
  endfacet
  facet normal -0.595964 0 -0.803011
    outer loop
      vertex 1.01503 30.2 20.0368
      vertex 0.888912 24.1 20.1304
      vertex 0.888912 30.2 20.1304
    endloop
  endfacet
  facet normal -0.0490396 0 -0.998797
    outer loop
      vertex 0 24.1 20.4
      vertex 0.156827 30.2 20.3923
      vertex 0.156827 24.1 20.3923
    endloop
  endfacet
  facet normal -0.0490396 0 -0.998797
    outer loop
      vertex 0.156827 30.2 20.3923
      vertex 0 24.1 20.4
      vertex 0 30.2 20.4
    endloop
  endfacet
  facet normal 0.741106 -0 0.671388
    outer loop
      vertex -1.23682 24.1 17.785
      vertex -1.13137 30.2 17.6686
      vertex -1.23682 30.2 17.785
    endloop
  endfacet
  facet normal 0.741106 0 0.671388
    outer loop
      vertex -1.13137 30.2 17.6686
      vertex -1.23682 24.1 17.785
      vertex -1.13137 24.1 17.6686
    endloop
  endfacet
  facet normal 0 -1 0
    outer loop
      vertex -0.156827 30.2 20.3923
      vertex 0.156827 30.2 20.3923
      vertex 0 30.2 20.4
    endloop
  endfacet
  facet normal 0 -1 0
    outer loop
      vertex -0.312144 30.2 20.3693
      vertex 0.156827 30.2 20.3923
      vertex -0.156827 30.2 20.3923
    endloop
  endfacet
  facet normal 0 -1 0
    outer loop
      vertex -0.312144 30.2 20.3693
      vertex 0.312144 30.2 20.3693
      vertex 0.156827 30.2 20.3923
    endloop
  endfacet
  facet normal 0 -1 0
    outer loop
      vertex -0.464455 30.2 20.3311
      vertex 0.312144 30.2 20.3693
      vertex -0.312144 30.2 20.3693
    endloop
  endfacet
  facet normal 0 -1 0
    outer loop
      vertex -0.464455 30.2 20.3311
      vertex 0.464455 30.2 20.3311
      vertex 0.312144 30.2 20.3693
    endloop
  endfacet
  facet normal 0 -1 0
    outer loop
      vertex -0.612293 30.2 20.2782
      vertex 0.464455 30.2 20.3311
      vertex -0.464455 30.2 20.3311
    endloop
  endfacet
  facet normal 0 -1 0
    outer loop
      vertex -0.612293 30.2 20.2782
      vertex 0.612293 30.2 20.2782
      vertex 0.464455 30.2 20.3311
    endloop
  endfacet
  facet normal 0 -1 0
    outer loop
      vertex -0.754234 30.2 20.2111
      vertex 0.612293 30.2 20.2782
      vertex -0.612293 30.2 20.2782
    endloop
  endfacet
  facet normal 0 -1 0
    outer loop
      vertex -0.754234 30.2 20.2111
      vertex 0.754234 30.2 20.2111
      vertex 0.612293 30.2 20.2782
    endloop
  endfacet
  facet normal 0 -1 0
    outer loop
      vertex -0.888912 30.2 20.1304
      vertex 0.754234 30.2 20.2111
      vertex -0.754234 30.2 20.2111
    endloop
  endfacet
  facet normal 0 -1 0
    outer loop
      vertex -0.888912 30.2 20.1304
      vertex 0.888912 30.2 20.1304
      vertex 0.754234 30.2 20.2111
    endloop
  endfacet
  facet normal 0 -1 0
    outer loop
      vertex -1.01503 30.2 20.0368
      vertex 0.888912 30.2 20.1304
      vertex -0.888912 30.2 20.1304
    endloop
  endfacet
  facet normal 0 -1 0
    outer loop
      vertex -1.01503 30.2 20.0368
      vertex 1.01503 30.2 20.0368
      vertex 0.888912 30.2 20.1304
    endloop
  endfacet
  facet normal 0 -1 0
    outer loop
      vertex -1.13137 30.2 19.9314
      vertex 1.01503 30.2 20.0368
      vertex -1.01503 30.2 20.0368
    endloop
  endfacet
  facet normal 0 -1 0
    outer loop
      vertex -1.13137 30.2 19.9314
      vertex 1.13137 30.2 19.9314
      vertex 1.01503 30.2 20.0368
    endloop
  endfacet
  facet normal 0 -1 0
    outer loop
      vertex -1.25 30.2 19.7973
      vertex -1.13137 30.2 19.9314
      vertex -1.23682 30.2 19.815
    endloop
  endfacet
  facet normal 0 -1 -0
    outer loop
      vertex -1.13137 30.2 19.9314
      vertex -1.25 30.2 19.7973
      vertex 1.13137 30.2 19.9314
    endloop
  endfacet
  facet normal 0 -1 0
    outer loop
      vertex 1.25 30.2 19.7973
      vertex 1.13137 30.2 19.9314
      vertex -1.25 30.2 19.7973
    endloop
  endfacet
  facet normal 0 -1 0
    outer loop
      vertex 1.13137 30.2 19.9314
      vertex 1.25 30.2 19.7973
      vertex 1.23682 30.2 19.815
    endloop
  endfacet
  facet normal 0 -1 0
    outer loop
      vertex -1.25 30.2 17.8027
      vertex 1.25 30.2 19.7973
      vertex -1.25 30.2 19.7973
    endloop
  endfacet
  facet normal 0 -1 0
    outer loop
      vertex -1.25 30.2 17.8027
      vertex 1.25 30.2 17.8027
      vertex 1.25 30.2 19.7973
    endloop
  endfacet
  facet normal 0 -1 0
    outer loop
      vertex -1.13137 30.2 17.6686
      vertex -1.25 30.2 17.8027
      vertex -1.23682 30.2 17.785
    endloop
  endfacet
  facet normal 0 -1 0
    outer loop
      vertex -1.25 30.2 17.8027
      vertex -1.13137 30.2 17.6686
      vertex 1.25 30.2 17.8027
    endloop
  endfacet
  facet normal 0 -1 0
    outer loop
      vertex 1.13137 30.2 17.6686
      vertex 1.25 30.2 17.8027
      vertex -1.13137 30.2 17.6686
    endloop
  endfacet
  facet normal 0 -1 0
    outer loop
      vertex 1.25 30.2 17.8027
      vertex 1.13137 30.2 17.6686
      vertex 1.23682 30.2 17.785
    endloop
  endfacet
  facet normal 0 -1 0
    outer loop
      vertex -1.01503 30.2 17.5632
      vertex 1.13137 30.2 17.6686
      vertex -1.13137 30.2 17.6686
    endloop
  endfacet
  facet normal 0 -1 0
    outer loop
      vertex -1.01503 30.2 17.5632
      vertex 1.01503 30.2 17.5632
      vertex 1.13137 30.2 17.6686
    endloop
  endfacet
  facet normal 0 -1 0
    outer loop
      vertex -0.888912 30.2 17.4696
      vertex 1.01503 30.2 17.5632
      vertex -1.01503 30.2 17.5632
    endloop
  endfacet
  facet normal 0 -1 0
    outer loop
      vertex -0.888912 30.2 17.4696
      vertex 0.888912 30.2 17.4696
      vertex 1.01503 30.2 17.5632
    endloop
  endfacet
  facet normal 0 -1 0
    outer loop
      vertex -0.754234 30.2 17.3889
      vertex 0.888912 30.2 17.4696
      vertex -0.888912 30.2 17.4696
    endloop
  endfacet
  facet normal 0 -1 0
    outer loop
      vertex -0.754234 30.2 17.3889
      vertex 0.754234 30.2 17.3889
      vertex 0.888912 30.2 17.4696
    endloop
  endfacet
  facet normal 0 -1 0
    outer loop
      vertex -0.612293 30.2 17.3218
      vertex 0.754234 30.2 17.3889
      vertex -0.754234 30.2 17.3889
    endloop
  endfacet
  facet normal 0 -1 0
    outer loop
      vertex -0.612293 30.2 17.3218
      vertex 0.612293 30.2 17.3218
      vertex 0.754234 30.2 17.3889
    endloop
  endfacet
  facet normal 0 -1 0
    outer loop
      vertex -0.464455 30.2 17.2689
      vertex 0.612293 30.2 17.3218
      vertex -0.612293 30.2 17.3218
    endloop
  endfacet
  facet normal 0 -1 0
    outer loop
      vertex -0.464455 30.2 17.2689
      vertex 0.464455 30.2 17.2689
      vertex 0.612293 30.2 17.3218
    endloop
  endfacet
  facet normal 0 -1 0
    outer loop
      vertex -0.312144 30.2 17.2307
      vertex 0.464455 30.2 17.2689
      vertex -0.464455 30.2 17.2689
    endloop
  endfacet
  facet normal 0 -1 0
    outer loop
      vertex -0.312144 30.2 17.2307
      vertex 0.312144 30.2 17.2307
      vertex 0.464455 30.2 17.2689
    endloop
  endfacet
  facet normal 0 -1 0
    outer loop
      vertex -0.156827 30.2 17.2077
      vertex 0.312144 30.2 17.2307
      vertex -0.312144 30.2 17.2307
    endloop
  endfacet
  facet normal 0 -1 0
    outer loop
      vertex -0.156827 30.2 17.2077
      vertex 0.156827 30.2 17.2077
      vertex 0.312144 30.2 17.2307
    endloop
  endfacet
  facet normal -0 -1 0
    outer loop
      vertex 0.156827 30.2 17.2077
      vertex -0.156827 30.2 17.2077
      vertex 0 30.2 17.2
    endloop
  endfacet
  facet normal -0.427383 0 0.904071
    outer loop
      vertex 0.612293 30.2 17.3218
      vertex 0.754234 24.1 17.3889
      vertex 0.754234 30.2 17.3889
    endloop
  endfacet
  facet normal -0.427383 0 0.904071
    outer loop
      vertex 0.754234 24.1 17.3889
      vertex 0.612293 30.2 17.3218
      vertex 0.612293 24.1 17.3218
    endloop
  endfacet
  facet normal 0.427383 0 -0.904071
    outer loop
      vertex -0.754234 24.1 20.2111
      vertex -0.612293 30.2 20.2782
      vertex -0.612293 24.1 20.2782
    endloop
  endfacet
  facet normal 0.427383 0 -0.904071
    outer loop
      vertex -0.612293 30.2 20.2782
      vertex -0.754234 24.1 20.2111
      vertex -0.754234 30.2 20.2111
    endloop
  endfacet
  facet normal 0.0490396 0 -0.998797
    outer loop
      vertex -0.156827 24.1 20.3923
      vertex 0 30.2 20.4
      vertex 0 24.1 20.4
    endloop
  endfacet
  facet normal 0.0490396 0 -0.998797
    outer loop
      vertex 0 30.2 20.4
      vertex -0.156827 24.1 20.3923
      vertex -0.156827 30.2 20.3923
    endloop
  endfacet
  facet normal -0.741106 0 0.671388
    outer loop
      vertex 1.13137 24.1 17.6686
      vertex 1.23682 30.2 17.785
      vertex 1.13137 30.2 17.6686
    endloop
  endfacet
  facet normal -0.741106 0 0.671388
    outer loop
      vertex 1.23682 30.2 17.785
      vertex 1.13137 24.1 17.6686
      vertex 1.23682 24.1 17.785
    endloop
  endfacet
  facet normal -0 0.146487 0.989213
    outer loop
      vertex -30.2 -0.156827 17.2077
      vertex -24.1 -0.312144 17.2307
      vertex -24.1 -0.156827 17.2077
    endloop
  endfacet
  facet normal 0 0.146487 0.989213
    outer loop
      vertex -24.1 -0.312144 17.2307
      vertex -30.2 -0.156827 17.2077
      vertex -30.2 -0.312144 17.2307
    endloop
  endfacet
  facet normal -0 0.0490396 0.998797
    outer loop
      vertex -30.2 0 17.2
      vertex -24.1 -0.156827 17.2077
      vertex -24.1 0 17.2
    endloop
  endfacet
  facet normal 0 0.0490396 0.998797
    outer loop
      vertex -24.1 -0.156827 17.2077
      vertex -30.2 0 17.2
      vertex -30.2 -0.156827 17.2077
    endloop
  endfacet
  facet normal 0 0.671404 -0.741092
    outer loop
      vertex -30.2 -1.13137 19.9314
      vertex -24.1 -1.01503 20.0368
      vertex -24.1 -1.13137 19.9314
    endloop
  endfacet
  facet normal 0 0.671404 -0.741092
    outer loop
      vertex -24.1 -1.01503 20.0368
      vertex -30.2 -1.13137 19.9314
      vertex -30.2 -1.01503 20.0368
    endloop
  endfacet
  facet normal 0 -0.336905 -0.941539
    outer loop
      vertex -30.2 0.464455 20.3311
      vertex -24.1 0.612293 20.2782
      vertex -24.1 0.464455 20.3311
    endloop
  endfacet
  facet normal -0 -0.336905 -0.941539
    outer loop
      vertex -24.1 0.612293 20.2782
      vertex -30.2 0.464455 20.3311
      vertex -30.2 0.612293 20.2782
    endloop
  endfacet
  facet normal 0 -0.243268 -0.969959
    outer loop
      vertex -30.2 0.312144 20.3693
      vertex -24.1 0.464455 20.3311
      vertex -24.1 0.312144 20.3693
    endloop
  endfacet
  facet normal -0 -0.243268 -0.969959
    outer loop
      vertex -24.1 0.464455 20.3311
      vertex -30.2 0.312144 20.3693
      vertex -30.2 0.464455 20.3311
    endloop
  endfacet
  facet normal 0 0.802062 -0.597241
    outer loop
      vertex -24.1 -1.25 19.7973
      vertex -30.2 -1.23682 19.815
      vertex -24.1 -1.23682 19.815
    endloop
  endfacet
  facet normal 0 0.802062 -0.597241
    outer loop
      vertex -30.2 -1.23682 19.815
      vertex -24.1 -1.25 19.7973
      vertex -30.2 -1.25 19.7973
    endloop
  endfacet
  facet normal 0 0.146487 -0.989213
    outer loop
      vertex -30.2 -0.312144 20.3693
      vertex -24.1 -0.156827 20.3923
      vertex -24.1 -0.312144 20.3693
    endloop
  endfacet
  facet normal 0 0.146487 -0.989213
    outer loop
      vertex -24.1 -0.156827 20.3923
      vertex -30.2 -0.312144 20.3693
      vertex -30.2 -0.156827 20.3923
    endloop
  endfacet
  facet normal -0 0.427383 0.904071
    outer loop
      vertex -30.2 -0.612293 17.3218
      vertex -24.1 -0.754234 17.3889
      vertex -24.1 -0.612293 17.3218
    endloop
  endfacet
  facet normal 0 0.427383 0.904071
    outer loop
      vertex -24.1 -0.754234 17.3889
      vertex -30.2 -0.612293 17.3218
      vertex -30.2 -0.754234 17.3889
    endloop
  endfacet
  facet normal 0 -0.513995 -0.857793
    outer loop
      vertex -30.2 0.754234 20.2111
      vertex -24.1 0.888912 20.1304
      vertex -24.1 0.754234 20.2111
    endloop
  endfacet
  facet normal -0 -0.513995 -0.857793
    outer loop
      vertex -24.1 0.888912 20.1304
      vertex -30.2 0.754234 20.2111
      vertex -30.2 0.888912 20.1304
    endloop
  endfacet
  facet normal -0 0.243268 0.969959
    outer loop
      vertex -30.2 -0.312144 17.2307
      vertex -24.1 -0.464455 17.2689
      vertex -24.1 -0.312144 17.2307
    endloop
  endfacet
  facet normal 0 0.243268 0.969959
    outer loop
      vertex -24.1 -0.464455 17.2689
      vertex -30.2 -0.312144 17.2307
      vertex -30.2 -0.464455 17.2689
    endloop
  endfacet
  facet normal 0 -0.336905 0.941539
    outer loop
      vertex -30.2 0.612293 17.3218
      vertex -24.1 0.464455 17.2689
      vertex -24.1 0.612293 17.3218
    endloop
  endfacet
  facet normal 0 -0.336905 0.941539
    outer loop
      vertex -24.1 0.464455 17.2689
      vertex -30.2 0.612293 17.3218
      vertex -30.2 0.464455 17.2689
    endloop
  endfacet
  facet normal 0 -0.595964 0.803011
    outer loop
      vertex -30.2 1.01503 17.5632
      vertex -24.1 0.888912 17.4696
      vertex -24.1 1.01503 17.5632
    endloop
  endfacet
  facet normal 0 -0.595964 0.803011
    outer loop
      vertex -24.1 0.888912 17.4696
      vertex -30.2 1.01503 17.5632
      vertex -30.2 0.888912 17.4696
    endloop
  endfacet
  facet normal 0 -0.243268 0.969959
    outer loop
      vertex -30.2 0.464455 17.2689
      vertex -24.1 0.312144 17.2307
      vertex -24.1 0.464455 17.2689
    endloop
  endfacet
  facet normal 0 -0.243268 0.969959
    outer loop
      vertex -24.1 0.312144 17.2307
      vertex -30.2 0.464455 17.2689
      vertex -30.2 0.312144 17.2307
    endloop
  endfacet
  facet normal -0 0.595964 0.803011
    outer loop
      vertex -30.2 -0.888912 17.4696
      vertex -24.1 -1.01503 17.5632
      vertex -24.1 -0.888912 17.4696
    endloop
  endfacet
  facet normal 0 0.595964 0.803011
    outer loop
      vertex -24.1 -1.01503 17.5632
      vertex -30.2 -0.888912 17.4696
      vertex -30.2 -1.01503 17.5632
    endloop
  endfacet
  facet normal 0 -0.0490396 -0.998797
    outer loop
      vertex -30.2 0 20.4
      vertex -24.1 0.156827 20.3923
      vertex -24.1 0 20.4
    endloop
  endfacet
  facet normal -0 -0.0490396 -0.998797
    outer loop
      vertex -24.1 0.156827 20.3923
      vertex -30.2 0 20.4
      vertex -30.2 0.156827 20.3923
    endloop
  endfacet
  facet normal 0 0.741106 -0.671388
    outer loop
      vertex -24.1 -1.23682 19.815
      vertex -30.2 -1.13137 19.9314
      vertex -24.1 -1.13137 19.9314
    endloop
  endfacet
  facet normal 0 0.741106 -0.671388
    outer loop
      vertex -30.2 -1.13137 19.9314
      vertex -24.1 -1.23682 19.815
      vertex -30.2 -1.23682 19.815
    endloop
  endfacet
  facet normal 0 -0.0490396 0.998797
    outer loop
      vertex -30.2 0.156827 17.2077
      vertex -24.1 0 17.2
      vertex -24.1 0.156827 17.2077
    endloop
  endfacet
  facet normal 0 -0.0490396 0.998797
    outer loop
      vertex -24.1 0 17.2
      vertex -30.2 0.156827 17.2077
      vertex -30.2 0 17.2
    endloop
  endfacet
  facet normal -0 0.513995 0.857793
    outer loop
      vertex -30.2 -0.754234 17.3889
      vertex -24.1 -0.888912 17.4696
      vertex -24.1 -0.754234 17.3889
    endloop
  endfacet
  facet normal 0 0.513995 0.857793
    outer loop
      vertex -24.1 -0.888912 17.4696
      vertex -30.2 -0.754234 17.3889
      vertex -30.2 -0.888912 17.4696
    endloop
  endfacet
  facet normal 0 0.336905 -0.941539
    outer loop
      vertex -30.2 -0.612293 20.2782
      vertex -24.1 -0.464455 20.3311
      vertex -24.1 -0.612293 20.2782
    endloop
  endfacet
  facet normal 0 0.336905 -0.941539
    outer loop
      vertex -24.1 -0.464455 20.3311
      vertex -30.2 -0.612293 20.2782
      vertex -30.2 -0.464455 20.3311
    endloop
  endfacet
  facet normal -0 0.336905 0.941539
    outer loop
      vertex -30.2 -0.464455 17.2689
      vertex -24.1 -0.612293 17.3218
      vertex -24.1 -0.464455 17.2689
    endloop
  endfacet
  facet normal 0 0.336905 0.941539
    outer loop
      vertex -24.1 -0.612293 17.3218
      vertex -30.2 -0.464455 17.2689
      vertex -30.2 -0.612293 17.3218
    endloop
  endfacet
  facet normal 0 0.513995 -0.857793
    outer loop
      vertex -30.2 -0.888912 20.1304
      vertex -24.1 -0.754234 20.2111
      vertex -24.1 -0.888912 20.1304
    endloop
  endfacet
  facet normal 0 0.513995 -0.857793
    outer loop
      vertex -24.1 -0.754234 20.2111
      vertex -30.2 -0.888912 20.1304
      vertex -30.2 -0.754234 20.2111
    endloop
  endfacet
  facet normal 0 -0.802062 -0.597241
    outer loop
      vertex -30.2 1.25 19.7973
      vertex -24.1 1.23682 19.815
      vertex -30.2 1.23682 19.815
    endloop
  endfacet
  facet normal 0 -0.802062 -0.597241
    outer loop
      vertex -24.1 1.23682 19.815
      vertex -30.2 1.25 19.7973
      vertex -24.1 1.25 19.7973
    endloop
  endfacet
  facet normal -0 0.671404 0.741092
    outer loop
      vertex -30.2 -1.01503 17.5632
      vertex -24.1 -1.13137 17.6686
      vertex -24.1 -1.01503 17.5632
    endloop
  endfacet
  facet normal 0 0.671404 0.741092
    outer loop
      vertex -24.1 -1.13137 17.6686
      vertex -30.2 -1.01503 17.5632
      vertex -30.2 -1.13137 17.6686
    endloop
  endfacet
  facet normal 0 0.595964 -0.803011
    outer loop
      vertex -30.2 -1.01503 20.0368
      vertex -24.1 -0.888912 20.1304
      vertex -24.1 -1.01503 20.0368
    endloop
  endfacet
  facet normal 0 0.595964 -0.803011
    outer loop
      vertex -24.1 -0.888912 20.1304
      vertex -30.2 -1.01503 20.0368
      vertex -30.2 -0.888912 20.1304
    endloop
  endfacet
  facet normal 0 0.802062 0.597241
    outer loop
      vertex -24.1 -1.23682 17.785
      vertex -30.2 -1.25 17.8027
      vertex -24.1 -1.25 17.8027
    endloop
  endfacet
  facet normal 0 0.802062 0.597241
    outer loop
      vertex -30.2 -1.25 17.8027
      vertex -24.1 -1.23682 17.785
      vertex -30.2 -1.23682 17.785
    endloop
  endfacet
  facet normal 0 -0.671404 0.741092
    outer loop
      vertex -30.2 1.13137 17.6686
      vertex -24.1 1.01503 17.5632
      vertex -24.1 1.13137 17.6686
    endloop
  endfacet
  facet normal 0 -0.671404 0.741092
    outer loop
      vertex -24.1 1.01503 17.5632
      vertex -30.2 1.13137 17.6686
      vertex -30.2 1.01503 17.5632
    endloop
  endfacet
  facet normal 0 -0.427383 0.904071
    outer loop
      vertex -30.2 0.754234 17.3889
      vertex -24.1 0.612293 17.3218
      vertex -24.1 0.754234 17.3889
    endloop
  endfacet
  facet normal 0 -0.427383 0.904071
    outer loop
      vertex -24.1 0.612293 17.3218
      vertex -30.2 0.754234 17.3889
      vertex -30.2 0.612293 17.3218
    endloop
  endfacet
  facet normal 0 -0.427383 -0.904071
    outer loop
      vertex -30.2 0.612293 20.2782
      vertex -24.1 0.754234 20.2111
      vertex -24.1 0.612293 20.2782
    endloop
  endfacet
  facet normal -0 -0.427383 -0.904071
    outer loop
      vertex -24.1 0.754234 20.2111
      vertex -30.2 0.612293 20.2782
      vertex -30.2 0.754234 20.2111
    endloop
  endfacet
  facet normal 0 -0.146487 0.989213
    outer loop
      vertex -30.2 0.312144 17.2307
      vertex -24.1 0.156827 17.2077
      vertex -24.1 0.312144 17.2307
    endloop
  endfacet
  facet normal 0 -0.146487 0.989213
    outer loop
      vertex -24.1 0.156827 17.2077
      vertex -30.2 0.312144 17.2307
      vertex -30.2 0.156827 17.2077
    endloop
  endfacet
  facet normal 0 0.427383 -0.904071
    outer loop
      vertex -30.2 -0.754234 20.2111
      vertex -24.1 -0.612293 20.2782
      vertex -24.1 -0.754234 20.2111
    endloop
  endfacet
  facet normal 0 0.427383 -0.904071
    outer loop
      vertex -24.1 -0.612293 20.2782
      vertex -30.2 -0.754234 20.2111
      vertex -30.2 -0.612293 20.2782
    endloop
  endfacet
  facet normal -1 0 0
    outer loop
      vertex -24.1 1.13137 17.6686
      vertex -24.1 1.25 17.8027
      vertex -24.1 1.23682 17.785
    endloop
  endfacet
  facet normal -1 -0 0
    outer loop
      vertex -24.1 1.25 17.8027
      vertex -24.1 1.13137 17.6686
      vertex -24.1 1.25 19.7973
    endloop
  endfacet
  facet normal -1 0 0
    outer loop
      vertex -24.1 1.13137 19.9314
      vertex -24.1 1.25 19.7973
      vertex -24.1 1.13137 17.6686
    endloop
  endfacet
  facet normal -1 0 0
    outer loop
      vertex -24.1 1.25 19.7973
      vertex -24.1 1.13137 19.9314
      vertex -24.1 1.23682 19.815
    endloop
  endfacet
  facet normal -1 0 0
    outer loop
      vertex -24.1 1.01503 17.5632
      vertex -24.1 1.13137 19.9314
      vertex -24.1 1.13137 17.6686
    endloop
  endfacet
  facet normal -1 0 0
    outer loop
      vertex -24.1 1.01503 17.5632
      vertex -24.1 1.01503 20.0368
      vertex -24.1 1.13137 19.9314
    endloop
  endfacet
  facet normal -1 0 0
    outer loop
      vertex -24.1 0.888912 17.4696
      vertex -24.1 1.01503 20.0368
      vertex -24.1 1.01503 17.5632
    endloop
  endfacet
  facet normal -1 0 0
    outer loop
      vertex -24.1 0.888912 17.4696
      vertex -24.1 0.888912 20.1304
      vertex -24.1 1.01503 20.0368
    endloop
  endfacet
  facet normal -1 0 0
    outer loop
      vertex -24.1 0.754234 17.3889
      vertex -24.1 0.888912 20.1304
      vertex -24.1 0.888912 17.4696
    endloop
  endfacet
  facet normal -1 0 0
    outer loop
      vertex -24.1 0.754234 17.3889
      vertex -24.1 0.754234 20.2111
      vertex -24.1 0.888912 20.1304
    endloop
  endfacet
  facet normal -1 0 0
    outer loop
      vertex -24.1 0.612293 17.3218
      vertex -24.1 0.754234 20.2111
      vertex -24.1 0.754234 17.3889
    endloop
  endfacet
  facet normal -1 0 0
    outer loop
      vertex -24.1 0.612293 17.3218
      vertex -24.1 0.612293 20.2782
      vertex -24.1 0.754234 20.2111
    endloop
  endfacet
  facet normal -1 0 0
    outer loop
      vertex -24.1 0.464455 17.2689
      vertex -24.1 0.612293 20.2782
      vertex -24.1 0.612293 17.3218
    endloop
  endfacet
  facet normal -1 0 0
    outer loop
      vertex -24.1 0.464455 17.2689
      vertex -24.1 0.464455 20.3311
      vertex -24.1 0.612293 20.2782
    endloop
  endfacet
  facet normal -1 0 0
    outer loop
      vertex -24.1 0.312144 17.2307
      vertex -24.1 0.464455 20.3311
      vertex -24.1 0.464455 17.2689
    endloop
  endfacet
  facet normal -1 0 0
    outer loop
      vertex -24.1 0.312144 17.2307
      vertex -24.1 0.312144 20.3693
      vertex -24.1 0.464455 20.3311
    endloop
  endfacet
  facet normal -1 0 0
    outer loop
      vertex -24.1 0.156827 17.2077
      vertex -24.1 0.312144 20.3693
      vertex -24.1 0.312144 17.2307
    endloop
  endfacet
  facet normal -1 0 0
    outer loop
      vertex -24.1 0.156827 17.2077
      vertex -24.1 0.156827 20.3923
      vertex -24.1 0.312144 20.3693
    endloop
  endfacet
  facet normal -1 0 0
    outer loop
      vertex -24.1 0 17.2
      vertex -24.1 0.156827 20.3923
      vertex -24.1 0.156827 17.2077
    endloop
  endfacet
  facet normal -1 0 0
    outer loop
      vertex -24.1 0 17.2
      vertex -24.1 0 20.4
      vertex -24.1 0.156827 20.3923
    endloop
  endfacet
  facet normal -1 0 0
    outer loop
      vertex -24.1 -0.156827 17.2077
      vertex -24.1 0 20.4
      vertex -24.1 0 17.2
    endloop
  endfacet
  facet normal -1 0 0
    outer loop
      vertex -24.1 -0.156827 17.2077
      vertex -24.1 -0.156827 20.3923
      vertex -24.1 0 20.4
    endloop
  endfacet
  facet normal -1 0 0
    outer loop
      vertex -24.1 -0.312144 17.2307
      vertex -24.1 -0.156827 20.3923
      vertex -24.1 -0.156827 17.2077
    endloop
  endfacet
  facet normal -1 0 0
    outer loop
      vertex -24.1 -0.312144 17.2307
      vertex -24.1 -0.312144 20.3693
      vertex -24.1 -0.156827 20.3923
    endloop
  endfacet
  facet normal -1 0 0
    outer loop
      vertex -24.1 -0.464455 17.2689
      vertex -24.1 -0.312144 20.3693
      vertex -24.1 -0.312144 17.2307
    endloop
  endfacet
  facet normal -1 0 0
    outer loop
      vertex -24.1 -0.464455 17.2689
      vertex -24.1 -0.464455 20.3311
      vertex -24.1 -0.312144 20.3693
    endloop
  endfacet
  facet normal -1 0 0
    outer loop
      vertex -24.1 -0.612293 17.3218
      vertex -24.1 -0.464455 20.3311
      vertex -24.1 -0.464455 17.2689
    endloop
  endfacet
  facet normal -1 0 0
    outer loop
      vertex -24.1 -0.612293 17.3218
      vertex -24.1 -0.612293 20.2782
      vertex -24.1 -0.464455 20.3311
    endloop
  endfacet
  facet normal -1 0 0
    outer loop
      vertex -24.1 -0.754234 17.3889
      vertex -24.1 -0.612293 20.2782
      vertex -24.1 -0.612293 17.3218
    endloop
  endfacet
  facet normal -1 0 0
    outer loop
      vertex -24.1 -0.754234 17.3889
      vertex -24.1 -0.754234 20.2111
      vertex -24.1 -0.612293 20.2782
    endloop
  endfacet
  facet normal -1 0 0
    outer loop
      vertex -24.1 -0.888912 17.4696
      vertex -24.1 -0.754234 20.2111
      vertex -24.1 -0.754234 17.3889
    endloop
  endfacet
  facet normal -1 0 0
    outer loop
      vertex -24.1 -0.888912 17.4696
      vertex -24.1 -0.888912 20.1304
      vertex -24.1 -0.754234 20.2111
    endloop
  endfacet
  facet normal -1 0 0
    outer loop
      vertex -24.1 -1.01503 17.5632
      vertex -24.1 -0.888912 20.1304
      vertex -24.1 -0.888912 17.4696
    endloop
  endfacet
  facet normal -1 0 0
    outer loop
      vertex -24.1 -1.01503 17.5632
      vertex -24.1 -1.01503 20.0368
      vertex -24.1 -0.888912 20.1304
    endloop
  endfacet
  facet normal -1 0 0
    outer loop
      vertex -24.1 -1.13137 17.6686
      vertex -24.1 -1.01503 20.0368
      vertex -24.1 -1.01503 17.5632
    endloop
  endfacet
  facet normal -1 0 0
    outer loop
      vertex -24.1 -1.13137 17.6686
      vertex -24.1 -1.13137 19.9314
      vertex -24.1 -1.01503 20.0368
    endloop
  endfacet
  facet normal -1 0 0
    outer loop
      vertex -24.1 -1.25 17.8027
      vertex -24.1 -1.13137 17.6686
      vertex -24.1 -1.23682 17.785
    endloop
  endfacet
  facet normal -1 0 0
    outer loop
      vertex -24.1 -1.13137 17.6686
      vertex -24.1 -1.25 17.8027
      vertex -24.1 -1.13137 19.9314
    endloop
  endfacet
  facet normal -1 0 0
    outer loop
      vertex -24.1 -1.25 19.7973
      vertex -24.1 -1.13137 19.9314
      vertex -24.1 -1.25 17.8027
    endloop
  endfacet
  facet normal -1 0 0
    outer loop
      vertex -24.1 -1.13137 19.9314
      vertex -24.1 -1.25 19.7973
      vertex -24.1 -1.23682 19.815
    endloop
  endfacet
  facet normal 0 -0.802062 0.597241
    outer loop
      vertex -30.2 1.23682 17.785
      vertex -24.1 1.25 17.8027
      vertex -30.2 1.25 17.8027
    endloop
  endfacet
  facet normal 0 -0.802062 0.597241
    outer loop
      vertex -24.1 1.25 17.8027
      vertex -30.2 1.23682 17.785
      vertex -24.1 1.23682 17.785
    endloop
  endfacet
  facet normal 0 -0.595964 -0.803011
    outer loop
      vertex -30.2 0.888912 20.1304
      vertex -24.1 1.01503 20.0368
      vertex -24.1 0.888912 20.1304
    endloop
  endfacet
  facet normal -0 -0.595964 -0.803011
    outer loop
      vertex -24.1 1.01503 20.0368
      vertex -30.2 0.888912 20.1304
      vertex -30.2 1.01503 20.0368
    endloop
  endfacet
  facet normal 0 -0.671404 -0.741092
    outer loop
      vertex -30.2 1.01503 20.0368
      vertex -24.1 1.13137 19.9314
      vertex -24.1 1.01503 20.0368
    endloop
  endfacet
  facet normal -0 -0.671404 -0.741092
    outer loop
      vertex -24.1 1.13137 19.9314
      vertex -30.2 1.01503 20.0368
      vertex -30.2 1.13137 19.9314
    endloop
  endfacet
  facet normal 0 -0.146487 -0.989213
    outer loop
      vertex -30.2 0.156827 20.3923
      vertex -24.1 0.312144 20.3693
      vertex -24.1 0.156827 20.3923
    endloop
  endfacet
  facet normal -0 -0.146487 -0.989213
    outer loop
      vertex -24.1 0.312144 20.3693
      vertex -30.2 0.156827 20.3923
      vertex -30.2 0.312144 20.3693
    endloop
  endfacet
  facet normal 0 -0.513995 0.857793
    outer loop
      vertex -30.2 0.888912 17.4696
      vertex -24.1 0.754234 17.3889
      vertex -24.1 0.888912 17.4696
    endloop
  endfacet
  facet normal 0 -0.513995 0.857793
    outer loop
      vertex -24.1 0.754234 17.3889
      vertex -30.2 0.888912 17.4696
      vertex -30.2 0.754234 17.3889
    endloop
  endfacet
  facet normal 0 0.741106 0.671388
    outer loop
      vertex -24.1 -1.13137 17.6686
      vertex -30.2 -1.23682 17.785
      vertex -24.1 -1.23682 17.785
    endloop
  endfacet
  facet normal 0 0.741106 0.671388
    outer loop
      vertex -30.2 -1.23682 17.785
      vertex -24.1 -1.13137 17.6686
      vertex -30.2 -1.13137 17.6686
    endloop
  endfacet
  facet normal 1 0 0
    outer loop
      vertex -30.2 1.13137 19.9314
      vertex -30.2 1.25 19.7973
      vertex -30.2 1.23682 19.815
    endloop
  endfacet
  facet normal 1 0 0
    outer loop
      vertex -30.2 1.25 19.7973
      vertex -30.2 1.13137 19.9314
      vertex -30.2 1.25 17.8027
    endloop
  endfacet
  facet normal 1 0 0
    outer loop
      vertex -30.2 1.13137 17.6686
      vertex -30.2 1.25 17.8027
      vertex -30.2 1.13137 19.9314
    endloop
  endfacet
  facet normal 1 0 0
    outer loop
      vertex -30.2 1.25 17.8027
      vertex -30.2 1.13137 17.6686
      vertex -30.2 1.23682 17.785
    endloop
  endfacet
  facet normal 1 0 0
    outer loop
      vertex -30.2 1.01503 20.0368
      vertex -30.2 1.13137 17.6686
      vertex -30.2 1.13137 19.9314
    endloop
  endfacet
  facet normal 1 0 0
    outer loop
      vertex -30.2 1.01503 20.0368
      vertex -30.2 1.01503 17.5632
      vertex -30.2 1.13137 17.6686
    endloop
  endfacet
  facet normal 1 0 0
    outer loop
      vertex -30.2 0.888912 20.1304
      vertex -30.2 1.01503 17.5632
      vertex -30.2 1.01503 20.0368
    endloop
  endfacet
  facet normal 1 0 0
    outer loop
      vertex -30.2 0.888912 20.1304
      vertex -30.2 0.888912 17.4696
      vertex -30.2 1.01503 17.5632
    endloop
  endfacet
  facet normal 1 0 0
    outer loop
      vertex -30.2 0.754234 20.2111
      vertex -30.2 0.888912 17.4696
      vertex -30.2 0.888912 20.1304
    endloop
  endfacet
  facet normal 1 0 0
    outer loop
      vertex -30.2 0.754234 20.2111
      vertex -30.2 0.754234 17.3889
      vertex -30.2 0.888912 17.4696
    endloop
  endfacet
  facet normal 1 0 0
    outer loop
      vertex -30.2 0.612293 20.2782
      vertex -30.2 0.754234 17.3889
      vertex -30.2 0.754234 20.2111
    endloop
  endfacet
  facet normal 1 0 0
    outer loop
      vertex -30.2 0.612293 20.2782
      vertex -30.2 0.612293 17.3218
      vertex -30.2 0.754234 17.3889
    endloop
  endfacet
  facet normal 1 0 0
    outer loop
      vertex -30.2 0.464455 20.3311
      vertex -30.2 0.612293 17.3218
      vertex -30.2 0.612293 20.2782
    endloop
  endfacet
  facet normal 1 0 0
    outer loop
      vertex -30.2 0.464455 20.3311
      vertex -30.2 0.464455 17.2689
      vertex -30.2 0.612293 17.3218
    endloop
  endfacet
  facet normal 1 0 0
    outer loop
      vertex -30.2 0.312144 20.3693
      vertex -30.2 0.464455 17.2689
      vertex -30.2 0.464455 20.3311
    endloop
  endfacet
  facet normal 1 0 0
    outer loop
      vertex -30.2 0.312144 20.3693
      vertex -30.2 0.312144 17.2307
      vertex -30.2 0.464455 17.2689
    endloop
  endfacet
  facet normal 1 0 0
    outer loop
      vertex -30.2 0.156827 20.3923
      vertex -30.2 0.312144 17.2307
      vertex -30.2 0.312144 20.3693
    endloop
  endfacet
  facet normal 1 0 0
    outer loop
      vertex -30.2 0.156827 20.3923
      vertex -30.2 0.156827 17.2077
      vertex -30.2 0.312144 17.2307
    endloop
  endfacet
  facet normal 1 0 0
    outer loop
      vertex -30.2 0 20.4
      vertex -30.2 0.156827 17.2077
      vertex -30.2 0.156827 20.3923
    endloop
  endfacet
  facet normal 1 0 0
    outer loop
      vertex -30.2 0 20.4
      vertex -30.2 0 17.2
      vertex -30.2 0.156827 17.2077
    endloop
  endfacet
  facet normal 1 -0 0
    outer loop
      vertex -30.2 -0.156827 20.3923
      vertex -30.2 0 17.2
      vertex -30.2 0 20.4
    endloop
  endfacet
  facet normal 1 0 0
    outer loop
      vertex -30.2 -0.156827 20.3923
      vertex -30.2 -0.156827 17.2077
      vertex -30.2 0 17.2
    endloop
  endfacet
  facet normal 1 -0 0
    outer loop
      vertex -30.2 -0.312144 20.3693
      vertex -30.2 -0.156827 17.2077
      vertex -30.2 -0.156827 20.3923
    endloop
  endfacet
  facet normal 1 0 0
    outer loop
      vertex -30.2 -0.312144 20.3693
      vertex -30.2 -0.312144 17.2307
      vertex -30.2 -0.156827 17.2077
    endloop
  endfacet
  facet normal 1 -0 0
    outer loop
      vertex -30.2 -0.464455 20.3311
      vertex -30.2 -0.312144 17.2307
      vertex -30.2 -0.312144 20.3693
    endloop
  endfacet
  facet normal 1 0 0
    outer loop
      vertex -30.2 -0.464455 20.3311
      vertex -30.2 -0.464455 17.2689
      vertex -30.2 -0.312144 17.2307
    endloop
  endfacet
  facet normal 1 -0 0
    outer loop
      vertex -30.2 -0.612293 20.2782
      vertex -30.2 -0.464455 17.2689
      vertex -30.2 -0.464455 20.3311
    endloop
  endfacet
  facet normal 1 0 0
    outer loop
      vertex -30.2 -0.612293 20.2782
      vertex -30.2 -0.612293 17.3218
      vertex -30.2 -0.464455 17.2689
    endloop
  endfacet
  facet normal 1 -0 0
    outer loop
      vertex -30.2 -0.754234 20.2111
      vertex -30.2 -0.612293 17.3218
      vertex -30.2 -0.612293 20.2782
    endloop
  endfacet
  facet normal 1 0 0
    outer loop
      vertex -30.2 -0.754234 20.2111
      vertex -30.2 -0.754234 17.3889
      vertex -30.2 -0.612293 17.3218
    endloop
  endfacet
  facet normal 1 -0 0
    outer loop
      vertex -30.2 -0.888912 20.1304
      vertex -30.2 -0.754234 17.3889
      vertex -30.2 -0.754234 20.2111
    endloop
  endfacet
  facet normal 1 0 0
    outer loop
      vertex -30.2 -0.888912 20.1304
      vertex -30.2 -0.888912 17.4696
      vertex -30.2 -0.754234 17.3889
    endloop
  endfacet
  facet normal 1 -0 0
    outer loop
      vertex -30.2 -1.01503 20.0368
      vertex -30.2 -0.888912 17.4696
      vertex -30.2 -0.888912 20.1304
    endloop
  endfacet
  facet normal 1 0 0
    outer loop
      vertex -30.2 -1.01503 20.0368
      vertex -30.2 -1.01503 17.5632
      vertex -30.2 -0.888912 17.4696
    endloop
  endfacet
  facet normal 1 -0 0
    outer loop
      vertex -30.2 -1.13137 19.9314
      vertex -30.2 -1.01503 17.5632
      vertex -30.2 -1.01503 20.0368
    endloop
  endfacet
  facet normal 1 0 0
    outer loop
      vertex -30.2 -1.13137 19.9314
      vertex -30.2 -1.13137 17.6686
      vertex -30.2 -1.01503 17.5632
    endloop
  endfacet
  facet normal 1 0 0
    outer loop
      vertex -30.2 -1.25 19.7973
      vertex -30.2 -1.13137 19.9314
      vertex -30.2 -1.23682 19.815
    endloop
  endfacet
  facet normal 1 0 0
    outer loop
      vertex -30.2 -1.13137 19.9314
      vertex -30.2 -1.25 19.7973
      vertex -30.2 -1.13137 17.6686
    endloop
  endfacet
  facet normal 1 -0 0
    outer loop
      vertex -30.2 -1.25 17.8027
      vertex -30.2 -1.13137 17.6686
      vertex -30.2 -1.25 19.7973
    endloop
  endfacet
  facet normal 1 0 0
    outer loop
      vertex -30.2 -1.13137 17.6686
      vertex -30.2 -1.25 17.8027
      vertex -30.2 -1.23682 17.785
    endloop
  endfacet
  facet normal 0 -0.741106 -0.671388
    outer loop
      vertex -30.2 1.23682 19.815
      vertex -24.1 1.13137 19.9314
      vertex -30.2 1.13137 19.9314
    endloop
  endfacet
  facet normal 0 -0.741106 -0.671388
    outer loop
      vertex -24.1 1.13137 19.9314
      vertex -30.2 1.23682 19.815
      vertex -24.1 1.23682 19.815
    endloop
  endfacet
  facet normal 0 0.243268 -0.969959
    outer loop
      vertex -30.2 -0.464455 20.3311
      vertex -24.1 -0.312144 20.3693
      vertex -24.1 -0.464455 20.3311
    endloop
  endfacet
  facet normal 0 0.243268 -0.969959
    outer loop
      vertex -24.1 -0.312144 20.3693
      vertex -30.2 -0.464455 20.3311
      vertex -30.2 -0.312144 20.3693
    endloop
  endfacet
  facet normal 0 0.0490396 -0.998797
    outer loop
      vertex -30.2 -0.156827 20.3923
      vertex -24.1 0 20.4
      vertex -24.1 -0.156827 20.3923
    endloop
  endfacet
  facet normal 0 0.0490396 -0.998797
    outer loop
      vertex -24.1 0 20.4
      vertex -30.2 -0.156827 20.3923
      vertex -30.2 0 20.4
    endloop
  endfacet
  facet normal 0 -0.741106 0.671388
    outer loop
      vertex -30.2 1.13137 17.6686
      vertex -24.1 1.23682 17.785
      vertex -30.2 1.23682 17.785
    endloop
  endfacet
  facet normal 0 -0.741106 0.671388
    outer loop
      vertex -24.1 1.23682 17.785
      vertex -30.2 1.13137 17.6686
      vertex -24.1 1.13137 17.6686
    endloop
  endfacet
  facet normal -0.671404 0 -0.741092
    outer loop
      vertex 1.01503 -30.2 20.0368
      vertex 1.13137 -24.1 19.9314
      vertex 1.13137 -30.2 19.9314
    endloop
  endfacet
  facet normal -0.671404 0 -0.741092
    outer loop
      vertex 1.13137 -24.1 19.9314
      vertex 1.01503 -30.2 20.0368
      vertex 1.01503 -24.1 20.0368
    endloop
  endfacet
  facet normal 0.336905 0 -0.941539
    outer loop
      vertex -0.612293 -30.2 20.2782
      vertex -0.464455 -24.1 20.3311
      vertex -0.464455 -30.2 20.3311
    endloop
  endfacet
  facet normal 0.336905 0 -0.941539
    outer loop
      vertex -0.464455 -24.1 20.3311
      vertex -0.612293 -30.2 20.2782
      vertex -0.612293 -24.1 20.2782
    endloop
  endfacet
  facet normal 0.243268 0 -0.969959
    outer loop
      vertex -0.464455 -30.2 20.3311
      vertex -0.312144 -24.1 20.3693
      vertex -0.312144 -30.2 20.3693
    endloop
  endfacet
  facet normal 0.243268 0 -0.969959
    outer loop
      vertex -0.312144 -24.1 20.3693
      vertex -0.464455 -30.2 20.3311
      vertex -0.464455 -24.1 20.3311
    endloop
  endfacet
  facet normal -0.595964 0 0.803011
    outer loop
      vertex 0.888912 -24.1 17.4696
      vertex 1.01503 -30.2 17.5632
      vertex 1.01503 -24.1 17.5632
    endloop
  endfacet
  facet normal -0.595964 0 0.803011
    outer loop
      vertex 1.01503 -30.2 17.5632
      vertex 0.888912 -24.1 17.4696
      vertex 0.888912 -30.2 17.4696
    endloop
  endfacet
  facet normal -0.0490396 0 0.998797
    outer loop
      vertex 0 -24.1 17.2
      vertex 0.156827 -30.2 17.2077
      vertex 0.156827 -24.1 17.2077
    endloop
  endfacet
  facet normal -0.0490396 0 0.998797
    outer loop
      vertex 0.156827 -30.2 17.2077
      vertex 0 -24.1 17.2
      vertex 0 -30.2 17.2
    endloop
  endfacet
  facet normal 0 -1 0
    outer loop
      vertex -0.156827 -24.1 20.3923
      vertex 0.156827 -24.1 20.3923
      vertex 0 -24.1 20.4
    endloop
  endfacet
  facet normal 0 -1 0
    outer loop
      vertex -0.312144 -24.1 20.3693
      vertex 0.156827 -24.1 20.3923
      vertex -0.156827 -24.1 20.3923
    endloop
  endfacet
  facet normal 0 -1 0
    outer loop
      vertex -0.312144 -24.1 20.3693
      vertex 0.312144 -24.1 20.3693
      vertex 0.156827 -24.1 20.3923
    endloop
  endfacet
  facet normal 0 -1 0
    outer loop
      vertex -0.464455 -24.1 20.3311
      vertex 0.312144 -24.1 20.3693
      vertex -0.312144 -24.1 20.3693
    endloop
  endfacet
  facet normal 0 -1 0
    outer loop
      vertex -0.464455 -24.1 20.3311
      vertex 0.464455 -24.1 20.3311
      vertex 0.312144 -24.1 20.3693
    endloop
  endfacet
  facet normal 0 -1 0
    outer loop
      vertex -0.612293 -24.1 20.2782
      vertex 0.464455 -24.1 20.3311
      vertex -0.464455 -24.1 20.3311
    endloop
  endfacet
  facet normal 0 -1 0
    outer loop
      vertex -0.612293 -24.1 20.2782
      vertex 0.612293 -24.1 20.2782
      vertex 0.464455 -24.1 20.3311
    endloop
  endfacet
  facet normal 0 -1 0
    outer loop
      vertex -0.754234 -24.1 20.2111
      vertex 0.612293 -24.1 20.2782
      vertex -0.612293 -24.1 20.2782
    endloop
  endfacet
  facet normal 0 -1 0
    outer loop
      vertex -0.754234 -24.1 20.2111
      vertex 0.754234 -24.1 20.2111
      vertex 0.612293 -24.1 20.2782
    endloop
  endfacet
  facet normal 0 -1 0
    outer loop
      vertex -0.888912 -24.1 20.1304
      vertex 0.754234 -24.1 20.2111
      vertex -0.754234 -24.1 20.2111
    endloop
  endfacet
  facet normal 0 -1 0
    outer loop
      vertex -0.888912 -24.1 20.1304
      vertex 0.888912 -24.1 20.1304
      vertex 0.754234 -24.1 20.2111
    endloop
  endfacet
  facet normal 0 -1 0
    outer loop
      vertex -1.01503 -24.1 20.0368
      vertex 0.888912 -24.1 20.1304
      vertex -0.888912 -24.1 20.1304
    endloop
  endfacet
  facet normal 0 -1 0
    outer loop
      vertex -1.01503 -24.1 20.0368
      vertex 1.01503 -24.1 20.0368
      vertex 0.888912 -24.1 20.1304
    endloop
  endfacet
  facet normal 0 -1 0
    outer loop
      vertex -1.13137 -24.1 19.9314
      vertex 1.01503 -24.1 20.0368
      vertex -1.01503 -24.1 20.0368
    endloop
  endfacet
  facet normal 0 -1 0
    outer loop
      vertex -1.13137 -24.1 19.9314
      vertex 1.13137 -24.1 19.9314
      vertex 1.01503 -24.1 20.0368
    endloop
  endfacet
  facet normal 0 -1 0
    outer loop
      vertex -1.25 -24.1 19.7973
      vertex -1.13137 -24.1 19.9314
      vertex -1.23682 -24.1 19.815
    endloop
  endfacet
  facet normal 0 -1 -0
    outer loop
      vertex -1.13137 -24.1 19.9314
      vertex -1.25 -24.1 19.7973
      vertex 1.13137 -24.1 19.9314
    endloop
  endfacet
  facet normal 0 -1 0
    outer loop
      vertex 1.25 -24.1 19.7973
      vertex 1.13137 -24.1 19.9314
      vertex -1.25 -24.1 19.7973
    endloop
  endfacet
  facet normal 0 -1 0
    outer loop
      vertex 1.13137 -24.1 19.9314
      vertex 1.25 -24.1 19.7973
      vertex 1.23682 -24.1 19.815
    endloop
  endfacet
  facet normal 0 -1 0
    outer loop
      vertex -1.25 -24.1 17.8027
      vertex 1.25 -24.1 19.7973
      vertex -1.25 -24.1 19.7973
    endloop
  endfacet
  facet normal 0 -1 0
    outer loop
      vertex -1.25 -24.1 17.8027
      vertex 1.25 -24.1 17.8027
      vertex 1.25 -24.1 19.7973
    endloop
  endfacet
  facet normal 0 -1 0
    outer loop
      vertex -1.13137 -24.1 17.6686
      vertex -1.25 -24.1 17.8027
      vertex -1.23682 -24.1 17.785
    endloop
  endfacet
  facet normal 0 -1 0
    outer loop
      vertex -1.25 -24.1 17.8027
      vertex -1.13137 -24.1 17.6686
      vertex 1.25 -24.1 17.8027
    endloop
  endfacet
  facet normal 0 -1 0
    outer loop
      vertex 1.13137 -24.1 17.6686
      vertex 1.25 -24.1 17.8027
      vertex -1.13137 -24.1 17.6686
    endloop
  endfacet
  facet normal 0 -1 0
    outer loop
      vertex 1.25 -24.1 17.8027
      vertex 1.13137 -24.1 17.6686
      vertex 1.23682 -24.1 17.785
    endloop
  endfacet
  facet normal 0 -1 0
    outer loop
      vertex -1.01503 -24.1 17.5632
      vertex 1.13137 -24.1 17.6686
      vertex -1.13137 -24.1 17.6686
    endloop
  endfacet
  facet normal 0 -1 0
    outer loop
      vertex -1.01503 -24.1 17.5632
      vertex 1.01503 -24.1 17.5632
      vertex 1.13137 -24.1 17.6686
    endloop
  endfacet
  facet normal 0 -1 0
    outer loop
      vertex -0.888912 -24.1 17.4696
      vertex 1.01503 -24.1 17.5632
      vertex -1.01503 -24.1 17.5632
    endloop
  endfacet
  facet normal 0 -1 0
    outer loop
      vertex -0.888912 -24.1 17.4696
      vertex 0.888912 -24.1 17.4696
      vertex 1.01503 -24.1 17.5632
    endloop
  endfacet
  facet normal 0 -1 0
    outer loop
      vertex -0.754234 -24.1 17.3889
      vertex 0.888912 -24.1 17.4696
      vertex -0.888912 -24.1 17.4696
    endloop
  endfacet
  facet normal 0 -1 0
    outer loop
      vertex -0.754234 -24.1 17.3889
      vertex 0.754234 -24.1 17.3889
      vertex 0.888912 -24.1 17.4696
    endloop
  endfacet
  facet normal 0 -1 0
    outer loop
      vertex -0.612293 -24.1 17.3218
      vertex 0.754234 -24.1 17.3889
      vertex -0.754234 -24.1 17.3889
    endloop
  endfacet
  facet normal 0 -1 0
    outer loop
      vertex -0.612293 -24.1 17.3218
      vertex 0.612293 -24.1 17.3218
      vertex 0.754234 -24.1 17.3889
    endloop
  endfacet
  facet normal 0 -1 0
    outer loop
      vertex -0.464455 -24.1 17.2689
      vertex 0.612293 -24.1 17.3218
      vertex -0.612293 -24.1 17.3218
    endloop
  endfacet
  facet normal 0 -1 0
    outer loop
      vertex -0.464455 -24.1 17.2689
      vertex 0.464455 -24.1 17.2689
      vertex 0.612293 -24.1 17.3218
    endloop
  endfacet
  facet normal 0 -1 0
    outer loop
      vertex -0.312144 -24.1 17.2307
      vertex 0.464455 -24.1 17.2689
      vertex -0.464455 -24.1 17.2689
    endloop
  endfacet
  facet normal 0 -1 0
    outer loop
      vertex -0.312144 -24.1 17.2307
      vertex 0.312144 -24.1 17.2307
      vertex 0.464455 -24.1 17.2689
    endloop
  endfacet
  facet normal 0 -1 0
    outer loop
      vertex -0.156827 -24.1 17.2077
      vertex 0.312144 -24.1 17.2307
      vertex -0.312144 -24.1 17.2307
    endloop
  endfacet
  facet normal 0 -1 0
    outer loop
      vertex -0.156827 -24.1 17.2077
      vertex 0.156827 -24.1 17.2077
      vertex 0.312144 -24.1 17.2307
    endloop
  endfacet
  facet normal -0 -1 0
    outer loop
      vertex 0.156827 -24.1 17.2077
      vertex -0.156827 -24.1 17.2077
      vertex 0 -24.1 17.2
    endloop
  endfacet
  facet normal -0.802062 0 -0.597241
    outer loop
      vertex 1.25 -30.2 19.7973
      vertex 1.23682 -24.1 19.815
      vertex 1.25 -24.1 19.7973
    endloop
  endfacet
  facet normal -0.802062 -0 -0.597241
    outer loop
      vertex 1.23682 -24.1 19.815
      vertex 1.25 -30.2 19.7973
      vertex 1.23682 -30.2 19.815
    endloop
  endfacet
  facet normal 0.427383 0 -0.904071
    outer loop
      vertex -0.754234 -30.2 20.2111
      vertex -0.612293 -24.1 20.2782
      vertex -0.612293 -30.2 20.2782
    endloop
  endfacet
  facet normal 0.427383 0 -0.904071
    outer loop
      vertex -0.612293 -24.1 20.2782
      vertex -0.754234 -30.2 20.2111
      vertex -0.754234 -24.1 20.2111
    endloop
  endfacet
  facet normal 0.671404 0 0.741092
    outer loop
      vertex -1.13137 -24.1 17.6686
      vertex -1.01503 -30.2 17.5632
      vertex -1.01503 -24.1 17.5632
    endloop
  endfacet
  facet normal 0.671404 0 0.741092
    outer loop
      vertex -1.01503 -30.2 17.5632
      vertex -1.13137 -24.1 17.6686
      vertex -1.13137 -30.2 17.6686
    endloop
  endfacet
  facet normal -0.427383 0 0.904071
    outer loop
      vertex 0.612293 -24.1 17.3218
      vertex 0.754234 -30.2 17.3889
      vertex 0.754234 -24.1 17.3889
    endloop
  endfacet
  facet normal -0.427383 0 0.904071
    outer loop
      vertex 0.754234 -30.2 17.3889
      vertex 0.612293 -24.1 17.3218
      vertex 0.612293 -30.2 17.3218
    endloop
  endfacet
  facet normal 0.513995 0 -0.857793
    outer loop
      vertex -0.888912 -30.2 20.1304
      vertex -0.754234 -24.1 20.2111
      vertex -0.754234 -30.2 20.2111
    endloop
  endfacet
  facet normal 0.513995 0 -0.857793
    outer loop
      vertex -0.754234 -24.1 20.2111
      vertex -0.888912 -30.2 20.1304
      vertex -0.888912 -24.1 20.1304
    endloop
  endfacet
  facet normal -0.243268 0 0.969959
    outer loop
      vertex 0.312144 -24.1 17.2307
      vertex 0.464455 -30.2 17.2689
      vertex 0.464455 -24.1 17.2689
    endloop
  endfacet
  facet normal -0.243268 0 0.969959
    outer loop
      vertex 0.464455 -30.2 17.2689
      vertex 0.312144 -24.1 17.2307
      vertex 0.312144 -30.2 17.2307
    endloop
  endfacet
  facet normal 0.595964 0 0.803011
    outer loop
      vertex -1.01503 -24.1 17.5632
      vertex -0.888912 -30.2 17.4696
      vertex -0.888912 -24.1 17.4696
    endloop
  endfacet
  facet normal 0.595964 0 0.803011
    outer loop
      vertex -0.888912 -30.2 17.4696
      vertex -1.01503 -24.1 17.5632
      vertex -1.01503 -30.2 17.5632
    endloop
  endfacet
  facet normal 0.243268 0 0.969959
    outer loop
      vertex -0.464455 -24.1 17.2689
      vertex -0.312144 -30.2 17.2307
      vertex -0.312144 -24.1 17.2307
    endloop
  endfacet
  facet normal 0.243268 0 0.969959
    outer loop
      vertex -0.312144 -30.2 17.2307
      vertex -0.464455 -24.1 17.2689
      vertex -0.464455 -30.2 17.2689
    endloop
  endfacet
  facet normal 0.0490396 0 -0.998797
    outer loop
      vertex -0.156827 -30.2 20.3923
      vertex 0 -24.1 20.4
      vertex 0 -30.2 20.4
    endloop
  endfacet
  facet normal 0.0490396 0 -0.998797
    outer loop
      vertex 0 -24.1 20.4
      vertex -0.156827 -30.2 20.3923
      vertex -0.156827 -24.1 20.3923
    endloop
  endfacet
  facet normal 0.0490396 0 0.998797
    outer loop
      vertex -0.156827 -24.1 17.2077
      vertex 0 -30.2 17.2
      vertex 0 -24.1 17.2
    endloop
  endfacet
  facet normal 0.0490396 0 0.998797
    outer loop
      vertex 0 -30.2 17.2
      vertex -0.156827 -24.1 17.2077
      vertex -0.156827 -30.2 17.2077
    endloop
  endfacet
  facet normal -0.146487 0 0.989213
    outer loop
      vertex 0.156827 -24.1 17.2077
      vertex 0.312144 -30.2 17.2307
      vertex 0.312144 -24.1 17.2307
    endloop
  endfacet
  facet normal -0.146487 0 0.989213
    outer loop
      vertex 0.312144 -30.2 17.2307
      vertex 0.156827 -24.1 17.2077
      vertex 0.156827 -30.2 17.2077
    endloop
  endfacet
  facet normal -0.671404 0 0.741092
    outer loop
      vertex 1.01503 -24.1 17.5632
      vertex 1.13137 -30.2 17.6686
      vertex 1.13137 -24.1 17.6686
    endloop
  endfacet
  facet normal -0.671404 0 0.741092
    outer loop
      vertex 1.13137 -30.2 17.6686
      vertex 1.01503 -24.1 17.5632
      vertex 1.01503 -30.2 17.5632
    endloop
  endfacet
  facet normal -0.336905 0 0.941539
    outer loop
      vertex 0.464455 -24.1 17.2689
      vertex 0.612293 -30.2 17.3218
      vertex 0.612293 -24.1 17.3218
    endloop
  endfacet
  facet normal -0.336905 0 0.941539
    outer loop
      vertex 0.612293 -30.2 17.3218
      vertex 0.464455 -24.1 17.2689
      vertex 0.464455 -30.2 17.2689
    endloop
  endfacet
  facet normal 0 1 0
    outer loop
      vertex 0.156827 -30.2 20.3923
      vertex -0.156827 -30.2 20.3923
      vertex 0 -30.2 20.4
    endloop
  endfacet
  facet normal 0 1 0
    outer loop
      vertex 0.312144 -30.2 20.3693
      vertex -0.156827 -30.2 20.3923
      vertex 0.156827 -30.2 20.3923
    endloop
  endfacet
  facet normal 0 1 0
    outer loop
      vertex 0.312144 -30.2 20.3693
      vertex -0.312144 -30.2 20.3693
      vertex -0.156827 -30.2 20.3923
    endloop
  endfacet
  facet normal 0 1 0
    outer loop
      vertex 0.464455 -30.2 20.3311
      vertex -0.312144 -30.2 20.3693
      vertex 0.312144 -30.2 20.3693
    endloop
  endfacet
  facet normal 0 1 0
    outer loop
      vertex 0.464455 -30.2 20.3311
      vertex -0.464455 -30.2 20.3311
      vertex -0.312144 -30.2 20.3693
    endloop
  endfacet
  facet normal 0 1 0
    outer loop
      vertex 0.612293 -30.2 20.2782
      vertex -0.464455 -30.2 20.3311
      vertex 0.464455 -30.2 20.3311
    endloop
  endfacet
  facet normal 0 1 0
    outer loop
      vertex 0.612293 -30.2 20.2782
      vertex -0.612293 -30.2 20.2782
      vertex -0.464455 -30.2 20.3311
    endloop
  endfacet
  facet normal 0 1 0
    outer loop
      vertex 0.754234 -30.2 20.2111
      vertex -0.612293 -30.2 20.2782
      vertex 0.612293 -30.2 20.2782
    endloop
  endfacet
  facet normal 0 1 0
    outer loop
      vertex 0.754234 -30.2 20.2111
      vertex -0.754234 -30.2 20.2111
      vertex -0.612293 -30.2 20.2782
    endloop
  endfacet
  facet normal 0 1 0
    outer loop
      vertex 0.888912 -30.2 20.1304
      vertex -0.754234 -30.2 20.2111
      vertex 0.754234 -30.2 20.2111
    endloop
  endfacet
  facet normal 0 1 0
    outer loop
      vertex 0.888912 -30.2 20.1304
      vertex -0.888912 -30.2 20.1304
      vertex -0.754234 -30.2 20.2111
    endloop
  endfacet
  facet normal 0 1 0
    outer loop
      vertex 1.01503 -30.2 20.0368
      vertex -0.888912 -30.2 20.1304
      vertex 0.888912 -30.2 20.1304
    endloop
  endfacet
  facet normal 0 1 0
    outer loop
      vertex 1.01503 -30.2 20.0368
      vertex -1.01503 -30.2 20.0368
      vertex -0.888912 -30.2 20.1304
    endloop
  endfacet
  facet normal 0 1 0
    outer loop
      vertex 1.13137 -30.2 19.9314
      vertex -1.01503 -30.2 20.0368
      vertex 1.01503 -30.2 20.0368
    endloop
  endfacet
  facet normal 0 1 0
    outer loop
      vertex 1.13137 -30.2 19.9314
      vertex -1.13137 -30.2 19.9314
      vertex -1.01503 -30.2 20.0368
    endloop
  endfacet
  facet normal 0 1 0
    outer loop
      vertex 1.25 -30.2 19.7973
      vertex 1.13137 -30.2 19.9314
      vertex 1.23682 -30.2 19.815
    endloop
  endfacet
  facet normal 0 1 0
    outer loop
      vertex 1.13137 -30.2 19.9314
      vertex 1.25 -30.2 19.7973
      vertex -1.13137 -30.2 19.9314
    endloop
  endfacet
  facet normal 0 1 0
    outer loop
      vertex -1.25 -30.2 19.7973
      vertex -1.13137 -30.2 19.9314
      vertex 1.25 -30.2 19.7973
    endloop
  endfacet
  facet normal 0 1 0
    outer loop
      vertex -1.13137 -30.2 19.9314
      vertex -1.25 -30.2 19.7973
      vertex -1.23682 -30.2 19.815
    endloop
  endfacet
  facet normal 0 1 -0
    outer loop
      vertex 1.25 -30.2 17.8027
      vertex -1.25 -30.2 19.7973
      vertex 1.25 -30.2 19.7973
    endloop
  endfacet
  facet normal 0 1 0
    outer loop
      vertex 1.25 -30.2 17.8027
      vertex -1.25 -30.2 17.8027
      vertex -1.25 -30.2 19.7973
    endloop
  endfacet
  facet normal 0 1 0
    outer loop
      vertex 1.13137 -30.2 17.6686
      vertex 1.25 -30.2 17.8027
      vertex 1.23682 -30.2 17.785
    endloop
  endfacet
  facet normal 0 1 0
    outer loop
      vertex 1.25 -30.2 17.8027
      vertex 1.13137 -30.2 17.6686
      vertex -1.25 -30.2 17.8027
    endloop
  endfacet
  facet normal 0 1 -0
    outer loop
      vertex -1.13137 -30.2 17.6686
      vertex -1.25 -30.2 17.8027
      vertex 1.13137 -30.2 17.6686
    endloop
  endfacet
  facet normal 0 1 0
    outer loop
      vertex -1.25 -30.2 17.8027
      vertex -1.13137 -30.2 17.6686
      vertex -1.23682 -30.2 17.785
    endloop
  endfacet
  facet normal 0 1 -0
    outer loop
      vertex 1.01503 -30.2 17.5632
      vertex -1.13137 -30.2 17.6686
      vertex 1.13137 -30.2 17.6686
    endloop
  endfacet
  facet normal 0 1 0
    outer loop
      vertex 1.01503 -30.2 17.5632
      vertex -1.01503 -30.2 17.5632
      vertex -1.13137 -30.2 17.6686
    endloop
  endfacet
  facet normal 0 1 -0
    outer loop
      vertex 0.888912 -30.2 17.4696
      vertex -1.01503 -30.2 17.5632
      vertex 1.01503 -30.2 17.5632
    endloop
  endfacet
  facet normal 0 1 0
    outer loop
      vertex 0.888912 -30.2 17.4696
      vertex -0.888912 -30.2 17.4696
      vertex -1.01503 -30.2 17.5632
    endloop
  endfacet
  facet normal 0 1 -0
    outer loop
      vertex 0.754234 -30.2 17.3889
      vertex -0.888912 -30.2 17.4696
      vertex 0.888912 -30.2 17.4696
    endloop
  endfacet
  facet normal 0 1 0
    outer loop
      vertex 0.754234 -30.2 17.3889
      vertex -0.754234 -30.2 17.3889
      vertex -0.888912 -30.2 17.4696
    endloop
  endfacet
  facet normal 0 1 -0
    outer loop
      vertex 0.612293 -30.2 17.3218
      vertex -0.754234 -30.2 17.3889
      vertex 0.754234 -30.2 17.3889
    endloop
  endfacet
  facet normal 0 1 0
    outer loop
      vertex 0.612293 -30.2 17.3218
      vertex -0.612293 -30.2 17.3218
      vertex -0.754234 -30.2 17.3889
    endloop
  endfacet
  facet normal 0 1 -0
    outer loop
      vertex 0.464455 -30.2 17.2689
      vertex -0.612293 -30.2 17.3218
      vertex 0.612293 -30.2 17.3218
    endloop
  endfacet
  facet normal 0 1 0
    outer loop
      vertex 0.464455 -30.2 17.2689
      vertex -0.464455 -30.2 17.2689
      vertex -0.612293 -30.2 17.3218
    endloop
  endfacet
  facet normal 0 1 -0
    outer loop
      vertex 0.312144 -30.2 17.2307
      vertex -0.464455 -30.2 17.2689
      vertex 0.464455 -30.2 17.2689
    endloop
  endfacet
  facet normal 0 1 0
    outer loop
      vertex 0.312144 -30.2 17.2307
      vertex -0.312144 -30.2 17.2307
      vertex -0.464455 -30.2 17.2689
    endloop
  endfacet
  facet normal 0 1 -0
    outer loop
      vertex 0.156827 -30.2 17.2077
      vertex -0.312144 -30.2 17.2307
      vertex 0.312144 -30.2 17.2307
    endloop
  endfacet
  facet normal 0 1 0
    outer loop
      vertex 0.156827 -30.2 17.2077
      vertex -0.156827 -30.2 17.2077
      vertex -0.312144 -30.2 17.2307
    endloop
  endfacet
  facet normal -0 1 0
    outer loop
      vertex -0.156827 -30.2 17.2077
      vertex 0.156827 -30.2 17.2077
      vertex 0 -30.2 17.2
    endloop
  endfacet
  facet normal 0.671404 0 -0.741092
    outer loop
      vertex -1.13137 -30.2 19.9314
      vertex -1.01503 -24.1 20.0368
      vertex -1.01503 -30.2 20.0368
    endloop
  endfacet
  facet normal 0.671404 0 -0.741092
    outer loop
      vertex -1.01503 -24.1 20.0368
      vertex -1.13137 -30.2 19.9314
      vertex -1.13137 -24.1 19.9314
    endloop
  endfacet
  facet normal 0.336905 0 0.941539
    outer loop
      vertex -0.612293 -24.1 17.3218
      vertex -0.464455 -30.2 17.2689
      vertex -0.464455 -24.1 17.2689
    endloop
  endfacet
  facet normal 0.336905 0 0.941539
    outer loop
      vertex -0.464455 -30.2 17.2689
      vertex -0.612293 -24.1 17.3218
      vertex -0.612293 -30.2 17.3218
    endloop
  endfacet
  facet normal -0.741106 0 0.671388
    outer loop
      vertex 1.13137 -30.2 17.6686
      vertex 1.23682 -24.1 17.785
      vertex 1.13137 -24.1 17.6686
    endloop
  endfacet
  facet normal -0.741106 0 0.671388
    outer loop
      vertex 1.23682 -24.1 17.785
      vertex 1.13137 -30.2 17.6686
      vertex 1.23682 -30.2 17.785
    endloop
  endfacet
  facet normal -0.802062 0 0.597241
    outer loop
      vertex 1.23682 -30.2 17.785
      vertex 1.25 -24.1 17.8027
      vertex 1.23682 -24.1 17.785
    endloop
  endfacet
  facet normal -0.802062 0 0.597241
    outer loop
      vertex 1.25 -24.1 17.8027
      vertex 1.23682 -30.2 17.785
      vertex 1.25 -30.2 17.8027
    endloop
  endfacet
  facet normal 0.427383 0 0.904071
    outer loop
      vertex -0.754234 -24.1 17.3889
      vertex -0.612293 -30.2 17.3218
      vertex -0.612293 -24.1 17.3218
    endloop
  endfacet
  facet normal 0.427383 0 0.904071
    outer loop
      vertex -0.612293 -30.2 17.3218
      vertex -0.754234 -24.1 17.3889
      vertex -0.754234 -30.2 17.3889
    endloop
  endfacet
  facet normal -0.146487 0 -0.989213
    outer loop
      vertex 0.156827 -30.2 20.3923
      vertex 0.312144 -24.1 20.3693
      vertex 0.312144 -30.2 20.3693
    endloop
  endfacet
  facet normal -0.146487 0 -0.989213
    outer loop
      vertex 0.312144 -24.1 20.3693
      vertex 0.156827 -30.2 20.3923
      vertex 0.156827 -24.1 20.3923
    endloop
  endfacet
  facet normal 0.146487 0 0.989213
    outer loop
      vertex -0.312144 -24.1 17.2307
      vertex -0.156827 -30.2 17.2077
      vertex -0.156827 -24.1 17.2077
    endloop
  endfacet
  facet normal 0.146487 0 0.989213
    outer loop
      vertex -0.156827 -30.2 17.2077
      vertex -0.312144 -24.1 17.2307
      vertex -0.312144 -30.2 17.2307
    endloop
  endfacet
  facet normal -0.513995 0 0.857793
    outer loop
      vertex 0.754234 -24.1 17.3889
      vertex 0.888912 -30.2 17.4696
      vertex 0.888912 -24.1 17.4696
    endloop
  endfacet
  facet normal -0.513995 0 0.857793
    outer loop
      vertex 0.888912 -30.2 17.4696
      vertex 0.754234 -24.1 17.3889
      vertex 0.754234 -30.2 17.3889
    endloop
  endfacet
  facet normal 0.802062 -0 0.597241
    outer loop
      vertex -1.25 -30.2 17.8027
      vertex -1.23682 -24.1 17.785
      vertex -1.25 -24.1 17.8027
    endloop
  endfacet
  facet normal 0.802062 0 0.597241
    outer loop
      vertex -1.23682 -24.1 17.785
      vertex -1.25 -30.2 17.8027
      vertex -1.23682 -30.2 17.785
    endloop
  endfacet
  facet normal -0.427383 0 -0.904071
    outer loop
      vertex 0.612293 -30.2 20.2782
      vertex 0.754234 -24.1 20.2111
      vertex 0.754234 -30.2 20.2111
    endloop
  endfacet
  facet normal -0.427383 0 -0.904071
    outer loop
      vertex 0.754234 -24.1 20.2111
      vertex 0.612293 -30.2 20.2782
      vertex 0.612293 -24.1 20.2782
    endloop
  endfacet
  facet normal -0.741106 0 -0.671388
    outer loop
      vertex 1.23682 -30.2 19.815
      vertex 1.13137 -24.1 19.9314
      vertex 1.23682 -24.1 19.815
    endloop
  endfacet
  facet normal -0.741106 -0 -0.671388
    outer loop
      vertex 1.13137 -24.1 19.9314
      vertex 1.23682 -30.2 19.815
      vertex 1.13137 -30.2 19.9314
    endloop
  endfacet
  facet normal 0.146487 0 -0.989213
    outer loop
      vertex -0.312144 -30.2 20.3693
      vertex -0.156827 -24.1 20.3923
      vertex -0.156827 -30.2 20.3923
    endloop
  endfacet
  facet normal 0.146487 0 -0.989213
    outer loop
      vertex -0.156827 -24.1 20.3923
      vertex -0.312144 -30.2 20.3693
      vertex -0.312144 -24.1 20.3693
    endloop
  endfacet
  facet normal 0.595964 0 -0.803011
    outer loop
      vertex -1.01503 -30.2 20.0368
      vertex -0.888912 -24.1 20.1304
      vertex -0.888912 -30.2 20.1304
    endloop
  endfacet
  facet normal 0.595964 0 -0.803011
    outer loop
      vertex -0.888912 -24.1 20.1304
      vertex -1.01503 -30.2 20.0368
      vertex -1.01503 -24.1 20.0368
    endloop
  endfacet
  facet normal -0.336905 0 -0.941539
    outer loop
      vertex 0.464455 -30.2 20.3311
      vertex 0.612293 -24.1 20.2782
      vertex 0.612293 -30.2 20.2782
    endloop
  endfacet
  facet normal -0.336905 0 -0.941539
    outer loop
      vertex 0.612293 -24.1 20.2782
      vertex 0.464455 -30.2 20.3311
      vertex 0.464455 -24.1 20.3311
    endloop
  endfacet
  facet normal 0.802062 0 -0.597241
    outer loop
      vertex -1.23682 -30.2 19.815
      vertex -1.25 -24.1 19.7973
      vertex -1.23682 -24.1 19.815
    endloop
  endfacet
  facet normal 0.802062 0 -0.597241
    outer loop
      vertex -1.25 -24.1 19.7973
      vertex -1.23682 -30.2 19.815
      vertex -1.25 -30.2 19.7973
    endloop
  endfacet
  facet normal -0.513995 0 -0.857793
    outer loop
      vertex 0.754234 -30.2 20.2111
      vertex 0.888912 -24.1 20.1304
      vertex 0.888912 -30.2 20.1304
    endloop
  endfacet
  facet normal -0.513995 0 -0.857793
    outer loop
      vertex 0.888912 -24.1 20.1304
      vertex 0.754234 -30.2 20.2111
      vertex 0.754234 -24.1 20.2111
    endloop
  endfacet
  facet normal 0.513995 0 0.857793
    outer loop
      vertex -0.888912 -24.1 17.4696
      vertex -0.754234 -30.2 17.3889
      vertex -0.754234 -24.1 17.3889
    endloop
  endfacet
  facet normal 0.513995 0 0.857793
    outer loop
      vertex -0.754234 -30.2 17.3889
      vertex -0.888912 -24.1 17.4696
      vertex -0.888912 -30.2 17.4696
    endloop
  endfacet
  facet normal 0.741106 0 -0.671388
    outer loop
      vertex -1.13137 -30.2 19.9314
      vertex -1.23682 -24.1 19.815
      vertex -1.13137 -24.1 19.9314
    endloop
  endfacet
  facet normal 0.741106 0 -0.671388
    outer loop
      vertex -1.23682 -24.1 19.815
      vertex -1.13137 -30.2 19.9314
      vertex -1.23682 -30.2 19.815
    endloop
  endfacet
  facet normal -0.595964 0 -0.803011
    outer loop
      vertex 0.888912 -30.2 20.1304
      vertex 1.01503 -24.1 20.0368
      vertex 1.01503 -30.2 20.0368
    endloop
  endfacet
  facet normal -0.595964 0 -0.803011
    outer loop
      vertex 1.01503 -24.1 20.0368
      vertex 0.888912 -30.2 20.1304
      vertex 0.888912 -24.1 20.1304
    endloop
  endfacet
  facet normal -0.243268 0 -0.969959
    outer loop
      vertex 0.312144 -30.2 20.3693
      vertex 0.464455 -24.1 20.3311
      vertex 0.464455 -30.2 20.3311
    endloop
  endfacet
  facet normal -0.243268 0 -0.969959
    outer loop
      vertex 0.464455 -24.1 20.3311
      vertex 0.312144 -30.2 20.3693
      vertex 0.312144 -24.1 20.3693
    endloop
  endfacet
  facet normal -0.0490396 0 -0.998797
    outer loop
      vertex 0 -30.2 20.4
      vertex 0.156827 -24.1 20.3923
      vertex 0.156827 -30.2 20.3923
    endloop
  endfacet
  facet normal -0.0490396 0 -0.998797
    outer loop
      vertex 0.156827 -24.1 20.3923
      vertex 0 -30.2 20.4
      vertex 0 -24.1 20.4
    endloop
  endfacet
  facet normal 0.741106 -0 0.671388
    outer loop
      vertex -1.23682 -30.2 17.785
      vertex -1.13137 -24.1 17.6686
      vertex -1.23682 -24.1 17.785
    endloop
  endfacet
  facet normal 0.741106 0 0.671388
    outer loop
      vertex -1.13137 -24.1 17.6686
      vertex -1.23682 -30.2 17.785
      vertex -1.13137 -30.2 17.6686
    endloop
  endfacet
endsolid OpenSCAD_Model
