solid OpenSCAD_Model
  facet normal -0.941546 0.336885 0
    outer loop
      vertex -36.4594 11.0598 0
      vertex -35.1998 14.5802 7
      vertex -35.1998 14.5802 0
    endloop
  endfacet
  facet normal -0.941546 0.336885 0
    outer loop
      vertex -35.1998 14.5802 7
      vertex -36.4594 11.0598 0
      vertex -36.4594 11.0598 7
    endloop
  endfacet
  facet normal 0.989177 0.146725 0
    outer loop
      vertex 37.9165 3.73445 7
      vertex 37.3679 7.43294 0
      vertex 37.3679 7.43294 7
    endloop
  endfacet
  facet normal 0.989177 0.146725 0
    outer loop
      vertex 37.3679 7.43294 0
      vertex 37.9165 3.73445 7
      vertex 37.9165 3.73445 0
    endloop
  endfacet
  facet normal 0.998795 0.0490779 0
    outer loop
      vertex 38.1 0 7
      vertex 37.9165 3.73445 0
      vertex 37.9165 3.73445 7
    endloop
  endfacet
  facet normal 0.998795 0.0490779 0
    outer loop
      vertex 37.9165 3.73445 0
      vertex 38.1 0 7
      vertex 38.1 0 0
    endloop
  endfacet
  facet normal 0.97003 0.242985 0
    outer loop
      vertex 37.3679 7.43294 7
      vertex 36.4594 11.0598 0
      vertex 36.4594 11.0598 7
    endloop
  endfacet
  facet normal 0.97003 0.242985 0
    outer loop
      vertex 36.4594 11.0598 0
      vertex 37.3679 7.43294 7
      vertex 37.3679 7.43294 0
    endloop
  endfacet
  facet normal 0.857729 0.514102 0
    outer loop
      vertex 33.6012 17.9602 7
      vertex 31.679 21.1672 0
      vertex 31.679 21.1672 7
    endloop
  endfacet
  facet normal 0.857729 0.514102 0
    outer loop
      vertex 31.679 21.1672 0
      vertex 33.6012 17.9602 7
      vertex 33.6012 17.9602 0
    endloop
  endfacet
  facet normal 0.427551 0.903991 -0
    outer loop
      vertex 17.9602 33.6012 0
      vertex 14.5802 35.1998 7
      vertex 17.9602 33.6012 7
    endloop
  endfacet
  facet normal 0.427551 0.903991 0
    outer loop
      vertex 14.5802 35.1998 7
      vertex 17.9602 33.6012 0
      vertex 14.5802 35.1998 0
    endloop
  endfacet
  facet normal -0.857729 0.514102 0
    outer loop
      vertex -33.6012 17.9602 0
      vertex -31.679 21.1672 7
      vertex -31.679 21.1672 0
    endloop
  endfacet
  facet normal -0.857729 0.514102 0
    outer loop
      vertex -31.679 21.1672 7
      vertex -33.6012 17.9602 0
      vertex -33.6012 17.9602 7
    endloop
  endfacet
  facet normal -0.803211 0.595695 0
    outer loop
      vertex -31.679 21.1672 0
      vertex -29.4517 24.1704 7
      vertex -29.4517 24.1704 0
    endloop
  endfacet
  facet normal -0.803211 0.595695 0
    outer loop
      vertex -29.4517 24.1704 7
      vertex -31.679 21.1672 0
      vertex -31.679 21.1672 7
    endloop
  endfacet
  facet normal 0 0 -1
    outer loop
      vertex 36.5 0 0
      vertex 38.1 0 0
      vertex 37.9165 -3.73445 0
    endloop
  endfacet
  facet normal 0 0 -1
    outer loop
      vertex 36.3242 -3.57763 0
      vertex 37.9165 -3.73445 0
      vertex 37.3679 -7.43294 0
    endloop
  endfacet
  facet normal 0 0 -1
    outer loop
      vertex 38.1 0 0
      vertex 36.5 0 0
      vertex 37.9165 3.73445 0
    endloop
  endfacet
  facet normal 0 0 -1
    outer loop
      vertex 36.3242 3.57763 0
      vertex 37.9165 3.73445 0
      vertex 36.5 0 0
    endloop
  endfacet
  facet normal 0 0 -1
    outer loop
      vertex 35.7987 -7.1208 0
      vertex 37.3679 -7.43294 0
      vertex 36.4594 -11.0598 0
    endloop
  endfacet
  facet normal 0 0 -1
    outer loop
      vertex 37.9165 -3.73445 0
      vertex 36.3242 -3.57763 0
      vertex 36.5 0 0
    endloop
  endfacet
  facet normal 0 0 -1
    outer loop
      vertex 37.3679 -7.43294 0
      vertex 35.7987 -7.1208 0
      vertex 36.3242 -3.57763 0
    endloop
  endfacet
  facet normal 0 0 -1
    outer loop
      vertex 34.9283 -10.5954 0
      vertex 36.4594 -11.0598 0
      vertex 35.1998 -14.5802 0
    endloop
  endfacet
  facet normal 0 0 -1
    outer loop
      vertex 36.4594 -11.0598 0
      vertex 34.9283 -10.5954 0
      vertex 35.7987 -7.1208 0
    endloop
  endfacet
  facet normal 0 0 -1
    outer loop
      vertex 35.1998 -14.5802 0
      vertex 33.7216 -13.9679 0
      vertex 34.9283 -10.5954 0
    endloop
  endfacet
  facet normal 0 0 -1
    outer loop
      vertex 33.6012 -17.9602 0
      vertex 33.7216 -13.9679 0
      vertex 35.1998 -14.5802 0
    endloop
  endfacet
  facet normal 0 0 -1
    outer loop
      vertex 33.6012 -17.9602 0
      vertex 32.1901 -17.206 0
      vertex 33.7216 -13.9679 0
    endloop
  endfacet
  facet normal 0 0 -1
    outer loop
      vertex 31.679 -21.1672 0
      vertex 32.1901 -17.206 0
      vertex 33.6012 -17.9602 0
    endloop
  endfacet
  facet normal 0 0 -1
    outer loop
      vertex 31.679 -21.1672 0
      vertex 30.3486 -20.2783 0
      vertex 32.1901 -17.206 0
    endloop
  endfacet
  facet normal 0 0 -1
    outer loop
      vertex 29.4517 -24.1704 0
      vertex 30.3486 -20.2783 0
      vertex 31.679 -21.1672 0
    endloop
  endfacet
  facet normal 0 0 -1
    outer loop
      vertex 29.4517 -24.1704 0
      vertex 28.2149 -23.1554 0
      vertex 30.3486 -20.2783 0
    endloop
  endfacet
  facet normal 0 0 -1
    outer loop
      vertex 26.9408 -26.9408 0
      vertex 28.2149 -23.1554 0
      vertex 29.4517 -24.1704 0
    endloop
  endfacet
  facet normal 0 0 -1
    outer loop
      vertex 26.9408 -26.9408 0
      vertex 25.8094 -25.8094 0
      vertex 28.2149 -23.1554 0
    endloop
  endfacet
  facet normal 0 0 -1
    outer loop
      vertex 24.1704 -29.4517 0
      vertex 25.8094 -25.8094 0
      vertex 26.9408 -26.9408 0
    endloop
  endfacet
  facet normal 0 0 -1
    outer loop
      vertex 24.1704 -29.4517 0
      vertex 23.1554 -28.2149 0
      vertex 25.8094 -25.8094 0
    endloop
  endfacet
  facet normal 0 0 -1
    outer loop
      vertex 21.1672 -31.679 0
      vertex 23.1554 -28.2149 0
      vertex 24.1704 -29.4517 0
    endloop
  endfacet
  facet normal 0 0 -1
    outer loop
      vertex 21.1672 -31.679 0
      vertex 20.2783 -30.3486 0
      vertex 23.1554 -28.2149 0
    endloop
  endfacet
  facet normal 0 0 -1
    outer loop
      vertex 17.9602 -33.6012 0
      vertex 20.2783 -30.3486 0
      vertex 21.1672 -31.679 0
    endloop
  endfacet
  facet normal 0 0 -1
    outer loop
      vertex 17.9602 -33.6012 0
      vertex 17.206 -32.1901 0
      vertex 20.2783 -30.3486 0
    endloop
  endfacet
  facet normal 0 0 -1
    outer loop
      vertex 14.5802 -35.1998 0
      vertex 17.206 -32.1901 0
      vertex 17.9602 -33.6012 0
    endloop
  endfacet
  facet normal 0 0 -1
    outer loop
      vertex 14.5802 -35.1998 0
      vertex 13.9679 -33.7216 0
      vertex 17.206 -32.1901 0
    endloop
  endfacet
  facet normal 0 0 -1
    outer loop
      vertex 11.0598 -36.4594 0
      vertex 13.9679 -33.7216 0
      vertex 14.5802 -35.1998 0
    endloop
  endfacet
  facet normal 0 0 -1
    outer loop
      vertex 11.0598 -36.4594 0
      vertex 10.5954 -34.9283 0
      vertex 13.9679 -33.7216 0
    endloop
  endfacet
  facet normal 0 0 -1
    outer loop
      vertex 7.43294 -37.3679 0
      vertex 10.5954 -34.9283 0
      vertex 11.0598 -36.4594 0
    endloop
  endfacet
  facet normal 0 0 -1
    outer loop
      vertex 7.43294 -37.3679 0
      vertex 7.1208 -35.7987 0
      vertex 10.5954 -34.9283 0
    endloop
  endfacet
  facet normal 0 0 -1
    outer loop
      vertex 3.73445 -37.9165 0
      vertex 7.1208 -35.7987 0
      vertex 7.43294 -37.3679 0
    endloop
  endfacet
  facet normal 0 0 -1
    outer loop
      vertex 3.73445 -37.9165 0
      vertex 3.57763 -36.3242 0
      vertex 7.1208 -35.7987 0
    endloop
  endfacet
  facet normal 0 0 -1
    outer loop
      vertex 0 -38.1 0
      vertex 3.57763 -36.3242 0
      vertex 3.73445 -37.9165 0
    endloop
  endfacet
  facet normal 0 0 -1
    outer loop
      vertex 0 -38.1 0
      vertex 0 -36.5 0
      vertex 3.57763 -36.3242 0
    endloop
  endfacet
  facet normal 0 0 -1
    outer loop
      vertex 0 -38.1 0
      vertex -3.57763 -36.3242 0
      vertex 0 -36.5 0
    endloop
  endfacet
  facet normal 0 0 -1
    outer loop
      vertex -3.73445 -37.9165 0
      vertex -3.57763 -36.3242 0
      vertex 0 -38.1 0
    endloop
  endfacet
  facet normal 0 0 -1
    outer loop
      vertex -3.73445 -37.9165 0
      vertex -7.1208 -35.7987 0
      vertex -3.57763 -36.3242 0
    endloop
  endfacet
  facet normal 0 0 -1
    outer loop
      vertex -7.43294 -37.3679 0
      vertex -7.1208 -35.7987 0
      vertex -3.73445 -37.9165 0
    endloop
  endfacet
  facet normal 0 0 -1
    outer loop
      vertex -7.43294 -37.3679 0
      vertex -10.5954 -34.9283 0
      vertex -7.1208 -35.7987 0
    endloop
  endfacet
  facet normal 0 0 -1
    outer loop
      vertex -11.0598 -36.4594 0
      vertex -10.5954 -34.9283 0
      vertex -7.43294 -37.3679 0
    endloop
  endfacet
  facet normal 0 0 -1
    outer loop
      vertex -11.0598 -36.4594 0
      vertex -13.9679 -33.7216 0
      vertex -10.5954 -34.9283 0
    endloop
  endfacet
  facet normal 0 0 -1
    outer loop
      vertex -14.5802 -35.1998 0
      vertex -13.9679 -33.7216 0
      vertex -11.0598 -36.4594 0
    endloop
  endfacet
  facet normal 0 0 -1
    outer loop
      vertex -14.5802 -35.1998 0
      vertex -17.206 -32.1901 0
      vertex -13.9679 -33.7216 0
    endloop
  endfacet
  facet normal 0 0 -1
    outer loop
      vertex -17.9602 -33.6012 0
      vertex -17.206 -32.1901 0
      vertex -14.5802 -35.1998 0
    endloop
  endfacet
  facet normal 0 0 -1
    outer loop
      vertex -17.9602 -33.6012 0
      vertex -20.2783 -30.3486 0
      vertex -17.206 -32.1901 0
    endloop
  endfacet
  facet normal 0 0 -1
    outer loop
      vertex -21.1672 -31.679 0
      vertex -20.2783 -30.3486 0
      vertex -17.9602 -33.6012 0
    endloop
  endfacet
  facet normal 0 0 -1
    outer loop
      vertex -21.1672 -31.679 0
      vertex -23.1554 -28.2149 0
      vertex -20.2783 -30.3486 0
    endloop
  endfacet
  facet normal 0 0 -1
    outer loop
      vertex -24.1704 -29.4517 0
      vertex -23.1554 -28.2149 0
      vertex -21.1672 -31.679 0
    endloop
  endfacet
  facet normal 0 0 -1
    outer loop
      vertex -24.1704 -29.4517 0
      vertex -25.8094 -25.8094 0
      vertex -23.1554 -28.2149 0
    endloop
  endfacet
  facet normal 0 0 -1
    outer loop
      vertex -26.9408 -26.9408 0
      vertex -25.8094 -25.8094 0
      vertex -24.1704 -29.4517 0
    endloop
  endfacet
  facet normal 0 0 -1
    outer loop
      vertex -26.9408 -26.9408 0
      vertex -28.2149 -23.1554 0
      vertex -25.8094 -25.8094 0
    endloop
  endfacet
  facet normal 0 0 -1
    outer loop
      vertex -29.4517 -24.1704 0
      vertex -28.2149 -23.1554 0
      vertex -26.9408 -26.9408 0
    endloop
  endfacet
  facet normal 0 0 -1
    outer loop
      vertex -29.4517 -24.1704 0
      vertex -30.3486 -20.2783 0
      vertex -28.2149 -23.1554 0
    endloop
  endfacet
  facet normal 0 0 -1
    outer loop
      vertex -31.679 -21.1672 0
      vertex -30.3486 -20.2783 0
      vertex -29.4517 -24.1704 0
    endloop
  endfacet
  facet normal 0 0 -1
    outer loop
      vertex -31.679 -21.1672 0
      vertex -32.1901 -17.206 0
      vertex -30.3486 -20.2783 0
    endloop
  endfacet
  facet normal 0 0 -1
    outer loop
      vertex -33.6012 -17.9602 0
      vertex -32.1901 -17.206 0
      vertex -31.679 -21.1672 0
    endloop
  endfacet
  facet normal 0 0 -1
    outer loop
      vertex -33.6012 -17.9602 0
      vertex -33.7216 -13.9679 0
      vertex -32.1901 -17.206 0
    endloop
  endfacet
  facet normal 0 0 -1
    outer loop
      vertex -35.1998 -14.5802 0
      vertex -33.7216 -13.9679 0
      vertex -33.6012 -17.9602 0
    endloop
  endfacet
  facet normal -0 0 -1
    outer loop
      vertex -33.7216 -13.9679 0
      vertex -35.1998 -14.5802 0
      vertex -34.9283 -10.5954 0
    endloop
  endfacet
  facet normal 0 0 -1
    outer loop
      vertex -36.4594 -11.0598 0
      vertex -34.9283 -10.5954 0
      vertex -35.1998 -14.5802 0
    endloop
  endfacet
  facet normal -0 0 -1
    outer loop
      vertex -34.9283 -10.5954 0
      vertex -36.4594 -11.0598 0
      vertex -35.7987 -7.1208 0
    endloop
  endfacet
  facet normal 0 0 -1
    outer loop
      vertex -37.3679 -7.43294 0
      vertex -35.7987 -7.1208 0
      vertex -36.4594 -11.0598 0
    endloop
  endfacet
  facet normal -0 0 -1
    outer loop
      vertex -35.7987 -7.1208 0
      vertex -37.3679 -7.43294 0
      vertex -36.3242 -3.57763 0
    endloop
  endfacet
  facet normal 0 0 -1
    outer loop
      vertex -37.9165 -3.73445 0
      vertex -36.3242 -3.57763 0
      vertex -37.3679 -7.43294 0
    endloop
  endfacet
  facet normal -0 0 -1
    outer loop
      vertex 37.9165 3.73445 0
      vertex 36.3242 3.57763 0
      vertex 37.3679 7.43294 0
    endloop
  endfacet
  facet normal 0 0 -1
    outer loop
      vertex 35.7987 7.1208 0
      vertex 37.3679 7.43294 0
      vertex 36.3242 3.57763 0
    endloop
  endfacet
  facet normal -0 0 -1
    outer loop
      vertex 37.3679 7.43294 0
      vertex 35.7987 7.1208 0
      vertex 36.4594 11.0598 0
    endloop
  endfacet
  facet normal 0 0 -1
    outer loop
      vertex 34.9283 10.5954 0
      vertex 36.4594 11.0598 0
      vertex 35.7987 7.1208 0
    endloop
  endfacet
  facet normal -0 0 -1
    outer loop
      vertex 36.4594 11.0598 0
      vertex 34.9283 10.5954 0
      vertex 35.1998 14.5802 0
    endloop
  endfacet
  facet normal 0 0 -1
    outer loop
      vertex 33.7216 13.9679 0
      vertex 35.1998 14.5802 0
      vertex 34.9283 10.5954 0
    endloop
  endfacet
  facet normal 0 0 -1
    outer loop
      vertex 33.7216 13.9679 0
      vertex 33.6012 17.9602 0
      vertex 35.1998 14.5802 0
    endloop
  endfacet
  facet normal 0 0 -1
    outer loop
      vertex 32.1901 17.206 0
      vertex 33.6012 17.9602 0
      vertex 33.7216 13.9679 0
    endloop
  endfacet
  facet normal 0 0 -1
    outer loop
      vertex 32.1901 17.206 0
      vertex 31.679 21.1672 0
      vertex 33.6012 17.9602 0
    endloop
  endfacet
  facet normal 0 0 -1
    outer loop
      vertex 30.3486 20.2783 0
      vertex 31.679 21.1672 0
      vertex 32.1901 17.206 0
    endloop
  endfacet
  facet normal 0 0 -1
    outer loop
      vertex 30.3486 20.2783 0
      vertex 29.4517 24.1704 0
      vertex 31.679 21.1672 0
    endloop
  endfacet
  facet normal 0 0 -1
    outer loop
      vertex 28.2149 23.1554 0
      vertex 29.4517 24.1704 0
      vertex 30.3486 20.2783 0
    endloop
  endfacet
  facet normal 0 0 -1
    outer loop
      vertex 28.2149 23.1554 0
      vertex 26.9408 26.9408 0
      vertex 29.4517 24.1704 0
    endloop
  endfacet
  facet normal 0 0 -1
    outer loop
      vertex 25.8094 25.8094 0
      vertex 26.9408 26.9408 0
      vertex 28.2149 23.1554 0
    endloop
  endfacet
  facet normal 0 0 -1
    outer loop
      vertex 25.8094 25.8094 0
      vertex 24.1704 29.4517 0
      vertex 26.9408 26.9408 0
    endloop
  endfacet
  facet normal 0 0 -1
    outer loop
      vertex 23.1554 28.2149 0
      vertex 24.1704 29.4517 0
      vertex 25.8094 25.8094 0
    endloop
  endfacet
  facet normal 0 0 -1
    outer loop
      vertex 23.1554 28.2149 0
      vertex 21.1672 31.679 0
      vertex 24.1704 29.4517 0
    endloop
  endfacet
  facet normal 0 0 -1
    outer loop
      vertex 20.2783 30.3486 0
      vertex 21.1672 31.679 0
      vertex 23.1554 28.2149 0
    endloop
  endfacet
  facet normal 0 0 -1
    outer loop
      vertex 20.2783 30.3486 0
      vertex 17.9602 33.6012 0
      vertex 21.1672 31.679 0
    endloop
  endfacet
  facet normal 0 0 -1
    outer loop
      vertex 17.206 32.1901 0
      vertex 17.9602 33.6012 0
      vertex 20.2783 30.3486 0
    endloop
  endfacet
  facet normal 0 0 -1
    outer loop
      vertex 17.206 32.1901 0
      vertex 14.5802 35.1998 0
      vertex 17.9602 33.6012 0
    endloop
  endfacet
  facet normal 0 0 -1
    outer loop
      vertex 13.9679 33.7216 0
      vertex 14.5802 35.1998 0
      vertex 17.206 32.1901 0
    endloop
  endfacet
  facet normal 0 0 -1
    outer loop
      vertex 13.9679 33.7216 0
      vertex 11.0598 36.4594 0
      vertex 14.5802 35.1998 0
    endloop
  endfacet
  facet normal 0 0 -1
    outer loop
      vertex 10.5954 34.9283 0
      vertex 11.0598 36.4594 0
      vertex 13.9679 33.7216 0
    endloop
  endfacet
  facet normal 0 0 -1
    outer loop
      vertex 10.5954 34.9283 0
      vertex 7.43294 37.3679 0
      vertex 11.0598 36.4594 0
    endloop
  endfacet
  facet normal 0 0 -1
    outer loop
      vertex 7.1208 35.7987 0
      vertex 7.43294 37.3679 0
      vertex 10.5954 34.9283 0
    endloop
  endfacet
  facet normal 0 0 -1
    outer loop
      vertex 7.1208 35.7987 0
      vertex 3.73445 37.9165 0
      vertex 7.43294 37.3679 0
    endloop
  endfacet
  facet normal 0 0 -1
    outer loop
      vertex 3.57763 36.3242 0
      vertex 3.73445 37.9165 0
      vertex 7.1208 35.7987 0
    endloop
  endfacet
  facet normal 0 0 -1
    outer loop
      vertex 0 36.5 0
      vertex 3.73445 37.9165 0
      vertex 3.57763 36.3242 0
    endloop
  endfacet
  facet normal 0 0 -1
    outer loop
      vertex 0 36.5 0
      vertex 0 38.1 0
      vertex 3.73445 37.9165 0
    endloop
  endfacet
  facet normal 0 0 -1
    outer loop
      vertex -3.57763 36.3242 0
      vertex 0 38.1 0
      vertex 0 36.5 0
    endloop
  endfacet
  facet normal 0 0 -1
    outer loop
      vertex -3.57763 36.3242 0
      vertex -3.73445 37.9165 0
      vertex 0 38.1 0
    endloop
  endfacet
  facet normal 0 0 -1
    outer loop
      vertex -7.1208 35.7987 0
      vertex -3.73445 37.9165 0
      vertex -3.57763 36.3242 0
    endloop
  endfacet
  facet normal 0 0 -1
    outer loop
      vertex -7.1208 35.7987 0
      vertex -7.43294 37.3679 0
      vertex -3.73445 37.9165 0
    endloop
  endfacet
  facet normal 0 0 -1
    outer loop
      vertex -10.5954 34.9283 0
      vertex -7.43294 37.3679 0
      vertex -7.1208 35.7987 0
    endloop
  endfacet
  facet normal 0 0 -1
    outer loop
      vertex -10.5954 34.9283 0
      vertex -11.0598 36.4594 0
      vertex -7.43294 37.3679 0
    endloop
  endfacet
  facet normal 0 0 -1
    outer loop
      vertex -13.9679 33.7216 0
      vertex -11.0598 36.4594 0
      vertex -10.5954 34.9283 0
    endloop
  endfacet
  facet normal 0 0 -1
    outer loop
      vertex -13.9679 33.7216 0
      vertex -14.5802 35.1998 0
      vertex -11.0598 36.4594 0
    endloop
  endfacet
  facet normal 0 0 -1
    outer loop
      vertex -17.206 32.1901 0
      vertex -14.5802 35.1998 0
      vertex -13.9679 33.7216 0
    endloop
  endfacet
  facet normal 0 0 -1
    outer loop
      vertex -17.206 32.1901 0
      vertex -17.9602 33.6012 0
      vertex -14.5802 35.1998 0
    endloop
  endfacet
  facet normal 0 0 -1
    outer loop
      vertex -20.2783 30.3486 0
      vertex -17.9602 33.6012 0
      vertex -17.206 32.1901 0
    endloop
  endfacet
  facet normal 0 0 -1
    outer loop
      vertex -20.2783 30.3486 0
      vertex -21.1672 31.679 0
      vertex -17.9602 33.6012 0
    endloop
  endfacet
  facet normal 0 0 -1
    outer loop
      vertex -23.1554 28.2149 0
      vertex -21.1672 31.679 0
      vertex -20.2783 30.3486 0
    endloop
  endfacet
  facet normal 0 0 -1
    outer loop
      vertex -23.1554 28.2149 0
      vertex -24.1704 29.4517 0
      vertex -21.1672 31.679 0
    endloop
  endfacet
  facet normal 0 0 -1
    outer loop
      vertex -25.8094 25.8094 0
      vertex -24.1704 29.4517 0
      vertex -23.1554 28.2149 0
    endloop
  endfacet
  facet normal 0 0 -1
    outer loop
      vertex -25.8094 25.8094 0
      vertex -26.9408 26.9408 0
      vertex -24.1704 29.4517 0
    endloop
  endfacet
  facet normal 0 0 -1
    outer loop
      vertex -28.2149 23.1554 0
      vertex -26.9408 26.9408 0
      vertex -25.8094 25.8094 0
    endloop
  endfacet
  facet normal 0 0 -1
    outer loop
      vertex -28.2149 23.1554 0
      vertex -29.4517 24.1704 0
      vertex -26.9408 26.9408 0
    endloop
  endfacet
  facet normal 0 0 -1
    outer loop
      vertex -30.3486 20.2783 0
      vertex -29.4517 24.1704 0
      vertex -28.2149 23.1554 0
    endloop
  endfacet
  facet normal 0 0 -1
    outer loop
      vertex -30.3486 20.2783 0
      vertex -31.679 21.1672 0
      vertex -29.4517 24.1704 0
    endloop
  endfacet
  facet normal 0 0 -1
    outer loop
      vertex -32.1901 17.206 0
      vertex -31.679 21.1672 0
      vertex -30.3486 20.2783 0
    endloop
  endfacet
  facet normal 0 0 -1
    outer loop
      vertex -32.1901 17.206 0
      vertex -33.6012 17.9602 0
      vertex -31.679 21.1672 0
    endloop
  endfacet
  facet normal 0 0 -1
    outer loop
      vertex -33.7216 13.9679 0
      vertex -33.6012 17.9602 0
      vertex -32.1901 17.206 0
    endloop
  endfacet
  facet normal 0 0 -1
    outer loop
      vertex -35.1998 14.5802 0
      vertex -33.7216 13.9679 0
      vertex -34.9283 10.5954 0
    endloop
  endfacet
  facet normal 0 0 -1
    outer loop
      vertex -33.7216 13.9679 0
      vertex -35.1998 14.5802 0
      vertex -33.6012 17.9602 0
    endloop
  endfacet
  facet normal 0 0 -1
    outer loop
      vertex -36.4594 11.0598 0
      vertex -34.9283 10.5954 0
      vertex -35.7987 7.1208 0
    endloop
  endfacet
  facet normal 0 0 -1
    outer loop
      vertex -37.3679 7.43294 0
      vertex -35.7987 7.1208 0
      vertex -36.3242 3.57763 0
    endloop
  endfacet
  facet normal 0 0 -1
    outer loop
      vertex -34.9283 10.5954 0
      vertex -36.4594 11.0598 0
      vertex -35.1998 14.5802 0
    endloop
  endfacet
  facet normal 0 0 -1
    outer loop
      vertex -37.9165 3.73445 0
      vertex -36.3242 3.57763 0
      vertex -36.5 0 0
    endloop
  endfacet
  facet normal -0 0 -1
    outer loop
      vertex -36.3242 -3.57763 0
      vertex -37.9165 -3.73445 0
      vertex -36.5 0 0
    endloop
  endfacet
  facet normal 0 0 -1
    outer loop
      vertex -35.7987 7.1208 0
      vertex -37.3679 7.43294 0
      vertex -36.4594 11.0598 0
    endloop
  endfacet
  facet normal 0 0 -1
    outer loop
      vertex -38.1 0 0
      vertex -36.5 0 0
      vertex -37.9165 -3.73445 0
    endloop
  endfacet
  facet normal 0 0 -1
    outer loop
      vertex -36.3242 3.57763 0
      vertex -37.9165 3.73445 0
      vertex -37.3679 7.43294 0
    endloop
  endfacet
  facet normal 0 0 -1
    outer loop
      vertex -36.5 0 0
      vertex -38.1 0 0
      vertex -37.9165 3.73445 0
    endloop
  endfacet
  facet normal -0.514102 -0.857729 0
    outer loop
      vertex -21.1672 -31.679 0
      vertex -17.9602 -33.6012 7
      vertex -21.1672 -31.679 7
    endloop
  endfacet
  facet normal -0.514102 -0.857729 -0
    outer loop
      vertex -17.9602 -33.6012 7
      vertex -21.1672 -31.679 0
      vertex -17.9602 -33.6012 0
    endloop
  endfacet
  facet normal -0.671552 -0.740957 0
    outer loop
      vertex -26.9408 -26.9408 0
      vertex -24.1704 -29.4517 7
      vertex -26.9408 -26.9408 7
    endloop
  endfacet
  facet normal -0.671552 -0.740957 -0
    outer loop
      vertex -24.1704 -29.4517 7
      vertex -26.9408 -26.9408 0
      vertex -24.1704 -29.4517 0
    endloop
  endfacet
  facet normal 0.336885 0.941546 -0
    outer loop
      vertex 14.5802 35.1998 0
      vertex 11.0598 36.4594 7
      vertex 14.5802 35.1998 7
    endloop
  endfacet
  facet normal 0.336885 0.941546 0
    outer loop
      vertex 11.0598 36.4594 7
      vertex 14.5802 35.1998 0
      vertex 11.0598 36.4594 0
    endloop
  endfacet
  facet normal 0.0490779 -0.998795 0
    outer loop
      vertex 0 -38.1 0
      vertex 3.73445 -37.9165 7
      vertex 0 -38.1 7
    endloop
  endfacet
  facet normal 0.0490779 -0.998795 0
    outer loop
      vertex 3.73445 -37.9165 7
      vertex 0 -38.1 0
      vertex 3.73445 -37.9165 0
    endloop
  endfacet
  facet normal 0.242985 0.97003 -0
    outer loop
      vertex 11.0598 36.4594 0
      vertex 7.43294 37.3679 7
      vertex 11.0598 36.4594 7
    endloop
  endfacet
  facet normal 0.242985 0.97003 0
    outer loop
      vertex 7.43294 37.3679 7
      vertex 11.0598 36.4594 0
      vertex 7.43294 37.3679 0
    endloop
  endfacet
  facet normal 0.97003 -0.242985 0
    outer loop
      vertex 36.4594 -11.0598 7
      vertex 37.3679 -7.43294 0
      vertex 37.3679 -7.43294 7
    endloop
  endfacet
  facet normal 0.97003 -0.242985 0
    outer loop
      vertex 37.3679 -7.43294 0
      vertex 36.4594 -11.0598 7
      vertex 36.4594 -11.0598 0
    endloop
  endfacet
  facet normal -0.146725 -0.989177 0
    outer loop
      vertex -7.43294 -37.3679 0
      vertex -3.73445 -37.9165 7
      vertex -7.43294 -37.3679 7
    endloop
  endfacet
  facet normal -0.146725 -0.989177 -0
    outer loop
      vertex -3.73445 -37.9165 7
      vertex -7.43294 -37.3679 0
      vertex -3.73445 -37.9165 0
    endloop
  endfacet
  facet normal 0.740957 0.671552 0
    outer loop
      vertex 29.4517 24.1704 7
      vertex 26.9408 26.9408 0
      vertex 26.9408 26.9408 7
    endloop
  endfacet
  facet normal 0.740957 0.671552 0
    outer loop
      vertex 26.9408 26.9408 0
      vertex 29.4517 24.1704 7
      vertex 29.4517 24.1704 0
    endloop
  endfacet
  facet normal -0.998795 -0.0490779 0
    outer loop
      vertex -37.9165 -3.73445 0
      vertex -38.1 0 7
      vertex -38.1 0 0
    endloop
  endfacet
  facet normal -0.998795 -0.0490779 0
    outer loop
      vertex -38.1 0 7
      vertex -37.9165 -3.73445 0
      vertex -37.9165 -3.73445 7
    endloop
  endfacet
  facet normal 0.941546 0.336885 0
    outer loop
      vertex 36.4594 11.0598 7
      vertex 35.1998 14.5802 0
      vertex 35.1998 14.5802 7
    endloop
  endfacet
  facet normal 0.941546 0.336885 0
    outer loop
      vertex 35.1998 14.5802 0
      vertex 36.4594 11.0598 7
      vertex 36.4594 11.0598 0
    endloop
  endfacet
  facet normal 0.0490779 0.998795 -0
    outer loop
      vertex 3.73445 37.9165 0
      vertex 0 38.1 7
      vertex 3.73445 37.9165 7
    endloop
  endfacet
  facet normal 0.0490779 0.998795 0
    outer loop
      vertex 0 38.1 7
      vertex 3.73445 37.9165 0
      vertex 0 38.1 0
    endloop
  endfacet
  facet normal 0.671552 0.740957 -0
    outer loop
      vertex 26.9408 26.9408 0
      vertex 24.1704 29.4517 7
      vertex 26.9408 26.9408 7
    endloop
  endfacet
  facet normal 0.671552 0.740957 0
    outer loop
      vertex 24.1704 29.4517 7
      vertex 26.9408 26.9408 0
      vertex 24.1704 29.4517 0
    endloop
  endfacet
  facet normal 0.514102 -0.857729 0
    outer loop
      vertex 17.9602 -33.6012 0
      vertex 21.1672 -31.679 7
      vertex 17.9602 -33.6012 7
    endloop
  endfacet
  facet normal 0.514102 -0.857729 0
    outer loop
      vertex 21.1672 -31.679 7
      vertex 17.9602 -33.6012 0
      vertex 21.1672 -31.679 0
    endloop
  endfacet
  facet normal -0.97003 -0.242985 0
    outer loop
      vertex -36.4594 -11.0598 0
      vertex -37.3679 -7.43294 7
      vertex -37.3679 -7.43294 0
    endloop
  endfacet
  facet normal -0.97003 -0.242985 0
    outer loop
      vertex -37.3679 -7.43294 7
      vertex -36.4594 -11.0598 0
      vertex -36.4594 -11.0598 7
    endloop
  endfacet
  facet normal -0.336885 0.941546 0
    outer loop
      vertex -11.0598 36.4594 0
      vertex -14.5802 35.1998 7
      vertex -11.0598 36.4594 7
    endloop
  endfacet
  facet normal -0.336885 0.941546 0
    outer loop
      vertex -14.5802 35.1998 7
      vertex -11.0598 36.4594 0
      vertex -14.5802 35.1998 0
    endloop
  endfacet
  facet normal -0.941546 -0.336885 0
    outer loop
      vertex -35.1998 -14.5802 0
      vertex -36.4594 -11.0598 7
      vertex -36.4594 -11.0598 0
    endloop
  endfacet
  facet normal -0.941546 -0.336885 0
    outer loop
      vertex -36.4594 -11.0598 7
      vertex -35.1998 -14.5802 0
      vertex -35.1998 -14.5802 7
    endloop
  endfacet
  facet normal -0.989177 0.146725 0
    outer loop
      vertex -37.9165 3.73445 0
      vertex -37.3679 7.43294 7
      vertex -37.3679 7.43294 0
    endloop
  endfacet
  facet normal -0.989177 0.146725 0
    outer loop
      vertex -37.3679 7.43294 7
      vertex -37.9165 3.73445 0
      vertex -37.9165 3.73445 7
    endloop
  endfacet
  facet normal -0.514102 0.857729 0
    outer loop
      vertex -17.9602 33.6012 0
      vertex -21.1672 31.679 7
      vertex -17.9602 33.6012 7
    endloop
  endfacet
  facet normal -0.514102 0.857729 0
    outer loop
      vertex -21.1672 31.679 7
      vertex -17.9602 33.6012 0
      vertex -21.1672 31.679 0
    endloop
  endfacet
  facet normal -0.671552 0.740957 0
    outer loop
      vertex -24.1704 29.4517 0
      vertex -26.9408 26.9408 7
      vertex -24.1704 29.4517 7
    endloop
  endfacet
  facet normal -0.671552 0.740957 0
    outer loop
      vertex -26.9408 26.9408 7
      vertex -24.1704 29.4517 0
      vertex -26.9408 26.9408 0
    endloop
  endfacet
  facet normal -0.97003 0.242985 0
    outer loop
      vertex -37.3679 7.43294 0
      vertex -36.4594 11.0598 7
      vertex -36.4594 11.0598 0
    endloop
  endfacet
  facet normal -0.97003 0.242985 0
    outer loop
      vertex -36.4594 11.0598 7
      vertex -37.3679 7.43294 0
      vertex -37.3679 7.43294 7
    endloop
  endfacet
  facet normal 0.427551 -0.903991 0
    outer loop
      vertex 14.5802 -35.1998 0
      vertex 17.9602 -33.6012 7
      vertex 14.5802 -35.1998 7
    endloop
  endfacet
  facet normal 0.427551 -0.903991 0
    outer loop
      vertex 17.9602 -33.6012 7
      vertex 14.5802 -35.1998 0
      vertex 17.9602 -33.6012 0
    endloop
  endfacet
  facet normal -0.242985 0.97003 0
    outer loop
      vertex -7.43294 37.3679 0
      vertex -11.0598 36.4594 7
      vertex -7.43294 37.3679 7
    endloop
  endfacet
  facet normal -0.242985 0.97003 0
    outer loop
      vertex -11.0598 36.4594 7
      vertex -7.43294 37.3679 0
      vertex -11.0598 36.4594 0
    endloop
  endfacet
  facet normal -0.740957 0.671552 0
    outer loop
      vertex -29.4517 24.1704 0
      vertex -26.9408 26.9408 7
      vertex -26.9408 26.9408 0
    endloop
  endfacet
  facet normal -0.740957 0.671552 0
    outer loop
      vertex -26.9408 26.9408 7
      vertex -29.4517 24.1704 0
      vertex -29.4517 24.1704 7
    endloop
  endfacet
  facet normal 0.514102 0.857729 -0
    outer loop
      vertex 21.1672 31.679 0
      vertex 17.9602 33.6012 7
      vertex 21.1672 31.679 7
    endloop
  endfacet
  facet normal 0.514102 0.857729 0
    outer loop
      vertex 17.9602 33.6012 7
      vertex 21.1672 31.679 0
      vertex 17.9602 33.6012 0
    endloop
  endfacet
  facet normal -0.595695 0.803211 0
    outer loop
      vertex -21.1672 31.679 0
      vertex -24.1704 29.4517 7
      vertex -21.1672 31.679 7
    endloop
  endfacet
  facet normal -0.595695 0.803211 0
    outer loop
      vertex -24.1704 29.4517 7
      vertex -21.1672 31.679 0
      vertex -24.1704 29.4517 0
    endloop
  endfacet
  facet normal 0.595695 0.803211 -0
    outer loop
      vertex 24.1704 29.4517 0
      vertex 21.1672 31.679 7
      vertex 24.1704 29.4517 7
    endloop
  endfacet
  facet normal 0.595695 0.803211 0
    outer loop
      vertex 21.1672 31.679 7
      vertex 24.1704 29.4517 0
      vertex 21.1672 31.679 0
    endloop
  endfacet
  facet normal 0.146725 -0.989177 0
    outer loop
      vertex 3.73445 -37.9165 0
      vertex 7.43294 -37.3679 7
      vertex 3.73445 -37.9165 7
    endloop
  endfacet
  facet normal 0.146725 -0.989177 0
    outer loop
      vertex 7.43294 -37.3679 7
      vertex 3.73445 -37.9165 0
      vertex 7.43294 -37.3679 0
    endloop
  endfacet
  facet normal 0.941546 -0.336885 0
    outer loop
      vertex 35.1998 -14.5802 7
      vertex 36.4594 -11.0598 0
      vertex 36.4594 -11.0598 7
    endloop
  endfacet
  facet normal 0.941546 -0.336885 0
    outer loop
      vertex 36.4594 -11.0598 0
      vertex 35.1998 -14.5802 7
      vertex 35.1998 -14.5802 0
    endloop
  endfacet
  facet normal 0.740957 -0.671552 0
    outer loop
      vertex 26.9408 -26.9408 7
      vertex 29.4517 -24.1704 0
      vertex 29.4517 -24.1704 7
    endloop
  endfacet
  facet normal 0.740957 -0.671552 0
    outer loop
      vertex 29.4517 -24.1704 0
      vertex 26.9408 -26.9408 7
      vertex 26.9408 -26.9408 0
    endloop
  endfacet
  facet normal 0.803211 -0.595695 0
    outer loop
      vertex 29.4517 -24.1704 7
      vertex 31.679 -21.1672 0
      vertex 31.679 -21.1672 7
    endloop
  endfacet
  facet normal 0.803211 -0.595695 0
    outer loop
      vertex 31.679 -21.1672 0
      vertex 29.4517 -24.1704 7
      vertex 29.4517 -24.1704 0
    endloop
  endfacet
  facet normal -0.427551 0.903991 0
    outer loop
      vertex -14.5802 35.1998 0
      vertex -17.9602 33.6012 7
      vertex -14.5802 35.1998 7
    endloop
  endfacet
  facet normal -0.427551 0.903991 0
    outer loop
      vertex -17.9602 33.6012 7
      vertex -14.5802 35.1998 0
      vertex -17.9602 33.6012 0
    endloop
  endfacet
  facet normal 0.903991 0.427551 0
    outer loop
      vertex 35.1998 14.5802 7
      vertex 33.6012 17.9602 0
      vertex 33.6012 17.9602 7
    endloop
  endfacet
  facet normal 0.903991 0.427551 0
    outer loop
      vertex 33.6012 17.9602 0
      vertex 35.1998 14.5802 7
      vertex 35.1998 14.5802 0
    endloop
  endfacet
  facet normal -0.857729 -0.514102 0
    outer loop
      vertex -31.679 -21.1672 0
      vertex -33.6012 -17.9602 7
      vertex -33.6012 -17.9602 0
    endloop
  endfacet
  facet normal -0.857729 -0.514102 0
    outer loop
      vertex -33.6012 -17.9602 7
      vertex -31.679 -21.1672 0
      vertex -31.679 -21.1672 7
    endloop
  endfacet
  facet normal -0.242985 -0.97003 0
    outer loop
      vertex -11.0598 -36.4594 0
      vertex -7.43294 -37.3679 7
      vertex -11.0598 -36.4594 7
    endloop
  endfacet
  facet normal -0.242985 -0.97003 -0
    outer loop
      vertex -7.43294 -37.3679 7
      vertex -11.0598 -36.4594 0
      vertex -7.43294 -37.3679 0
    endloop
  endfacet
  facet normal 0.989177 -0.146725 0
    outer loop
      vertex 37.3679 -7.43294 7
      vertex 37.9165 -3.73445 0
      vertex 37.9165 -3.73445 7
    endloop
  endfacet
  facet normal 0.989177 -0.146725 0
    outer loop
      vertex 37.9165 -3.73445 0
      vertex 37.3679 -7.43294 7
      vertex 37.3679 -7.43294 0
    endloop
  endfacet
  facet normal -0.803211 -0.595695 0
    outer loop
      vertex -29.4517 -24.1704 0
      vertex -31.679 -21.1672 7
      vertex -31.679 -21.1672 0
    endloop
  endfacet
  facet normal -0.803211 -0.595695 0
    outer loop
      vertex -31.679 -21.1672 7
      vertex -29.4517 -24.1704 0
      vertex -29.4517 -24.1704 7
    endloop
  endfacet
  facet normal 0.803211 0.595695 0
    outer loop
      vertex 31.679 21.1672 7
      vertex 29.4517 24.1704 0
      vertex 29.4517 24.1704 7
    endloop
  endfacet
  facet normal 0.803211 0.595695 0
    outer loop
      vertex 29.4517 24.1704 0
      vertex 31.679 21.1672 7
      vertex 31.679 21.1672 0
    endloop
  endfacet
  facet normal -0.903991 -0.427551 0
    outer loop
      vertex -33.6012 -17.9602 0
      vertex -35.1998 -14.5802 7
      vertex -35.1998 -14.5802 0
    endloop
  endfacet
  facet normal -0.903991 -0.427551 0
    outer loop
      vertex -35.1998 -14.5802 7
      vertex -33.6012 -17.9602 0
      vertex -33.6012 -17.9602 7
    endloop
  endfacet
  facet normal 0.146725 0.989177 -0
    outer loop
      vertex 7.43294 37.3679 0
      vertex 3.73445 37.9165 7
      vertex 7.43294 37.3679 7
    endloop
  endfacet
  facet normal 0.146725 0.989177 0
    outer loop
      vertex 3.73445 37.9165 7
      vertex 7.43294 37.3679 0
      vertex 3.73445 37.9165 0
    endloop
  endfacet
  facet normal -0.0490779 0.998795 0
    outer loop
      vertex 0 38.1 0
      vertex -3.73445 37.9165 7
      vertex 0 38.1 7
    endloop
  endfacet
  facet normal -0.0490779 0.998795 0
    outer loop
      vertex -3.73445 37.9165 7
      vertex 0 38.1 0
      vertex -3.73445 37.9165 0
    endloop
  endfacet
  facet normal -0.427551 -0.903991 0
    outer loop
      vertex -17.9602 -33.6012 0
      vertex -14.5802 -35.1998 7
      vertex -17.9602 -33.6012 7
    endloop
  endfacet
  facet normal -0.427551 -0.903991 -0
    outer loop
      vertex -14.5802 -35.1998 7
      vertex -17.9602 -33.6012 0
      vertex -14.5802 -35.1998 0
    endloop
  endfacet
  facet normal 0.595695 -0.803211 0
    outer loop
      vertex 21.1672 -31.679 0
      vertex 24.1704 -29.4517 7
      vertex 21.1672 -31.679 7
    endloop
  endfacet
  facet normal 0.595695 -0.803211 0
    outer loop
      vertex 24.1704 -29.4517 7
      vertex 21.1672 -31.679 0
      vertex 24.1704 -29.4517 0
    endloop
  endfacet
  facet normal 0.998795 -0.0490779 0
    outer loop
      vertex 37.9165 -3.73445 7
      vertex 38.1 0 0
      vertex 38.1 0 7
    endloop
  endfacet
  facet normal 0.998795 -0.0490779 0
    outer loop
      vertex 38.1 0 0
      vertex 37.9165 -3.73445 7
      vertex 37.9165 -3.73445 0
    endloop
  endfacet
  facet normal -0.146725 0.989177 0
    outer loop
      vertex -3.73445 37.9165 0
      vertex -7.43294 37.3679 7
      vertex -3.73445 37.9165 7
    endloop
  endfacet
  facet normal -0.146725 0.989177 0
    outer loop
      vertex -7.43294 37.3679 7
      vertex -3.73445 37.9165 0
      vertex -7.43294 37.3679 0
    endloop
  endfacet
  facet normal -0.989177 -0.146725 0
    outer loop
      vertex -37.3679 -7.43294 0
      vertex -37.9165 -3.73445 7
      vertex -37.9165 -3.73445 0
    endloop
  endfacet
  facet normal -0.989177 -0.146725 0
    outer loop
      vertex -37.9165 -3.73445 7
      vertex -37.3679 -7.43294 0
      vertex -37.3679 -7.43294 7
    endloop
  endfacet
  facet normal 0.336885 -0.941546 0
    outer loop
      vertex 11.0598 -36.4594 0
      vertex 14.5802 -35.1998 7
      vertex 11.0598 -36.4594 7
    endloop
  endfacet
  facet normal 0.336885 -0.941546 0
    outer loop
      vertex 14.5802 -35.1998 7
      vertex 11.0598 -36.4594 0
      vertex 14.5802 -35.1998 0
    endloop
  endfacet
  facet normal 0.242985 -0.97003 0
    outer loop
      vertex 7.43294 -37.3679 0
      vertex 11.0598 -36.4594 7
      vertex 7.43294 -37.3679 7
    endloop
  endfacet
  facet normal 0.242985 -0.97003 0
    outer loop
      vertex 11.0598 -36.4594 7
      vertex 7.43294 -37.3679 0
      vertex 11.0598 -36.4594 0
    endloop
  endfacet
  facet normal -0.740957 -0.671552 0
    outer loop
      vertex -26.9408 -26.9408 0
      vertex -29.4517 -24.1704 7
      vertex -29.4517 -24.1704 0
    endloop
  endfacet
  facet normal -0.740957 -0.671552 0
    outer loop
      vertex -29.4517 -24.1704 7
      vertex -26.9408 -26.9408 0
      vertex -26.9408 -26.9408 7
    endloop
  endfacet
  facet normal -0.903991 0.427551 0
    outer loop
      vertex -35.1998 14.5802 0
      vertex -33.6012 17.9602 7
      vertex -33.6012 17.9602 0
    endloop
  endfacet
  facet normal -0.903991 0.427551 0
    outer loop
      vertex -33.6012 17.9602 7
      vertex -35.1998 14.5802 0
      vertex -35.1998 14.5802 7
    endloop
  endfacet
  facet normal -0.595695 -0.803211 0
    outer loop
      vertex -24.1704 -29.4517 0
      vertex -21.1672 -31.679 7
      vertex -24.1704 -29.4517 7
    endloop
  endfacet
  facet normal -0.595695 -0.803211 -0
    outer loop
      vertex -21.1672 -31.679 7
      vertex -24.1704 -29.4517 0
      vertex -21.1672 -31.679 0
    endloop
  endfacet
  facet normal 0.903991 -0.427551 0
    outer loop
      vertex 33.6012 -17.9602 7
      vertex 35.1998 -14.5802 0
      vertex 35.1998 -14.5802 7
    endloop
  endfacet
  facet normal 0.903991 -0.427551 0
    outer loop
      vertex 35.1998 -14.5802 0
      vertex 33.6012 -17.9602 7
      vertex 33.6012 -17.9602 0
    endloop
  endfacet
  facet normal 0.857729 -0.514102 0
    outer loop
      vertex 31.679 -21.1672 7
      vertex 33.6012 -17.9602 0
      vertex 33.6012 -17.9602 7
    endloop
  endfacet
  facet normal 0.857729 -0.514102 0
    outer loop
      vertex 33.6012 -17.9602 0
      vertex 31.679 -21.1672 7
      vertex 31.679 -21.1672 0
    endloop
  endfacet
  facet normal -0.0490779 -0.998795 0
    outer loop
      vertex -3.73445 -37.9165 0
      vertex 0 -38.1 7
      vertex -3.73445 -37.9165 7
    endloop
  endfacet
  facet normal -0.0490779 -0.998795 -0
    outer loop
      vertex 0 -38.1 7
      vertex -3.73445 -37.9165 0
      vertex 0 -38.1 0
    endloop
  endfacet
  facet normal 0 0 -1
    outer loop
      vertex 38.1 0 7
      vertex 39.6 0 7
      vertex 39.4093 -3.88148 7
    endloop
  endfacet
  facet normal 0 0 -1
    outer loop
      vertex 37.9165 -3.73445 7
      vertex 39.4093 -3.88148 7
      vertex 38.8391 -7.72558 7
    endloop
  endfacet
  facet normal 0 0 -1
    outer loop
      vertex 39.6 0 7
      vertex 38.1 0 7
      vertex 39.4093 3.88148 7
    endloop
  endfacet
  facet normal 0 0 -1
    outer loop
      vertex 37.9165 3.73445 7
      vertex 39.4093 3.88148 7
      vertex 38.1 0 7
    endloop
  endfacet
  facet normal 0 0 -1
    outer loop
      vertex 39.4093 -3.88148 7
      vertex 37.9165 -3.73445 7
      vertex 38.1 0 7
    endloop
  endfacet
  facet normal 0 0 -1
    outer loop
      vertex 37.3679 -7.43294 7
      vertex 38.8391 -7.72558 7
      vertex 37.8948 -11.4953 7
    endloop
  endfacet
  facet normal 0 0 -1
    outer loop
      vertex 38.8391 -7.72558 7
      vertex 37.3679 -7.43294 7
      vertex 37.9165 -3.73445 7
    endloop
  endfacet
  facet normal 0 0 -1
    outer loop
      vertex 36.4594 -11.0598 7
      vertex 37.8948 -11.4953 7
      vertex 36.5856 -15.1543 7
    endloop
  endfacet
  facet normal 0 0 -1
    outer loop
      vertex 37.8948 -11.4953 7
      vertex 36.4594 -11.0598 7
      vertex 37.3679 -7.43294 7
    endloop
  endfacet
  facet normal 0 0 -1
    outer loop
      vertex 36.5856 -15.1543 7
      vertex 35.1998 -14.5802 7
      vertex 36.4594 -11.0598 7
    endloop
  endfacet
  facet normal 0 0 -1
    outer loop
      vertex 34.9241 -18.6673 7
      vertex 35.1998 -14.5802 7
      vertex 36.5856 -15.1543 7
    endloop
  endfacet
  facet normal 0 0 -1
    outer loop
      vertex 34.9241 -18.6673 7
      vertex 33.6012 -17.9602 7
      vertex 35.1998 -14.5802 7
    endloop
  endfacet
  facet normal 0 0 -1
    outer loop
      vertex 32.9262 -22.0006 7
      vertex 33.6012 -17.9602 7
      vertex 34.9241 -18.6673 7
    endloop
  endfacet
  facet normal 0 0 -1
    outer loop
      vertex 32.9262 -22.0006 7
      vertex 31.679 -21.1672 7
      vertex 33.6012 -17.9602 7
    endloop
  endfacet
  facet normal 0 0 -1
    outer loop
      vertex 30.6112 -25.122 7
      vertex 31.679 -21.1672 7
      vertex 32.9262 -22.0006 7
    endloop
  endfacet
  facet normal 0 0 -1
    outer loop
      vertex 30.6112 -25.122 7
      vertex 29.4517 -24.1704 7
      vertex 31.679 -21.1672 7
    endloop
  endfacet
  facet normal 0 0 -1
    outer loop
      vertex 28.0014 -28.0014 7
      vertex 29.4517 -24.1704 7
      vertex 30.6112 -25.122 7
    endloop
  endfacet
  facet normal 0 0 -1
    outer loop
      vertex 28.0014 -28.0014 7
      vertex 26.9408 -26.9408 7
      vertex 29.4517 -24.1704 7
    endloop
  endfacet
  facet normal 0 0 -1
    outer loop
      vertex 25.122 -30.6112 7
      vertex 26.9408 -26.9408 7
      vertex 28.0014 -28.0014 7
    endloop
  endfacet
  facet normal 0 0 -1
    outer loop
      vertex 25.122 -30.6112 7
      vertex 24.1704 -29.4517 7
      vertex 26.9408 -26.9408 7
    endloop
  endfacet
  facet normal 0 0 -1
    outer loop
      vertex 22.0006 -32.9262 7
      vertex 24.1704 -29.4517 7
      vertex 25.122 -30.6112 7
    endloop
  endfacet
  facet normal 0 0 -1
    outer loop
      vertex 22.0006 -32.9262 7
      vertex 21.1672 -31.679 7
      vertex 24.1704 -29.4517 7
    endloop
  endfacet
  facet normal 0 0 -1
    outer loop
      vertex 18.6673 -34.9241 7
      vertex 21.1672 -31.679 7
      vertex 22.0006 -32.9262 7
    endloop
  endfacet
  facet normal 0 0 -1
    outer loop
      vertex 18.6673 -34.9241 7
      vertex 17.9602 -33.6012 7
      vertex 21.1672 -31.679 7
    endloop
  endfacet
  facet normal 0 0 -1
    outer loop
      vertex 15.1543 -36.5856 7
      vertex 17.9602 -33.6012 7
      vertex 18.6673 -34.9241 7
    endloop
  endfacet
  facet normal 0 0 -1
    outer loop
      vertex 15.1543 -36.5856 7
      vertex 14.5802 -35.1998 7
      vertex 17.9602 -33.6012 7
    endloop
  endfacet
  facet normal 0 0 -1
    outer loop
      vertex 11.4953 -37.8948 7
      vertex 14.5802 -35.1998 7
      vertex 15.1543 -36.5856 7
    endloop
  endfacet
  facet normal 0 0 -1
    outer loop
      vertex 11.4953 -37.8948 7
      vertex 11.0598 -36.4594 7
      vertex 14.5802 -35.1998 7
    endloop
  endfacet
  facet normal 0 0 -1
    outer loop
      vertex 7.72558 -38.8391 7
      vertex 11.0598 -36.4594 7
      vertex 11.4953 -37.8948 7
    endloop
  endfacet
  facet normal 0 0 -1
    outer loop
      vertex 7.72558 -38.8391 7
      vertex 7.43294 -37.3679 7
      vertex 11.0598 -36.4594 7
    endloop
  endfacet
  facet normal 0 0 -1
    outer loop
      vertex 3.88148 -39.4093 7
      vertex 7.43294 -37.3679 7
      vertex 7.72558 -38.8391 7
    endloop
  endfacet
  facet normal 0 0 -1
    outer loop
      vertex 3.88148 -39.4093 7
      vertex 3.73445 -37.9165 7
      vertex 7.43294 -37.3679 7
    endloop
  endfacet
  facet normal 0 0 -1
    outer loop
      vertex 0 -39.6 7
      vertex 3.73445 -37.9165 7
      vertex 3.88148 -39.4093 7
    endloop
  endfacet
  facet normal 0 0 -1
    outer loop
      vertex 0 -39.6 7
      vertex 0 -38.1 7
      vertex 3.73445 -37.9165 7
    endloop
  endfacet
  facet normal 0 0 -1
    outer loop
      vertex 0 -39.6 7
      vertex -3.73445 -37.9165 7
      vertex 0 -38.1 7
    endloop
  endfacet
  facet normal 0 0 -1
    outer loop
      vertex -3.88148 -39.4093 7
      vertex -3.73445 -37.9165 7
      vertex 0 -39.6 7
    endloop
  endfacet
  facet normal 0 0 -1
    outer loop
      vertex -3.88148 -39.4093 7
      vertex -7.43294 -37.3679 7
      vertex -3.73445 -37.9165 7
    endloop
  endfacet
  facet normal 0 0 -1
    outer loop
      vertex -7.72558 -38.8391 7
      vertex -7.43294 -37.3679 7
      vertex -3.88148 -39.4093 7
    endloop
  endfacet
  facet normal 0 0 -1
    outer loop
      vertex -7.72558 -38.8391 7
      vertex -11.0598 -36.4594 7
      vertex -7.43294 -37.3679 7
    endloop
  endfacet
  facet normal 0 0 -1
    outer loop
      vertex -11.4953 -37.8948 7
      vertex -11.0598 -36.4594 7
      vertex -7.72558 -38.8391 7
    endloop
  endfacet
  facet normal 0 0 -1
    outer loop
      vertex -11.4953 -37.8948 7
      vertex -14.5802 -35.1998 7
      vertex -11.0598 -36.4594 7
    endloop
  endfacet
  facet normal 0 0 -1
    outer loop
      vertex -15.1543 -36.5856 7
      vertex -14.5802 -35.1998 7
      vertex -11.4953 -37.8948 7
    endloop
  endfacet
  facet normal 0 0 -1
    outer loop
      vertex -15.1543 -36.5856 7
      vertex -17.9602 -33.6012 7
      vertex -14.5802 -35.1998 7
    endloop
  endfacet
  facet normal 0 0 -1
    outer loop
      vertex -18.6673 -34.9241 7
      vertex -17.9602 -33.6012 7
      vertex -15.1543 -36.5856 7
    endloop
  endfacet
  facet normal 0 0 -1
    outer loop
      vertex -18.6673 -34.9241 7
      vertex -21.1672 -31.679 7
      vertex -17.9602 -33.6012 7
    endloop
  endfacet
  facet normal 0 0 -1
    outer loop
      vertex -22.0006 -32.9262 7
      vertex -21.1672 -31.679 7
      vertex -18.6673 -34.9241 7
    endloop
  endfacet
  facet normal 0 0 -1
    outer loop
      vertex -22.0006 -32.9262 7
      vertex -24.1704 -29.4517 7
      vertex -21.1672 -31.679 7
    endloop
  endfacet
  facet normal 0 0 -1
    outer loop
      vertex -25.122 -30.6112 7
      vertex -24.1704 -29.4517 7
      vertex -22.0006 -32.9262 7
    endloop
  endfacet
  facet normal 0 0 -1
    outer loop
      vertex -25.122 -30.6112 7
      vertex -26.9408 -26.9408 7
      vertex -24.1704 -29.4517 7
    endloop
  endfacet
  facet normal 0 0 -1
    outer loop
      vertex -28.0014 -28.0014 7
      vertex -26.9408 -26.9408 7
      vertex -25.122 -30.6112 7
    endloop
  endfacet
  facet normal 0 0 -1
    outer loop
      vertex -28.0014 -28.0014 7
      vertex -29.4517 -24.1704 7
      vertex -26.9408 -26.9408 7
    endloop
  endfacet
  facet normal 0 0 -1
    outer loop
      vertex -30.6112 -25.122 7
      vertex -29.4517 -24.1704 7
      vertex -28.0014 -28.0014 7
    endloop
  endfacet
  facet normal 0 0 -1
    outer loop
      vertex -30.6112 -25.122 7
      vertex -31.679 -21.1672 7
      vertex -29.4517 -24.1704 7
    endloop
  endfacet
  facet normal 0 0 -1
    outer loop
      vertex -32.9262 -22.0006 7
      vertex -31.679 -21.1672 7
      vertex -30.6112 -25.122 7
    endloop
  endfacet
  facet normal 0 0 -1
    outer loop
      vertex -32.9262 -22.0006 7
      vertex -33.6012 -17.9602 7
      vertex -31.679 -21.1672 7
    endloop
  endfacet
  facet normal 0 0 -1
    outer loop
      vertex -34.9241 -18.6673 7
      vertex -33.6012 -17.9602 7
      vertex -32.9262 -22.0006 7
    endloop
  endfacet
  facet normal 0 0 -1
    outer loop
      vertex -34.9241 -18.6673 7
      vertex -35.1998 -14.5802 7
      vertex -33.6012 -17.9602 7
    endloop
  endfacet
  facet normal 0 0 -1
    outer loop
      vertex -36.5856 -15.1543 7
      vertex -35.1998 -14.5802 7
      vertex -34.9241 -18.6673 7
    endloop
  endfacet
  facet normal -0 0 -1
    outer loop
      vertex -35.1998 -14.5802 7
      vertex -36.5856 -15.1543 7
      vertex -36.4594 -11.0598 7
    endloop
  endfacet
  facet normal 0 0 -1
    outer loop
      vertex -37.8948 -11.4953 7
      vertex -36.4594 -11.0598 7
      vertex -36.5856 -15.1543 7
    endloop
  endfacet
  facet normal -0 0 -1
    outer loop
      vertex -36.4594 -11.0598 7
      vertex -37.8948 -11.4953 7
      vertex -37.3679 -7.43294 7
    endloop
  endfacet
  facet normal 0 0 -1
    outer loop
      vertex -38.8391 -7.72558 7
      vertex -37.3679 -7.43294 7
      vertex -37.8948 -11.4953 7
    endloop
  endfacet
  facet normal -0 0 -1
    outer loop
      vertex -37.3679 -7.43294 7
      vertex -38.8391 -7.72558 7
      vertex -37.9165 -3.73445 7
    endloop
  endfacet
  facet normal 0 0 -1
    outer loop
      vertex -39.4093 -3.88148 7
      vertex -37.9165 -3.73445 7
      vertex -38.8391 -7.72558 7
    endloop
  endfacet
  facet normal -0 0 -1
    outer loop
      vertex 39.4093 3.88148 7
      vertex 37.9165 3.73445 7
      vertex 38.8391 7.72558 7
    endloop
  endfacet
  facet normal 0 0 -1
    outer loop
      vertex 37.3679 7.43294 7
      vertex 38.8391 7.72558 7
      vertex 37.9165 3.73445 7
    endloop
  endfacet
  facet normal -0 0 -1
    outer loop
      vertex 38.8391 7.72558 7
      vertex 37.3679 7.43294 7
      vertex 37.8948 11.4953 7
    endloop
  endfacet
  facet normal 0 0 -1
    outer loop
      vertex 36.4594 11.0598 7
      vertex 37.8948 11.4953 7
      vertex 37.3679 7.43294 7
    endloop
  endfacet
  facet normal -0 0 -1
    outer loop
      vertex 37.8948 11.4953 7
      vertex 36.4594 11.0598 7
      vertex 36.5856 15.1543 7
    endloop
  endfacet
  facet normal 0 0 -1
    outer loop
      vertex 35.1998 14.5802 7
      vertex 36.5856 15.1543 7
      vertex 36.4594 11.0598 7
    endloop
  endfacet
  facet normal 0 0 -1
    outer loop
      vertex 35.1998 14.5802 7
      vertex 34.9241 18.6673 7
      vertex 36.5856 15.1543 7
    endloop
  endfacet
  facet normal 0 0 -1
    outer loop
      vertex 33.6012 17.9602 7
      vertex 34.9241 18.6673 7
      vertex 35.1998 14.5802 7
    endloop
  endfacet
  facet normal 0 0 -1
    outer loop
      vertex 33.6012 17.9602 7
      vertex 32.9262 22.0006 7
      vertex 34.9241 18.6673 7
    endloop
  endfacet
  facet normal 0 0 -1
    outer loop
      vertex 31.679 21.1672 7
      vertex 32.9262 22.0006 7
      vertex 33.6012 17.9602 7
    endloop
  endfacet
  facet normal 0 0 -1
    outer loop
      vertex 31.679 21.1672 7
      vertex 30.6112 25.122 7
      vertex 32.9262 22.0006 7
    endloop
  endfacet
  facet normal 0 0 -1
    outer loop
      vertex 29.4517 24.1704 7
      vertex 30.6112 25.122 7
      vertex 31.679 21.1672 7
    endloop
  endfacet
  facet normal 0 0 -1
    outer loop
      vertex 29.4517 24.1704 7
      vertex 28.0014 28.0014 7
      vertex 30.6112 25.122 7
    endloop
  endfacet
  facet normal 0 0 -1
    outer loop
      vertex 26.9408 26.9408 7
      vertex 28.0014 28.0014 7
      vertex 29.4517 24.1704 7
    endloop
  endfacet
  facet normal 0 0 -1
    outer loop
      vertex 26.9408 26.9408 7
      vertex 25.122 30.6112 7
      vertex 28.0014 28.0014 7
    endloop
  endfacet
  facet normal 0 0 -1
    outer loop
      vertex 24.1704 29.4517 7
      vertex 25.122 30.6112 7
      vertex 26.9408 26.9408 7
    endloop
  endfacet
  facet normal 0 0 -1
    outer loop
      vertex 24.1704 29.4517 7
      vertex 22.0006 32.9262 7
      vertex 25.122 30.6112 7
    endloop
  endfacet
  facet normal 0 0 -1
    outer loop
      vertex 21.1672 31.679 7
      vertex 22.0006 32.9262 7
      vertex 24.1704 29.4517 7
    endloop
  endfacet
  facet normal 0 0 -1
    outer loop
      vertex 21.1672 31.679 7
      vertex 18.6673 34.9241 7
      vertex 22.0006 32.9262 7
    endloop
  endfacet
  facet normal 0 0 -1
    outer loop
      vertex 17.9602 33.6012 7
      vertex 18.6673 34.9241 7
      vertex 21.1672 31.679 7
    endloop
  endfacet
  facet normal 0 0 -1
    outer loop
      vertex 17.9602 33.6012 7
      vertex 15.1543 36.5856 7
      vertex 18.6673 34.9241 7
    endloop
  endfacet
  facet normal 0 0 -1
    outer loop
      vertex 14.5802 35.1998 7
      vertex 15.1543 36.5856 7
      vertex 17.9602 33.6012 7
    endloop
  endfacet
  facet normal 0 0 -1
    outer loop
      vertex 14.5802 35.1998 7
      vertex 11.4953 37.8948 7
      vertex 15.1543 36.5856 7
    endloop
  endfacet
  facet normal 0 0 -1
    outer loop
      vertex 11.0598 36.4594 7
      vertex 11.4953 37.8948 7
      vertex 14.5802 35.1998 7
    endloop
  endfacet
  facet normal 0 0 -1
    outer loop
      vertex 11.0598 36.4594 7
      vertex 7.72558 38.8391 7
      vertex 11.4953 37.8948 7
    endloop
  endfacet
  facet normal 0 0 -1
    outer loop
      vertex 7.43294 37.3679 7
      vertex 7.72558 38.8391 7
      vertex 11.0598 36.4594 7
    endloop
  endfacet
  facet normal 0 0 -1
    outer loop
      vertex 7.43294 37.3679 7
      vertex 3.88148 39.4093 7
      vertex 7.72558 38.8391 7
    endloop
  endfacet
  facet normal 0 0 -1
    outer loop
      vertex 3.73445 37.9165 7
      vertex 3.88148 39.4093 7
      vertex 7.43294 37.3679 7
    endloop
  endfacet
  facet normal 0 0 -1
    outer loop
      vertex 0 38.1 7
      vertex 3.88148 39.4093 7
      vertex 3.73445 37.9165 7
    endloop
  endfacet
  facet normal 0 0 -1
    outer loop
      vertex 0 38.1 7
      vertex 0 39.6 7
      vertex 3.88148 39.4093 7
    endloop
  endfacet
  facet normal 0 0 -1
    outer loop
      vertex -3.73445 37.9165 7
      vertex 0 39.6 7
      vertex 0 38.1 7
    endloop
  endfacet
  facet normal 0 0 -1
    outer loop
      vertex -3.73445 37.9165 7
      vertex -3.88148 39.4093 7
      vertex 0 39.6 7
    endloop
  endfacet
  facet normal 0 0 -1
    outer loop
      vertex -7.43294 37.3679 7
      vertex -3.88148 39.4093 7
      vertex -3.73445 37.9165 7
    endloop
  endfacet
  facet normal 0 0 -1
    outer loop
      vertex -7.43294 37.3679 7
      vertex -7.72558 38.8391 7
      vertex -3.88148 39.4093 7
    endloop
  endfacet
  facet normal 0 0 -1
    outer loop
      vertex -11.0598 36.4594 7
      vertex -7.72558 38.8391 7
      vertex -7.43294 37.3679 7
    endloop
  endfacet
  facet normal 0 0 -1
    outer loop
      vertex -11.0598 36.4594 7
      vertex -11.4953 37.8948 7
      vertex -7.72558 38.8391 7
    endloop
  endfacet
  facet normal 0 0 -1
    outer loop
      vertex -14.5802 35.1998 7
      vertex -11.4953 37.8948 7
      vertex -11.0598 36.4594 7
    endloop
  endfacet
  facet normal 0 0 -1
    outer loop
      vertex -14.5802 35.1998 7
      vertex -15.1543 36.5856 7
      vertex -11.4953 37.8948 7
    endloop
  endfacet
  facet normal 0 0 -1
    outer loop
      vertex -17.9602 33.6012 7
      vertex -15.1543 36.5856 7
      vertex -14.5802 35.1998 7
    endloop
  endfacet
  facet normal 0 0 -1
    outer loop
      vertex -17.9602 33.6012 7
      vertex -18.6673 34.9241 7
      vertex -15.1543 36.5856 7
    endloop
  endfacet
  facet normal 0 0 -1
    outer loop
      vertex -21.1672 31.679 7
      vertex -18.6673 34.9241 7
      vertex -17.9602 33.6012 7
    endloop
  endfacet
  facet normal 0 0 -1
    outer loop
      vertex -21.1672 31.679 7
      vertex -22.0006 32.9262 7
      vertex -18.6673 34.9241 7
    endloop
  endfacet
  facet normal 0 0 -1
    outer loop
      vertex -24.1704 29.4517 7
      vertex -22.0006 32.9262 7
      vertex -21.1672 31.679 7
    endloop
  endfacet
  facet normal 0 0 -1
    outer loop
      vertex -24.1704 29.4517 7
      vertex -25.122 30.6112 7
      vertex -22.0006 32.9262 7
    endloop
  endfacet
  facet normal 0 0 -1
    outer loop
      vertex -26.9408 26.9408 7
      vertex -25.122 30.6112 7
      vertex -24.1704 29.4517 7
    endloop
  endfacet
  facet normal 0 0 -1
    outer loop
      vertex -26.9408 26.9408 7
      vertex -28.0014 28.0014 7
      vertex -25.122 30.6112 7
    endloop
  endfacet
  facet normal 0 0 -1
    outer loop
      vertex -29.4517 24.1704 7
      vertex -28.0014 28.0014 7
      vertex -26.9408 26.9408 7
    endloop
  endfacet
  facet normal 0 0 -1
    outer loop
      vertex -29.4517 24.1704 7
      vertex -30.6112 25.122 7
      vertex -28.0014 28.0014 7
    endloop
  endfacet
  facet normal 0 0 -1
    outer loop
      vertex -31.679 21.1672 7
      vertex -30.6112 25.122 7
      vertex -29.4517 24.1704 7
    endloop
  endfacet
  facet normal 0 0 -1
    outer loop
      vertex -31.679 21.1672 7
      vertex -32.9262 22.0006 7
      vertex -30.6112 25.122 7
    endloop
  endfacet
  facet normal 0 0 -1
    outer loop
      vertex -33.6012 17.9602 7
      vertex -32.9262 22.0006 7
      vertex -31.679 21.1672 7
    endloop
  endfacet
  facet normal 0 0 -1
    outer loop
      vertex -33.6012 17.9602 7
      vertex -34.9241 18.6673 7
      vertex -32.9262 22.0006 7
    endloop
  endfacet
  facet normal 0 0 -1
    outer loop
      vertex -35.1998 14.5802 7
      vertex -34.9241 18.6673 7
      vertex -33.6012 17.9602 7
    endloop
  endfacet
  facet normal 0 0 -1
    outer loop
      vertex -36.5856 15.1543 7
      vertex -35.1998 14.5802 7
      vertex -36.4594 11.0598 7
    endloop
  endfacet
  facet normal 0 0 -1
    outer loop
      vertex -35.1998 14.5802 7
      vertex -36.5856 15.1543 7
      vertex -34.9241 18.6673 7
    endloop
  endfacet
  facet normal 0 0 -1
    outer loop
      vertex -37.8948 11.4953 7
      vertex -36.4594 11.0598 7
      vertex -37.3679 7.43294 7
    endloop
  endfacet
  facet normal 0 0 -1
    outer loop
      vertex -36.4594 11.0598 7
      vertex -37.8948 11.4953 7
      vertex -36.5856 15.1543 7
    endloop
  endfacet
  facet normal 0 0 -1
    outer loop
      vertex -38.8391 7.72558 7
      vertex -37.3679 7.43294 7
      vertex -37.9165 3.73445 7
    endloop
  endfacet
  facet normal 0 0 -1
    outer loop
      vertex -39.4093 3.88148 7
      vertex -37.9165 3.73445 7
      vertex -38.1 0 7
    endloop
  endfacet
  facet normal -0 0 -1
    outer loop
      vertex -37.9165 -3.73445 7
      vertex -39.4093 -3.88148 7
      vertex -38.1 0 7
    endloop
  endfacet
  facet normal 0 0 -1
    outer loop
      vertex -37.3679 7.43294 7
      vertex -38.8391 7.72558 7
      vertex -37.8948 11.4953 7
    endloop
  endfacet
  facet normal 0 0 -1
    outer loop
      vertex -39.6 0 7
      vertex -38.1 0 7
      vertex -39.4093 -3.88148 7
    endloop
  endfacet
  facet normal 0 0 -1
    outer loop
      vertex -37.9165 3.73445 7
      vertex -39.4093 3.88148 7
      vertex -38.8391 7.72558 7
    endloop
  endfacet
  facet normal 0 0 -1
    outer loop
      vertex -38.1 0 7
      vertex -39.6 0 7
      vertex -39.4093 3.88148 7
    endloop
  endfacet
  facet normal -0.998795 0.0490779 0
    outer loop
      vertex -38.1 0 0
      vertex -37.9165 3.73445 7
      vertex -37.9165 3.73445 0
    endloop
  endfacet
  facet normal -0.998795 0.0490779 0
    outer loop
      vertex -37.9165 3.73445 7
      vertex -38.1 0 0
      vertex -38.1 0 7
    endloop
  endfacet
  facet normal -0.336885 -0.941546 0
    outer loop
      vertex -14.5802 -35.1998 0
      vertex -11.0598 -36.4594 7
      vertex -14.5802 -35.1998 7
    endloop
  endfacet
  facet normal -0.336885 -0.941546 -0
    outer loop
      vertex -11.0598 -36.4594 7
      vertex -14.5802 -35.1998 0
      vertex -11.0598 -36.4594 0
    endloop
  endfacet
  facet normal 0.671552 -0.740957 0
    outer loop
      vertex 24.1704 -29.4517 0
      vertex 26.9408 -26.9408 7
      vertex 24.1704 -29.4517 7
    endloop
  endfacet
  facet normal 0.671552 -0.740957 0
    outer loop
      vertex 26.9408 -26.9408 7
      vertex 24.1704 -29.4517 0
      vertex 26.9408 -26.9408 0
    endloop
  endfacet
  facet normal -0.146717 0.989179 0
    outer loop
      vertex -3.88148 39.4093 15.45
      vertex -3.88148 39.4093 7
      vertex -6.55 39.0135 15.45
    endloop
  endfacet
  facet normal -0.146717 0.989179 0
    outer loop
      vertex -6.55 39.0135 38.55
      vertex -3.88148 39.4093 47
      vertex -3.88148 39.4093 38.55
    endloop
  endfacet
  facet normal -0.146726 0.989177 2.90285e-06
    outer loop
      vertex -3.88148 39.4093 47
      vertex -6.55 39.0135 38.55
      vertex -7.72558 38.8391 47
    endloop
  endfacet
  facet normal -0.146746 0.989174 0
    outer loop
      vertex -6.55 39.0135 15.45
      vertex -7.72558 38.8391 47
      vertex -6.55 39.0135 38.55
    endloop
  endfacet
  facet normal -0.146746 0.989174 0
    outer loop
      vertex -6.55 39.0135 15.45
      vertex -7.72558 38.8391 7
      vertex -7.72558 38.8391 47
    endloop
  endfacet
  facet normal -0.146726 0.989177 -2.90285e-06
    outer loop
      vertex -7.72558 38.8391 7
      vertex -6.55 39.0135 15.45
      vertex -3.88148 39.4093 7
    endloop
  endfacet
  facet normal 0.989174 0.146746 0
    outer loop
      vertex 38.8391 7.72558 47
      vertex 39.0135 6.55 38.55
      vertex 38.8391 7.72558 7
    endloop
  endfacet
  facet normal 0.989177 0.146726 2.90285e-06
    outer loop
      vertex 39.4093 3.88148 47
      vertex 39.0135 6.55 38.55
      vertex 38.8391 7.72558 47
    endloop
  endfacet
  facet normal 0.989179 0.146717 0
    outer loop
      vertex 39.0135 6.55 38.55
      vertex 39.4093 3.88148 47
      vertex 39.4093 3.88148 38.55
    endloop
  endfacet
  facet normal 0.989174 0.146746 -0
    outer loop
      vertex 39.0135 6.55 15.45
      vertex 38.8391 7.72558 7
      vertex 39.0135 6.55 38.55
    endloop
  endfacet
  facet normal 0.989179 0.146717 -0
    outer loop
      vertex 39.4093 3.88148 7
      vertex 39.0135 6.55 15.45
      vertex 39.4093 3.88148 15.45
    endloop
  endfacet
  facet normal 0.989177 0.146726 -2.90285e-06
    outer loop
      vertex 39.0135 6.55 15.45
      vertex 39.4093 3.88148 7
      vertex 38.8391 7.72558 7
    endloop
  endfacet
  facet normal 0.99876 0.0497797 -0.00108746
    outer loop
      vertex 39.5633 0.746388 13.3765
      vertex 39.4093 3.88148 15.45
      vertex 39.5632 0.75 13.45
    endloop
  endfacet
  facet normal 0.998826 0.0484361 0.00102134
    outer loop
      vertex 39.4093 3.88148 15.45
      vertex 39.5633 0.746388 13.5235
      vertex 39.5632 0.75 13.45
    endloop
  endfacet
  facet normal 0.998769 0.0495978 -0.0008737
    outer loop
      vertex 39.4093 3.88148 15.45
      vertex 39.5639 0.735588 13.5963
      vertex 39.5633 0.746388 13.5235
    endloop
  endfacet
  facet normal 0.998822 0.0485193 0.000960971
    outer loop
      vertex 39.4093 3.88148 15.45
      vertex 39.5647 0.717705 13.6677
      vertex 39.5639 0.735588 13.5963
    endloop
  endfacet
  facet normal 0.998768 0.0496125 -0.000984231
    outer loop
      vertex 39.4093 3.88148 15.45
      vertex 39.566 0.692909 13.737
      vertex 39.5647 0.717705 13.6677
    endloop
  endfacet
  facet normal 0.998809 0.0487868 0.000556517
    outer loop
      vertex 39.4093 3.88148 15.45
      vertex 39.5675 0.661441 13.8035
      vertex 39.566 0.692909 13.737
    endloop
  endfacet
  facet normal 0.998783 0.0493235 -0.000495785
    outer loop
      vertex 39.4093 3.88148 15.45
      vertex 39.5694 0.623602 13.8667
      vertex 39.5675 0.661441 13.8035
    endloop
  endfacet
  facet normal 0.998811 0.0487544 0.000678233
    outer loop
      vertex 39.4093 3.88148 15.45
      vertex 39.5715 0.579758 13.9258
      vertex 39.5694 0.623602 13.8667
    endloop
  endfacet
  facet normal 0.998804 0.048899 0.000364215
    outer loop
      vertex 39.4093 3.88148 15.45
      vertex 39.5739 0.53033 13.9803
      vertex 39.5715 0.579758 13.9258
    endloop
  endfacet
  facet normal 0.998795 0.0490716 -3.02368e-05
    outer loop
      vertex 39.6 0 15.45
      vertex 39.5739 0.53033 13.9803
      vertex 39.4093 3.88148 15.45
    endloop
  endfacet
  facet normal 0.99877 0.049592 0.000158019
    outer loop
      vertex 39.5739 0.53033 13.9803
      vertex 39.6 0 15.45
      vertex 39.5766 0.475795 14.0298
    endloop
  endfacet
  facet normal 0.998801 0.0489539 -5.62652e-05
    outer loop
      vertex 39.5766 0.475795 14.0298
      vertex 39.6 0 15.45
      vertex 39.5795 0.416677 14.0736
    endloop
  endfacet
  facet normal 0.998798 0.0490252 -3.46257e-05
    outer loop
      vertex 39.5795 0.416677 14.0736
      vertex 39.6 0 15.45
      vertex 39.5826 0.353547 14.1114
    endloop
  endfacet
  facet normal 0.99877 0.0495915 0.000115301
    outer loop
      vertex 39.5826 0.353547 14.1114
      vertex 39.6 0 15.45
      vertex 39.5859 0.287012 14.1429
    endloop
  endfacet
  facet normal 0.998799 0.0489984 -1.52591e-05
    outer loop
      vertex 39.5859 0.287012 14.1429
      vertex 39.6 0 15.45
      vertex 39.5893 0.217713 14.1677
    endloop
  endfacet
  facet normal 0.998801 0.048958 -2.21253e-05
    outer loop
      vertex 39.5893 0.217713 14.1677
      vertex 39.6 0 15.45
      vertex 39.5928 0.146317 14.1856
    endloop
  endfacet
  facet normal 0.99878 0.049391 2.81054e-05
    outer loop
      vertex 39.5928 0.146317 14.1856
      vertex 39.6 0 15.45
      vertex 39.5964 0.0735121 14.1964
    endloop
  endfacet
  facet normal 0.998803 0.0489129 0
    outer loop
      vertex 39.5964 0.0735121 14.1964
      vertex 39.6 0 15.45
      vertex 39.6 0 14.2
    endloop
  endfacet
  facet normal 0.998829 0.0483647 0.00105713
    outer loop
      vertex 39.5639 0.735588 13.3037
      vertex 39.4093 3.88148 15.45
      vertex 39.5633 0.746388 13.3765
    endloop
  endfacet
  facet normal 0.998749 0.0499894 -0.00132998
    outer loop
      vertex 39.5647 0.717705 13.2323
      vertex 39.4093 3.88148 15.45
      vertex 39.5639 0.735588 13.3037
    endloop
  endfacet
  facet normal 0.998848 0.0479554 0.00157866
    outer loop
      vertex 39.566 0.692909 13.163
      vertex 39.4093 3.88148 15.45
      vertex 39.5647 0.717705 13.2323
    endloop
  endfacet
  facet normal 0.998757 0.049841 -0.00105656
    outer loop
      vertex 39.5675 0.661441 13.0965
      vertex 39.4093 3.88148 15.45
      vertex 39.566 0.692909 13.163
    endloop
  endfacet
  facet normal 0.998795 0.0490707 0
    outer loop
      vertex 39.4093 3.88148 15.45
      vertex 39.5675 0.661441 13.0965
      vertex 39.4093 3.88148 7
    endloop
  endfacet
  facet normal 0.998767 0.0496439 0.00030351
    outer loop
      vertex 39.5694 0.623602 13.0333
      vertex 39.4093 3.88148 7
      vertex 39.5675 0.661441 13.0965
    endloop
  endfacet
  facet normal 0.99883 0.048365 -0.000388725
    outer loop
      vertex 39.5715 0.579758 12.9742
      vertex 39.4093 3.88148 7
      vertex 39.5694 0.623602 13.0333
    endloop
  endfacet
  facet normal 0.998813 0.0487136 -0.000195646
    outer loop
      vertex 39.5739 0.53033 12.9197
      vertex 39.4093 3.88148 7
      vertex 39.5715 0.579758 12.9742
    endloop
  endfacet
  facet normal 0.998783 0.0493163 0.000146419
    outer loop
      vertex 39.5766 0.475795 12.8702
      vertex 39.4093 3.88148 7
      vertex 39.5739 0.53033 12.9197
    endloop
  endfacet
  facet normal 0.998798 0.0490163 -2.80895e-05
    outer loop
      vertex 39.5795 0.416677 12.8264
      vertex 39.4093 3.88148 7
      vertex 39.5766 0.475795 12.8702
    endloop
  endfacet
  facet normal 0.998796 0.0490505 -7.68275e-06
    outer loop
      vertex 39.5826 0.353547 12.7886
      vertex 39.4093 3.88148 7
      vertex 39.5795 0.416677 12.8264
    endloop
  endfacet
  facet normal 0.998772 0.0495484 -2.40237e-05
    outer loop
      vertex 39.6 0 7
      vertex 39.5826 0.353547 12.7886
      vertex 39.5859 0.287012 12.7571
    endloop
  endfacet
  facet normal 0.998799 0.0490027 3.2502e-06
    outer loop
      vertex 39.6 0 7
      vertex 39.5859 0.287012 12.7571
      vertex 39.5893 0.217713 12.7323
    endloop
  endfacet
  facet normal 0.998801 0.0489624 4.78424e-06
    outer loop
      vertex 39.6 0 7
      vertex 39.5893 0.217713 12.7323
      vertex 39.5928 0.146317 12.7144
    endloop
  endfacet
  facet normal 0.99878 0.0493878 -6.1353e-06
    outer loop
      vertex 39.6 0 7
      vertex 39.5928 0.146317 12.7144
      vertex 39.5964 0.0735121 12.7036
    endloop
  endfacet
  facet normal 0.998803 0.0489129 -0
    outer loop
      vertex 39.6 0 7
      vertex 39.5964 0.0735121 12.7036
      vertex 39.6 0 12.7
    endloop
  endfacet
  facet normal 0.998795 0.0490716 5.17168e-06
    outer loop
      vertex 39.5826 0.353547 12.7886
      vertex 39.6 0 7
      vertex 39.4093 3.88148 7
    endloop
  endfacet
  facet normal 0.998795 0.0490707 0
    outer loop
      vertex 39.5675 0.661441 40.9035
      vertex 39.4093 3.88148 38.55
      vertex 39.4093 3.88148 47
    endloop
  endfacet
  facet normal 0.99876 0.0497797 0.00108746
    outer loop
      vertex 39.4093 3.88148 38.55
      vertex 39.5633 0.746388 40.6235
      vertex 39.5632 0.75 40.55
    endloop
  endfacet
  facet normal 0.998829 0.0483647 -0.00105713
    outer loop
      vertex 39.4093 3.88148 38.55
      vertex 39.5639 0.735588 40.6963
      vertex 39.5633 0.746388 40.6235
    endloop
  endfacet
  facet normal 0.998749 0.0499894 0.00132998
    outer loop
      vertex 39.4093 3.88148 38.55
      vertex 39.5647 0.717705 40.7677
      vertex 39.5639 0.735588 40.6963
    endloop
  endfacet
  facet normal 0.998848 0.0479554 -0.00157866
    outer loop
      vertex 39.4093 3.88148 38.55
      vertex 39.566 0.692909 40.837
      vertex 39.5647 0.717705 40.7677
    endloop
  endfacet
  facet normal 0.998757 0.049841 0.00105656
    outer loop
      vertex 39.4093 3.88148 38.55
      vertex 39.5675 0.661441 40.9035
      vertex 39.566 0.692909 40.837
    endloop
  endfacet
  facet normal 0.998767 0.0496439 -0.00030351
    outer loop
      vertex 39.4093 3.88148 47
      vertex 39.5694 0.623602 40.9667
      vertex 39.5675 0.661441 40.9035
    endloop
  endfacet
  facet normal 0.99883 0.048365 0.000388725
    outer loop
      vertex 39.4093 3.88148 47
      vertex 39.5715 0.579758 41.0258
      vertex 39.5694 0.623602 40.9667
    endloop
  endfacet
  facet normal 0.998813 0.0487136 0.000195646
    outer loop
      vertex 39.4093 3.88148 47
      vertex 39.5739 0.53033 41.0803
      vertex 39.5715 0.579758 41.0258
    endloop
  endfacet
  facet normal 0.998783 0.0493163 -0.000146419
    outer loop
      vertex 39.4093 3.88148 47
      vertex 39.5766 0.475795 41.1298
      vertex 39.5739 0.53033 41.0803
    endloop
  endfacet
  facet normal 0.998798 0.0490163 2.80895e-05
    outer loop
      vertex 39.4093 3.88148 47
      vertex 39.5795 0.416677 41.1736
      vertex 39.5766 0.475795 41.1298
    endloop
  endfacet
  facet normal 0.998796 0.0490505 7.68275e-06
    outer loop
      vertex 39.4093 3.88148 47
      vertex 39.5826 0.353547 41.2114
      vertex 39.5795 0.416677 41.1736
    endloop
  endfacet
  facet normal 0.998795 0.0490716 -5.17168e-06
    outer loop
      vertex 39.6 0 47
      vertex 39.5826 0.353547 41.2114
      vertex 39.4093 3.88148 47
    endloop
  endfacet
  facet normal 0.998772 0.0495484 2.40237e-05
    outer loop
      vertex 39.5826 0.353547 41.2114
      vertex 39.6 0 47
      vertex 39.5859 0.287012 41.2429
    endloop
  endfacet
  facet normal 0.998799 0.0490027 -3.2502e-06
    outer loop
      vertex 39.5859 0.287012 41.2429
      vertex 39.6 0 47
      vertex 39.5893 0.217713 41.2677
    endloop
  endfacet
  facet normal 0.998801 0.0489624 -4.78424e-06
    outer loop
      vertex 39.5893 0.217713 41.2677
      vertex 39.6 0 47
      vertex 39.5928 0.146317 41.2856
    endloop
  endfacet
  facet normal 0.99878 0.0493878 6.1353e-06
    outer loop
      vertex 39.5928 0.146317 41.2856
      vertex 39.6 0 47
      vertex 39.5964 0.0735121 41.2964
    endloop
  endfacet
  facet normal 0.998803 0.0489129 0
    outer loop
      vertex 39.5964 0.0735121 41.2964
      vertex 39.6 0 47
      vertex 39.6 0 41.3
    endloop
  endfacet
  facet normal 0.998826 0.0484361 -0.00102134
    outer loop
      vertex 39.5633 0.746388 40.4765
      vertex 39.4093 3.88148 38.55
      vertex 39.5632 0.75 40.55
    endloop
  endfacet
  facet normal 0.998769 0.0495978 0.0008737
    outer loop
      vertex 39.5639 0.735588 40.4037
      vertex 39.4093 3.88148 38.55
      vertex 39.5633 0.746388 40.4765
    endloop
  endfacet
  facet normal 0.998822 0.0485193 -0.000960971
    outer loop
      vertex 39.5647 0.717705 40.3323
      vertex 39.4093 3.88148 38.55
      vertex 39.5639 0.735588 40.4037
    endloop
  endfacet
  facet normal 0.998768 0.0496125 0.000984231
    outer loop
      vertex 39.566 0.692909 40.263
      vertex 39.4093 3.88148 38.55
      vertex 39.5647 0.717705 40.3323
    endloop
  endfacet
  facet normal 0.998809 0.0487868 -0.000556517
    outer loop
      vertex 39.5675 0.661441 40.1965
      vertex 39.4093 3.88148 38.55
      vertex 39.566 0.692909 40.263
    endloop
  endfacet
  facet normal 0.998783 0.0493235 0.000495785
    outer loop
      vertex 39.5694 0.623602 40.1333
      vertex 39.4093 3.88148 38.55
      vertex 39.5675 0.661441 40.1965
    endloop
  endfacet
  facet normal 0.998811 0.0487544 -0.000678233
    outer loop
      vertex 39.5715 0.579758 40.0742
      vertex 39.4093 3.88148 38.55
      vertex 39.5694 0.623602 40.1333
    endloop
  endfacet
  facet normal 0.998804 0.048899 -0.000364215
    outer loop
      vertex 39.5739 0.53033 40.0197
      vertex 39.4093 3.88148 38.55
      vertex 39.5715 0.579758 40.0742
    endloop
  endfacet
  facet normal 0.99877 0.049592 -0.000158019
    outer loop
      vertex 39.6 0 38.55
      vertex 39.5739 0.53033 40.0197
      vertex 39.5766 0.475795 39.9702
    endloop
  endfacet
  facet normal 0.998801 0.0489539 5.62652e-05
    outer loop
      vertex 39.6 0 38.55
      vertex 39.5766 0.475795 39.9702
      vertex 39.5795 0.416677 39.9264
    endloop
  endfacet
  facet normal 0.998798 0.0490252 3.46257e-05
    outer loop
      vertex 39.6 0 38.55
      vertex 39.5795 0.416677 39.9264
      vertex 39.5826 0.353547 39.8886
    endloop
  endfacet
  facet normal 0.99877 0.0495915 -0.000115301
    outer loop
      vertex 39.6 0 38.55
      vertex 39.5826 0.353547 39.8886
      vertex 39.5859 0.287012 39.8571
    endloop
  endfacet
  facet normal 0.998799 0.0489984 1.52591e-05
    outer loop
      vertex 39.6 0 38.55
      vertex 39.5859 0.287012 39.8571
      vertex 39.5893 0.217713 39.8323
    endloop
  endfacet
  facet normal 0.998801 0.048958 2.21253e-05
    outer loop
      vertex 39.6 0 38.55
      vertex 39.5893 0.217713 39.8323
      vertex 39.5928 0.146317 39.8144
    endloop
  endfacet
  facet normal 0.99878 0.049391 -2.81054e-05
    outer loop
      vertex 39.6 0 38.55
      vertex 39.5928 0.146317 39.8144
      vertex 39.5964 0.0735121 39.8036
    endloop
  endfacet
  facet normal 0.998803 0.0489129 -0
    outer loop
      vertex 39.6 0 38.55
      vertex 39.5964 0.0735121 39.8036
      vertex 39.6 0 39.8
    endloop
  endfacet
  facet normal 0.998795 0.0490716 3.02368e-05
    outer loop
      vertex 39.5739 0.53033 40.0197
      vertex 39.6 0 38.55
      vertex 39.4093 3.88148 38.55
    endloop
  endfacet
  facet normal 0.970029 0.242988 0
    outer loop
      vertex 38.8391 7.72558 47
      vertex 37.8948 11.4953 7
      vertex 37.8948 11.4953 47
    endloop
  endfacet
  facet normal 0.970029 0.242988 0
    outer loop
      vertex 37.8948 11.4953 7
      vertex 38.8391 7.72558 47
      vertex 38.8391 7.72558 7
    endloop
  endfacet
  facet normal 0.998803 -0.0489129 0
    outer loop
      vertex 39.6 0 15.45
      vertex 39.5964 -0.0735121 14.1964
      vertex 39.6 0 14.2
    endloop
  endfacet
  facet normal 0.99878 -0.049391 2.81054e-05
    outer loop
      vertex 39.6 0 15.45
      vertex 39.5928 -0.146317 14.1856
      vertex 39.5964 -0.0735121 14.1964
    endloop
  endfacet
  facet normal 0.998801 -0.048958 -2.21253e-05
    outer loop
      vertex 39.6 0 15.45
      vertex 39.5893 -0.217713 14.1677
      vertex 39.5928 -0.146317 14.1856
    endloop
  endfacet
  facet normal 0.998799 -0.0489984 -1.52591e-05
    outer loop
      vertex 39.6 0 15.45
      vertex 39.5859 -0.287012 14.1429
      vertex 39.5893 -0.217713 14.1677
    endloop
  endfacet
  facet normal 0.99877 -0.0495915 0.000115301
    outer loop
      vertex 39.6 0 15.45
      vertex 39.5826 -0.353547 14.1114
      vertex 39.5859 -0.287012 14.1429
    endloop
  endfacet
  facet normal 0.998798 -0.0490252 -3.46257e-05
    outer loop
      vertex 39.6 0 15.45
      vertex 39.5795 -0.416677 14.0736
      vertex 39.5826 -0.353547 14.1114
    endloop
  endfacet
  facet normal 0.998801 -0.0489539 -5.62652e-05
    outer loop
      vertex 39.6 0 15.45
      vertex 39.5766 -0.475795 14.0298
      vertex 39.5795 -0.416677 14.0736
    endloop
  endfacet
  facet normal 0.99877 -0.049592 0.000158019
    outer loop
      vertex 39.6 0 15.45
      vertex 39.5739 -0.53033 13.9803
      vertex 39.5766 -0.475795 14.0298
    endloop
  endfacet
  facet normal 0.998795 -0.0490716 -3.02368e-05
    outer loop
      vertex 39.4093 -3.88148 15.45
      vertex 39.5739 -0.53033 13.9803
      vertex 39.6 0 15.45
    endloop
  endfacet
  facet normal 0.998804 -0.048899 0.000364215
    outer loop
      vertex 39.5739 -0.53033 13.9803
      vertex 39.4093 -3.88148 15.45
      vertex 39.5715 -0.579758 13.9258
    endloop
  endfacet
  facet normal 0.998811 -0.0487544 0.000678233
    outer loop
      vertex 39.5715 -0.579758 13.9258
      vertex 39.4093 -3.88148 15.45
      vertex 39.5694 -0.623602 13.8667
    endloop
  endfacet
  facet normal 0.998783 -0.0493235 -0.000495785
    outer loop
      vertex 39.5694 -0.623602 13.8667
      vertex 39.4093 -3.88148 15.45
      vertex 39.5675 -0.661441 13.8035
    endloop
  endfacet
  facet normal 0.998826 -0.0484361 0.00102134
    outer loop
      vertex 39.5633 -0.746388 13.5235
      vertex 39.4093 -3.88148 15.45
      vertex 39.5632 -0.75 13.45
    endloop
  endfacet
  facet normal 0.998769 -0.0495978 -0.0008737
    outer loop
      vertex 39.5639 -0.735588 13.5963
      vertex 39.4093 -3.88148 15.45
      vertex 39.5633 -0.746388 13.5235
    endloop
  endfacet
  facet normal 0.998822 -0.0485193 0.000960971
    outer loop
      vertex 39.5647 -0.717705 13.6677
      vertex 39.4093 -3.88148 15.45
      vertex 39.5639 -0.735588 13.5963
    endloop
  endfacet
  facet normal 0.998768 -0.0496125 -0.000984231
    outer loop
      vertex 39.566 -0.692909 13.737
      vertex 39.4093 -3.88148 15.45
      vertex 39.5647 -0.717705 13.6677
    endloop
  endfacet
  facet normal 0.998809 -0.0487868 0.000556517
    outer loop
      vertex 39.5675 -0.661441 13.8035
      vertex 39.4093 -3.88148 15.45
      vertex 39.566 -0.692909 13.737
    endloop
  endfacet
  facet normal 0.998803 -0.0489129 0
    outer loop
      vertex 39.5964 -0.0735121 12.7036
      vertex 39.6 0 7
      vertex 39.6 0 12.7
    endloop
  endfacet
  facet normal 0.99878 -0.0493878 -6.1353e-06
    outer loop
      vertex 39.5928 -0.146317 12.7144
      vertex 39.6 0 7
      vertex 39.5964 -0.0735121 12.7036
    endloop
  endfacet
  facet normal 0.998801 -0.0489624 4.78424e-06
    outer loop
      vertex 39.5893 -0.217713 12.7323
      vertex 39.6 0 7
      vertex 39.5928 -0.146317 12.7144
    endloop
  endfacet
  facet normal 0.998799 -0.0490027 3.2502e-06
    outer loop
      vertex 39.5859 -0.287012 12.7571
      vertex 39.6 0 7
      vertex 39.5893 -0.217713 12.7323
    endloop
  endfacet
  facet normal 0.998772 -0.0495484 -2.40237e-05
    outer loop
      vertex 39.5826 -0.353547 12.7886
      vertex 39.6 0 7
      vertex 39.5859 -0.287012 12.7571
    endloop
  endfacet
  facet normal 0.998796 -0.0490505 -7.68275e-06
    outer loop
      vertex 39.4093 -3.88148 7
      vertex 39.5826 -0.353547 12.7886
      vertex 39.5795 -0.416677 12.8264
    endloop
  endfacet
  facet normal 0.998798 -0.0490163 -2.80895e-05
    outer loop
      vertex 39.4093 -3.88148 7
      vertex 39.5795 -0.416677 12.8264
      vertex 39.5766 -0.475795 12.8702
    endloop
  endfacet
  facet normal 0.998783 -0.0493163 0.000146419
    outer loop
      vertex 39.4093 -3.88148 7
      vertex 39.5766 -0.475795 12.8702
      vertex 39.5739 -0.53033 12.9197
    endloop
  endfacet
  facet normal 0.998813 -0.0487136 -0.000195646
    outer loop
      vertex 39.4093 -3.88148 7
      vertex 39.5739 -0.53033 12.9197
      vertex 39.5715 -0.579758 12.9742
    endloop
  endfacet
  facet normal 0.99883 -0.048365 -0.000388725
    outer loop
      vertex 39.4093 -3.88148 7
      vertex 39.5715 -0.579758 12.9742
      vertex 39.5694 -0.623602 13.0333
    endloop
  endfacet
  facet normal 0.998767 -0.0496439 0.00030351
    outer loop
      vertex 39.4093 -3.88148 7
      vertex 39.5694 -0.623602 13.0333
      vertex 39.5675 -0.661441 13.0965
    endloop
  endfacet
  facet normal 0.998757 -0.049841 -0.00105656
    outer loop
      vertex 39.4093 -3.88148 15.45
      vertex 39.5675 -0.661441 13.0965
      vertex 39.566 -0.692909 13.163
    endloop
  endfacet
  facet normal 0.998848 -0.0479554 0.00157866
    outer loop
      vertex 39.4093 -3.88148 15.45
      vertex 39.566 -0.692909 13.163
      vertex 39.5647 -0.717705 13.2323
    endloop
  endfacet
  facet normal 0.998749 -0.0499894 -0.00132998
    outer loop
      vertex 39.4093 -3.88148 15.45
      vertex 39.5647 -0.717705 13.2323
      vertex 39.5639 -0.735588 13.3037
    endloop
  endfacet
  facet normal 0.998829 -0.0483647 0.00105713
    outer loop
      vertex 39.4093 -3.88148 15.45
      vertex 39.5639 -0.735588 13.3037
      vertex 39.5633 -0.746388 13.3765
    endloop
  endfacet
  facet normal 0.99876 -0.0497797 -0.00108746
    outer loop
      vertex 39.4093 -3.88148 15.45
      vertex 39.5633 -0.746388 13.3765
      vertex 39.5632 -0.75 13.45
    endloop
  endfacet
  facet normal 0.998795 -0.0490707 0
    outer loop
      vertex 39.5675 -0.661441 13.0965
      vertex 39.4093 -3.88148 15.45
      vertex 39.4093 -3.88148 7
    endloop
  endfacet
  facet normal 0.998795 -0.0490716 5.17168e-06
    outer loop
      vertex 39.5826 -0.353547 12.7886
      vertex 39.4093 -3.88148 7
      vertex 39.6 0 7
    endloop
  endfacet
  facet normal 0.998803 -0.0489129 0
    outer loop
      vertex 39.6 0 47
      vertex 39.5964 -0.0735121 41.2964
      vertex 39.6 0 41.3
    endloop
  endfacet
  facet normal 0.99878 -0.0493878 6.1353e-06
    outer loop
      vertex 39.6 0 47
      vertex 39.5928 -0.146317 41.2856
      vertex 39.5964 -0.0735121 41.2964
    endloop
  endfacet
  facet normal 0.998801 -0.0489624 -4.78424e-06
    outer loop
      vertex 39.6 0 47
      vertex 39.5893 -0.217713 41.2677
      vertex 39.5928 -0.146317 41.2856
    endloop
  endfacet
  facet normal 0.998799 -0.0490027 -3.2502e-06
    outer loop
      vertex 39.6 0 47
      vertex 39.5859 -0.287012 41.2429
      vertex 39.5893 -0.217713 41.2677
    endloop
  endfacet
  facet normal 0.998772 -0.0495484 2.40237e-05
    outer loop
      vertex 39.6 0 47
      vertex 39.5826 -0.353547 41.2114
      vertex 39.5859 -0.287012 41.2429
    endloop
  endfacet
  facet normal 0.998795 -0.0490716 -5.17168e-06
    outer loop
      vertex 39.4093 -3.88148 47
      vertex 39.5826 -0.353547 41.2114
      vertex 39.6 0 47
    endloop
  endfacet
  facet normal 0.998796 -0.0490505 7.68275e-06
    outer loop
      vertex 39.5826 -0.353547 41.2114
      vertex 39.4093 -3.88148 47
      vertex 39.5795 -0.416677 41.1736
    endloop
  endfacet
  facet normal 0.998798 -0.0490163 2.80895e-05
    outer loop
      vertex 39.5795 -0.416677 41.1736
      vertex 39.4093 -3.88148 47
      vertex 39.5766 -0.475795 41.1298
    endloop
  endfacet
  facet normal 0.998783 -0.0493163 -0.000146419
    outer loop
      vertex 39.5766 -0.475795 41.1298
      vertex 39.4093 -3.88148 47
      vertex 39.5739 -0.53033 41.0803
    endloop
  endfacet
  facet normal 0.998813 -0.0487136 0.000195646
    outer loop
      vertex 39.5739 -0.53033 41.0803
      vertex 39.4093 -3.88148 47
      vertex 39.5715 -0.579758 41.0258
    endloop
  endfacet
  facet normal 0.99883 -0.048365 0.000388725
    outer loop
      vertex 39.5715 -0.579758 41.0258
      vertex 39.4093 -3.88148 47
      vertex 39.5694 -0.623602 40.9667
    endloop
  endfacet
  facet normal 0.998767 -0.0496439 -0.00030351
    outer loop
      vertex 39.5694 -0.623602 40.9667
      vertex 39.4093 -3.88148 47
      vertex 39.5675 -0.661441 40.9035
    endloop
  endfacet
  facet normal 0.998795 -0.0490707 0
    outer loop
      vertex 39.4093 -3.88148 38.55
      vertex 39.5675 -0.661441 40.9035
      vertex 39.4093 -3.88148 47
    endloop
  endfacet
  facet normal 0.998757 -0.049841 0.00105656
    outer loop
      vertex 39.5675 -0.661441 40.9035
      vertex 39.4093 -3.88148 38.55
      vertex 39.566 -0.692909 40.837
    endloop
  endfacet
  facet normal 0.998848 -0.0479554 -0.00157866
    outer loop
      vertex 39.566 -0.692909 40.837
      vertex 39.4093 -3.88148 38.55
      vertex 39.5647 -0.717705 40.7677
    endloop
  endfacet
  facet normal 0.998829 -0.0483647 -0.00105713
    outer loop
      vertex 39.5639 -0.735588 40.6963
      vertex 39.4093 -3.88148 38.55
      vertex 39.5633 -0.746388 40.6235
    endloop
  endfacet
  facet normal 0.998749 -0.0499894 0.00132998
    outer loop
      vertex 39.5647 -0.717705 40.7677
      vertex 39.4093 -3.88148 38.55
      vertex 39.5639 -0.735588 40.6963
    endloop
  endfacet
  facet normal 0.998803 -0.0489129 0
    outer loop
      vertex 39.5964 -0.0735121 39.8036
      vertex 39.6 0 38.55
      vertex 39.6 0 39.8
    endloop
  endfacet
  facet normal 0.99878 -0.049391 -2.81054e-05
    outer loop
      vertex 39.5928 -0.146317 39.8144
      vertex 39.6 0 38.55
      vertex 39.5964 -0.0735121 39.8036
    endloop
  endfacet
  facet normal 0.998801 -0.048958 2.21253e-05
    outer loop
      vertex 39.5893 -0.217713 39.8323
      vertex 39.6 0 38.55
      vertex 39.5928 -0.146317 39.8144
    endloop
  endfacet
  facet normal 0.998799 -0.0489984 1.52591e-05
    outer loop
      vertex 39.5859 -0.287012 39.8571
      vertex 39.6 0 38.55
      vertex 39.5893 -0.217713 39.8323
    endloop
  endfacet
  facet normal 0.99877 -0.0495915 -0.000115301
    outer loop
      vertex 39.5826 -0.353547 39.8886
      vertex 39.6 0 38.55
      vertex 39.5859 -0.287012 39.8571
    endloop
  endfacet
  facet normal 0.998798 -0.0490252 3.46257e-05
    outer loop
      vertex 39.5795 -0.416677 39.9264
      vertex 39.6 0 38.55
      vertex 39.5826 -0.353547 39.8886
    endloop
  endfacet
  facet normal 0.998801 -0.0489539 5.62652e-05
    outer loop
      vertex 39.5766 -0.475795 39.9702
      vertex 39.6 0 38.55
      vertex 39.5795 -0.416677 39.9264
    endloop
  endfacet
  facet normal 0.99877 -0.049592 -0.000158019
    outer loop
      vertex 39.5739 -0.53033 40.0197
      vertex 39.6 0 38.55
      vertex 39.5766 -0.475795 39.9702
    endloop
  endfacet
  facet normal 0.998804 -0.048899 -0.000364215
    outer loop
      vertex 39.4093 -3.88148 38.55
      vertex 39.5739 -0.53033 40.0197
      vertex 39.5715 -0.579758 40.0742
    endloop
  endfacet
  facet normal 0.998811 -0.0487544 -0.000678233
    outer loop
      vertex 39.4093 -3.88148 38.55
      vertex 39.5715 -0.579758 40.0742
      vertex 39.5694 -0.623602 40.1333
    endloop
  endfacet
  facet normal 0.998783 -0.0493235 0.000495785
    outer loop
      vertex 39.4093 -3.88148 38.55
      vertex 39.5694 -0.623602 40.1333
      vertex 39.5675 -0.661441 40.1965
    endloop
  endfacet
  facet normal 0.998809 -0.0487868 -0.000556517
    outer loop
      vertex 39.4093 -3.88148 38.55
      vertex 39.5675 -0.661441 40.1965
      vertex 39.566 -0.692909 40.263
    endloop
  endfacet
  facet normal 0.99876 -0.0497797 0.00108746
    outer loop
      vertex 39.5633 -0.746388 40.6235
      vertex 39.4093 -3.88148 38.55
      vertex 39.5632 -0.75 40.55
    endloop
  endfacet
  facet normal 0.998826 -0.0484361 -0.00102134
    outer loop
      vertex 39.5632 -0.75 40.55
      vertex 39.4093 -3.88148 38.55
      vertex 39.5633 -0.746388 40.4765
    endloop
  endfacet
  facet normal 0.998769 -0.0495978 0.0008737
    outer loop
      vertex 39.5633 -0.746388 40.4765
      vertex 39.4093 -3.88148 38.55
      vertex 39.5639 -0.735588 40.4037
    endloop
  endfacet
  facet normal 0.998822 -0.0485193 -0.000960971
    outer loop
      vertex 39.5639 -0.735588 40.4037
      vertex 39.4093 -3.88148 38.55
      vertex 39.5647 -0.717705 40.3323
    endloop
  endfacet
  facet normal 0.998768 -0.0496125 0.000984231
    outer loop
      vertex 39.5647 -0.717705 40.3323
      vertex 39.4093 -3.88148 38.55
      vertex 39.566 -0.692909 40.263
    endloop
  endfacet
  facet normal 0.998795 -0.0490716 3.02368e-05
    outer loop
      vertex 39.5739 -0.53033 40.0197
      vertex 39.4093 -3.88148 38.55
      vertex 39.6 0 38.55
    endloop
  endfacet
  facet normal -0.336887 0.941545 0
    outer loop
      vertex -11.4953 37.8948 7
      vertex -15.1543 36.5856 47
      vertex -11.4953 37.8948 47
    endloop
  endfacet
  facet normal -0.336887 0.941545 0
    outer loop
      vertex -15.1543 36.5856 47
      vertex -11.4953 37.8948 7
      vertex -15.1543 36.5856 7
    endloop
  endfacet
  facet normal 0.941545 -0.336887 0
    outer loop
      vertex 36.5856 -15.1543 47
      vertex 37.8948 -11.4953 7
      vertex 37.8948 -11.4953 47
    endloop
  endfacet
  facet normal 0.941545 -0.336887 0
    outer loop
      vertex 37.8948 -11.4953 7
      vertex 36.5856 -15.1543 47
      vertex 36.5856 -15.1543 7
    endloop
  endfacet
  facet normal 0.671568 -0.740943 0
    outer loop
      vertex 25.122 -30.6112 7
      vertex 28.0014 -28.0014 47
      vertex 25.122 -30.6112 47
    endloop
  endfacet
  facet normal 0.671568 -0.740943 0
    outer loop
      vertex 28.0014 -28.0014 47
      vertex 25.122 -30.6112 7
      vertex 28.0014 -28.0014 7
    endloop
  endfacet
  facet normal 0.336887 0.941545 -0
    outer loop
      vertex 15.1543 36.5856 7
      vertex 11.4953 37.8948 47
      vertex 15.1543 36.5856 47
    endloop
  endfacet
  facet normal 0.336887 0.941545 0
    outer loop
      vertex 11.4953 37.8948 47
      vertex 15.1543 36.5856 7
      vertex 11.4953 37.8948 7
    endloop
  endfacet
  facet normal 0.803206 0.595701 0
    outer loop
      vertex 32.9262 22.0006 47
      vertex 30.6112 25.122 7
      vertex 30.6112 25.122 47
    endloop
  endfacet
  facet normal 0.803206 0.595701 0
    outer loop
      vertex 30.6112 25.122 7
      vertex 32.9262 22.0006 47
      vertex 32.9262 22.0006 7
    endloop
  endfacet
  facet normal 0.514102 0.857729 -0
    outer loop
      vertex 22.0006 32.9262 7
      vertex 18.6673 34.9241 47
      vertex 22.0006 32.9262 47
    endloop
  endfacet
  facet normal 0.514102 0.857729 0
    outer loop
      vertex 18.6673 34.9241 47
      vertex 22.0006 32.9262 7
      vertex 18.6673 34.9241 7
    endloop
  endfacet
  facet normal -0.146726 -0.989177 2.90285e-06
    outer loop
      vertex -7.72558 -38.8391 47
      vertex -6.55 -39.0135 38.55
      vertex -3.88148 -39.4093 47
    endloop
  endfacet
  facet normal -0.146746 -0.989174 0
    outer loop
      vertex -7.72558 -38.8391 47
      vertex -6.55 -39.0135 15.45
      vertex -6.55 -39.0135 38.55
    endloop
  endfacet
  facet normal -0.146746 -0.989174 0
    outer loop
      vertex -7.72558 -38.8391 7
      vertex -6.55 -39.0135 15.45
      vertex -7.72558 -38.8391 47
    endloop
  endfacet
  facet normal -0.146726 -0.989177 -2.90285e-06
    outer loop
      vertex -3.88148 -39.4093 7
      vertex -6.55 -39.0135 15.45
      vertex -7.72558 -38.8391 7
    endloop
  endfacet
  facet normal -0.146717 -0.989179 0
    outer loop
      vertex -6.55 -39.0135 15.45
      vertex -3.88148 -39.4093 7
      vertex -3.88148 -39.4093 15.45
    endloop
  endfacet
  facet normal -0.146717 -0.989179 -0
    outer loop
      vertex -3.88148 -39.4093 47
      vertex -6.55 -39.0135 38.55
      vertex -3.88148 -39.4093 38.55
    endloop
  endfacet
  facet normal 0.740943 -0.671568 0
    outer loop
      vertex 28.0014 -28.0014 47
      vertex 30.6112 -25.122 7
      vertex 30.6112 -25.122 47
    endloop
  endfacet
  facet normal 0.740943 -0.671568 0
    outer loop
      vertex 30.6112 -25.122 7
      vertex 28.0014 -28.0014 47
      vertex 28.0014 -28.0014 7
    endloop
  endfacet
  facet normal -0.242988 0.970029 0
    outer loop
      vertex -7.72558 38.8391 7
      vertex -11.4953 37.8948 47
      vertex -7.72558 38.8391 47
    endloop
  endfacet
  facet normal -0.242988 0.970029 0
    outer loop
      vertex -11.4953 37.8948 47
      vertex -7.72558 38.8391 7
      vertex -11.4953 37.8948 7
    endloop
  endfacet
  facet normal -0.42755 0.903992 0
    outer loop
      vertex -15.1543 36.5856 7
      vertex -18.6673 34.9241 47
      vertex -15.1543 36.5856 47
    endloop
  endfacet
  facet normal -0.42755 0.903992 0
    outer loop
      vertex -18.6673 34.9241 47
      vertex -15.1543 36.5856 7
      vertex -18.6673 34.9241 7
    endloop
  endfacet
  facet normal 0.903992 -0.42755 0
    outer loop
      vertex 34.9241 -18.6673 47
      vertex 36.5856 -15.1543 7
      vertex 36.5856 -15.1543 47
    endloop
  endfacet
  facet normal 0.903992 -0.42755 0
    outer loop
      vertex 36.5856 -15.1543 7
      vertex 34.9241 -18.6673 47
      vertex 34.9241 -18.6673 7
    endloop
  endfacet
  facet normal -0.803206 -0.595701 0
    outer loop
      vertex -30.6112 -25.122 7
      vertex -32.9262 -22.0006 47
      vertex -32.9262 -22.0006 7
    endloop
  endfacet
  facet normal -0.803206 -0.595701 0
    outer loop
      vertex -32.9262 -22.0006 47
      vertex -30.6112 -25.122 7
      vertex -30.6112 -25.122 47
    endloop
  endfacet
  facet normal 0.989179 -0.146717 0
    outer loop
      vertex 39.4093 -3.88148 47
      vertex 39.0135 -6.55 38.55
      vertex 39.4093 -3.88148 38.55
    endloop
  endfacet
  facet normal 0.989174 -0.146746 0
    outer loop
      vertex 39.0135 -6.55 38.55
      vertex 38.8391 -7.72558 47
      vertex 39.0135 -6.55 15.45
    endloop
  endfacet
  facet normal 0.989177 -0.146726 2.90285e-06
    outer loop
      vertex 38.8391 -7.72558 47
      vertex 39.0135 -6.55 38.55
      vertex 39.4093 -3.88148 47
    endloop
  endfacet
  facet normal 0.989179 -0.146717 0
    outer loop
      vertex 39.0135 -6.55 15.45
      vertex 39.4093 -3.88148 7
      vertex 39.4093 -3.88148 15.45
    endloop
  endfacet
  facet normal 0.989177 -0.146726 -2.90285e-06
    outer loop
      vertex 39.0135 -6.55 15.45
      vertex 38.8391 -7.72558 7
      vertex 39.4093 -3.88148 7
    endloop
  endfacet
  facet normal 0.989174 -0.146746 0
    outer loop
      vertex 38.8391 -7.72558 7
      vertex 39.0135 -6.55 15.45
      vertex 38.8391 -7.72558 47
    endloop
  endfacet
  facet normal -0.514102 -0.857729 0
    outer loop
      vertex -22.0006 -32.9262 7
      vertex -18.6673 -34.9241 47
      vertex -22.0006 -32.9262 47
    endloop
  endfacet
  facet normal -0.514102 -0.857729 -0
    outer loop
      vertex -18.6673 -34.9241 47
      vertex -22.0006 -32.9262 7
      vertex -18.6673 -34.9241 7
    endloop
  endfacet
  facet normal 0.0490716 0.998795 -3.02368e-05
    outer loop
      vertex 0.53033 39.5739 13.9803
      vertex 0 39.6 15.45
      vertex 3.88148 39.4093 15.45
    endloop
  endfacet
  facet normal 0.0489129 0.998803 0
    outer loop
      vertex 0 39.6 15.45
      vertex 0.0735121 39.5964 14.1964
      vertex 0 39.6 14.2
    endloop
  endfacet
  facet normal 0.049391 0.99878 2.81054e-05
    outer loop
      vertex 0 39.6 15.45
      vertex 0.146317 39.5928 14.1856
      vertex 0.0735121 39.5964 14.1964
    endloop
  endfacet
  facet normal 0.048958 0.998801 -2.21253e-05
    outer loop
      vertex 0 39.6 15.45
      vertex 0.217713 39.5893 14.1677
      vertex 0.146317 39.5928 14.1856
    endloop
  endfacet
  facet normal 0.0489984 0.998799 -1.52591e-05
    outer loop
      vertex 0 39.6 15.45
      vertex 0.287012 39.5859 14.1429
      vertex 0.217713 39.5893 14.1677
    endloop
  endfacet
  facet normal 0.0495915 0.99877 0.000115301
    outer loop
      vertex 0 39.6 15.45
      vertex 0.353547 39.5826 14.1114
      vertex 0.287012 39.5859 14.1429
    endloop
  endfacet
  facet normal 0.0490252 0.998798 -3.46257e-05
    outer loop
      vertex 0 39.6 15.45
      vertex 0.416677 39.5795 14.0736
      vertex 0.353547 39.5826 14.1114
    endloop
  endfacet
  facet normal 0.0489539 0.998801 -5.62652e-05
    outer loop
      vertex 0 39.6 15.45
      vertex 0.475795 39.5766 14.0298
      vertex 0.416677 39.5795 14.0736
    endloop
  endfacet
  facet normal 0.049592 0.99877 0.000158019
    outer loop
      vertex 0 39.6 15.45
      vertex 0.53033 39.5739 13.9803
      vertex 0.475795 39.5766 14.0298
    endloop
  endfacet
  facet normal 0.048899 0.998804 0.000364215
    outer loop
      vertex 3.88148 39.4093 15.45
      vertex 0.579758 39.5715 13.9258
      vertex 0.53033 39.5739 13.9803
    endloop
  endfacet
  facet normal 0.0487544 0.998811 0.000678233
    outer loop
      vertex 3.88148 39.4093 15.45
      vertex 0.623602 39.5694 13.8667
      vertex 0.579758 39.5715 13.9258
    endloop
  endfacet
  facet normal 0.0493235 0.998783 -0.000495785
    outer loop
      vertex 3.88148 39.4093 15.45
      vertex 0.661441 39.5675 13.8035
      vertex 0.623602 39.5694 13.8667
    endloop
  endfacet
  facet normal 0.0487868 0.998809 0.000556517
    outer loop
      vertex 3.88148 39.4093 15.45
      vertex 0.692909 39.566 13.737
      vertex 0.661441 39.5675 13.8035
    endloop
  endfacet
  facet normal 0.0496125 0.998768 -0.000984231
    outer loop
      vertex 3.88148 39.4093 15.45
      vertex 0.717705 39.5647 13.6677
      vertex 0.692909 39.566 13.737
    endloop
  endfacet
  facet normal 0.0485193 0.998822 0.000960971
    outer loop
      vertex 3.88148 39.4093 15.45
      vertex 0.735588 39.5639 13.5963
      vertex 0.717705 39.5647 13.6677
    endloop
  endfacet
  facet normal 0.0495978 0.998769 -0.0008737
    outer loop
      vertex 3.88148 39.4093 15.45
      vertex 0.746388 39.5633 13.5235
      vertex 0.735588 39.5639 13.5963
    endloop
  endfacet
  facet normal 0.0484361 0.998826 0.00102134
    outer loop
      vertex 3.88148 39.4093 15.45
      vertex 0.75 39.5632 13.45
      vertex 0.746388 39.5633 13.5235
    endloop
  endfacet
  facet normal 0.0497797 0.99876 -0.00108746
    outer loop
      vertex 3.88148 39.4093 15.45
      vertex 0.746388 39.5633 13.3765
      vertex 0.75 39.5632 13.45
    endloop
  endfacet
  facet normal 0.0483647 0.998829 0.00105713
    outer loop
      vertex 3.88148 39.4093 15.45
      vertex 0.735588 39.5639 13.3037
      vertex 0.746388 39.5633 13.3765
    endloop
  endfacet
  facet normal 0.0499894 0.998749 -0.00132998
    outer loop
      vertex 3.88148 39.4093 15.45
      vertex 0.717705 39.5647 13.2323
      vertex 0.735588 39.5639 13.3037
    endloop
  endfacet
  facet normal 0.0479554 0.998848 0.00157866
    outer loop
      vertex 3.88148 39.4093 15.45
      vertex 0.692909 39.566 13.163
      vertex 0.717705 39.5647 13.2323
    endloop
  endfacet
  facet normal 0.049841 0.998757 -0.00105656
    outer loop
      vertex 3.88148 39.4093 15.45
      vertex 0.661441 39.5675 13.0965
      vertex 0.692909 39.566 13.163
    endloop
  endfacet
  facet normal 0.0490707 0.998795 -0
    outer loop
      vertex 3.88148 39.4093 7
      vertex 0.661441 39.5675 13.0965
      vertex 3.88148 39.4093 15.45
    endloop
  endfacet
  facet normal 0.0496439 0.998767 0.00030351
    outer loop
      vertex 0.661441 39.5675 13.0965
      vertex 3.88148 39.4093 7
      vertex 0.623602 39.5694 13.0333
    endloop
  endfacet
  facet normal 0.048365 0.99883 -0.000388725
    outer loop
      vertex 0.623602 39.5694 13.0333
      vertex 3.88148 39.4093 7
      vertex 0.579758 39.5715 12.9742
    endloop
  endfacet
  facet normal 0.0487136 0.998813 -0.000195646
    outer loop
      vertex 0.579758 39.5715 12.9742
      vertex 3.88148 39.4093 7
      vertex 0.53033 39.5739 12.9197
    endloop
  endfacet
  facet normal 0.0493163 0.998783 0.000146419
    outer loop
      vertex 0.53033 39.5739 12.9197
      vertex 3.88148 39.4093 7
      vertex 0.475795 39.5766 12.8702
    endloop
  endfacet
  facet normal 0.0490163 0.998798 -2.80895e-05
    outer loop
      vertex 3.88148 39.4093 7
      vertex 0.416677 39.5795 12.8264
      vertex 0.475795 39.5766 12.8702
    endloop
  endfacet
  facet normal 0.0490505 0.998796 -7.68275e-06
    outer loop
      vertex 3.88148 39.4093 7
      vertex 0.353547 39.5826 12.7886
      vertex 0.416677 39.5795 12.8264
    endloop
  endfacet
  facet normal 0.0490716 0.998795 5.17168e-06
    outer loop
      vertex 0 39.6 7
      vertex 0.353547 39.5826 12.7886
      vertex 3.88148 39.4093 7
    endloop
  endfacet
  facet normal 0.0495484 0.998772 -2.40237e-05
    outer loop
      vertex 0.353547 39.5826 12.7886
      vertex 0 39.6 7
      vertex 0.287012 39.5859 12.7571
    endloop
  endfacet
  facet normal 0.0490027 0.998799 3.2502e-06
    outer loop
      vertex 0.287012 39.5859 12.7571
      vertex 0 39.6 7
      vertex 0.217713 39.5893 12.7323
    endloop
  endfacet
  facet normal 0.0489624 0.998801 4.78424e-06
    outer loop
      vertex 0.217713 39.5893 12.7323
      vertex 0 39.6 7
      vertex 0.146317 39.5928 12.7144
    endloop
  endfacet
  facet normal 0.0493878 0.99878 -6.1353e-06
    outer loop
      vertex 0.146317 39.5928 12.7144
      vertex 0 39.6 7
      vertex 0.0735121 39.5964 12.7036
    endloop
  endfacet
  facet normal 0.0489129 0.998803 0
    outer loop
      vertex 0.0735121 39.5964 12.7036
      vertex 0 39.6 7
      vertex 0 39.6 12.7
    endloop
  endfacet
  facet normal 0.0490716 0.998795 -5.17168e-06
    outer loop
      vertex 0.353547 39.5826 41.2114
      vertex 0 39.6 47
      vertex 3.88148 39.4093 47
    endloop
  endfacet
  facet normal 0.0489129 0.998803 0
    outer loop
      vertex 0 39.6 47
      vertex 0.0735121 39.5964 41.2964
      vertex 0 39.6 41.3
    endloop
  endfacet
  facet normal 0.0493878 0.99878 6.1353e-06
    outer loop
      vertex 0 39.6 47
      vertex 0.146317 39.5928 41.2856
      vertex 0.0735121 39.5964 41.2964
    endloop
  endfacet
  facet normal 0.0489624 0.998801 -4.78424e-06
    outer loop
      vertex 0 39.6 47
      vertex 0.217713 39.5893 41.2677
      vertex 0.146317 39.5928 41.2856
    endloop
  endfacet
  facet normal 0.0490027 0.998799 -3.2502e-06
    outer loop
      vertex 0 39.6 47
      vertex 0.287012 39.5859 41.2429
      vertex 0.217713 39.5893 41.2677
    endloop
  endfacet
  facet normal 0.0495484 0.998772 2.40237e-05
    outer loop
      vertex 0 39.6 47
      vertex 0.353547 39.5826 41.2114
      vertex 0.287012 39.5859 41.2429
    endloop
  endfacet
  facet normal 0.0490505 0.998796 7.68275e-06
    outer loop
      vertex 3.88148 39.4093 47
      vertex 0.416677 39.5795 41.1736
      vertex 0.353547 39.5826 41.2114
    endloop
  endfacet
  facet normal 0.0490163 0.998798 2.80895e-05
    outer loop
      vertex 3.88148 39.4093 47
      vertex 0.475795 39.5766 41.1298
      vertex 0.416677 39.5795 41.1736
    endloop
  endfacet
  facet normal 0.0493163 0.998783 -0.000146419
    outer loop
      vertex 3.88148 39.4093 47
      vertex 0.53033 39.5739 41.0803
      vertex 0.475795 39.5766 41.1298
    endloop
  endfacet
  facet normal 0.0487136 0.998813 0.000195646
    outer loop
      vertex 3.88148 39.4093 47
      vertex 0.579758 39.5715 41.0258
      vertex 0.53033 39.5739 41.0803
    endloop
  endfacet
  facet normal 0.048365 0.99883 0.000388725
    outer loop
      vertex 3.88148 39.4093 47
      vertex 0.623602 39.5694 40.9667
      vertex 0.579758 39.5715 41.0258
    endloop
  endfacet
  facet normal 0.0496439 0.998767 -0.00030351
    outer loop
      vertex 3.88148 39.4093 47
      vertex 0.661441 39.5675 40.9035
      vertex 0.623602 39.5694 40.9667
    endloop
  endfacet
  facet normal 0.0490707 0.998795 -0
    outer loop
      vertex 3.88148 39.4093 38.55
      vertex 0.661441 39.5675 40.9035
      vertex 3.88148 39.4093 47
    endloop
  endfacet
  facet normal 0.049841 0.998757 0.00105656
    outer loop
      vertex 0.661441 39.5675 40.9035
      vertex 3.88148 39.4093 38.55
      vertex 0.692909 39.566 40.837
    endloop
  endfacet
  facet normal 0.0479554 0.998848 -0.00157866
    outer loop
      vertex 0.692909 39.566 40.837
      vertex 3.88148 39.4093 38.55
      vertex 0.717705 39.5647 40.7677
    endloop
  endfacet
  facet normal 0.0499894 0.998749 0.00132998
    outer loop
      vertex 0.717705 39.5647 40.7677
      vertex 3.88148 39.4093 38.55
      vertex 0.735588 39.5639 40.6963
    endloop
  endfacet
  facet normal 0.0483647 0.998829 -0.00105713
    outer loop
      vertex 0.735588 39.5639 40.6963
      vertex 3.88148 39.4093 38.55
      vertex 0.746388 39.5633 40.6235
    endloop
  endfacet
  facet normal 0.0497797 0.99876 0.00108746
    outer loop
      vertex 0.746388 39.5633 40.6235
      vertex 3.88148 39.4093 38.55
      vertex 0.75 39.5632 40.55
    endloop
  endfacet
  facet normal 0.0484361 0.998826 -0.00102134
    outer loop
      vertex 0.75 39.5632 40.55
      vertex 3.88148 39.4093 38.55
      vertex 0.746388 39.5633 40.4765
    endloop
  endfacet
  facet normal 0.0495978 0.998769 0.0008737
    outer loop
      vertex 0.746388 39.5633 40.4765
      vertex 3.88148 39.4093 38.55
      vertex 0.735588 39.5639 40.4037
    endloop
  endfacet
  facet normal 0.0485193 0.998822 -0.000960971
    outer loop
      vertex 0.735588 39.5639 40.4037
      vertex 3.88148 39.4093 38.55
      vertex 0.717705 39.5647 40.3323
    endloop
  endfacet
  facet normal 0.0496125 0.998768 0.000984231
    outer loop
      vertex 0.717705 39.5647 40.3323
      vertex 3.88148 39.4093 38.55
      vertex 0.692909 39.566 40.263
    endloop
  endfacet
  facet normal 0.0487868 0.998809 -0.000556517
    outer loop
      vertex 0.692909 39.566 40.263
      vertex 3.88148 39.4093 38.55
      vertex 0.661441 39.5675 40.1965
    endloop
  endfacet
  facet normal 0.0493235 0.998783 0.000495785
    outer loop
      vertex 3.88148 39.4093 38.55
      vertex 0.623602 39.5694 40.1333
      vertex 0.661441 39.5675 40.1965
    endloop
  endfacet
  facet normal 0.0487544 0.998811 -0.000678233
    outer loop
      vertex 3.88148 39.4093 38.55
      vertex 0.579758 39.5715 40.0742
      vertex 0.623602 39.5694 40.1333
    endloop
  endfacet
  facet normal 0.048899 0.998804 -0.000364215
    outer loop
      vertex 3.88148 39.4093 38.55
      vertex 0.53033 39.5739 40.0197
      vertex 0.579758 39.5715 40.0742
    endloop
  endfacet
  facet normal 0.0490716 0.998795 3.02368e-05
    outer loop
      vertex 0 39.6 38.55
      vertex 0.53033 39.5739 40.0197
      vertex 3.88148 39.4093 38.55
    endloop
  endfacet
  facet normal 0.049592 0.99877 -0.000158019
    outer loop
      vertex 0.53033 39.5739 40.0197
      vertex 0 39.6 38.55
      vertex 0.475795 39.5766 39.9702
    endloop
  endfacet
  facet normal 0.0489539 0.998801 5.62652e-05
    outer loop
      vertex 0.475795 39.5766 39.9702
      vertex 0 39.6 38.55
      vertex 0.416677 39.5795 39.9264
    endloop
  endfacet
  facet normal 0.0490252 0.998798 3.46257e-05
    outer loop
      vertex 0.416677 39.5795 39.9264
      vertex 0 39.6 38.55
      vertex 0.353547 39.5826 39.8886
    endloop
  endfacet
  facet normal 0.0495915 0.99877 -0.000115301
    outer loop
      vertex 0.353547 39.5826 39.8886
      vertex 0 39.6 38.55
      vertex 0.287012 39.5859 39.8571
    endloop
  endfacet
  facet normal 0.0489984 0.998799 1.52591e-05
    outer loop
      vertex 0.287012 39.5859 39.8571
      vertex 0 39.6 38.55
      vertex 0.217713 39.5893 39.8323
    endloop
  endfacet
  facet normal 0.048958 0.998801 2.21253e-05
    outer loop
      vertex 0.217713 39.5893 39.8323
      vertex 0 39.6 38.55
      vertex 0.146317 39.5928 39.8144
    endloop
  endfacet
  facet normal 0.049391 0.99878 -2.81054e-05
    outer loop
      vertex 0.146317 39.5928 39.8144
      vertex 0 39.6 38.55
      vertex 0.0735121 39.5964 39.8036
    endloop
  endfacet
  facet normal 0.0489129 0.998803 0
    outer loop
      vertex 0.0735121 39.5964 39.8036
      vertex 0 39.6 38.55
      vertex 0 39.6 39.8
    endloop
  endfacet
  facet normal -0.0489129 0.998803 0
    outer loop
      vertex -0.0735121 39.5964 14.1964
      vertex 0 39.6 15.45
      vertex 0 39.6 14.2
    endloop
  endfacet
  facet normal -0.049391 0.99878 2.81054e-05
    outer loop
      vertex -0.146317 39.5928 14.1856
      vertex 0 39.6 15.45
      vertex -0.0735121 39.5964 14.1964
    endloop
  endfacet
  facet normal -0.048958 0.998801 -2.21253e-05
    outer loop
      vertex -0.217713 39.5893 14.1677
      vertex 0 39.6 15.45
      vertex -0.146317 39.5928 14.1856
    endloop
  endfacet
  facet normal -0.0489984 0.998799 -1.52591e-05
    outer loop
      vertex -0.287012 39.5859 14.1429
      vertex 0 39.6 15.45
      vertex -0.217713 39.5893 14.1677
    endloop
  endfacet
  facet normal -0.0495915 0.99877 0.000115301
    outer loop
      vertex -0.353547 39.5826 14.1114
      vertex 0 39.6 15.45
      vertex -0.287012 39.5859 14.1429
    endloop
  endfacet
  facet normal -0.0490252 0.998798 -3.46257e-05
    outer loop
      vertex -0.416677 39.5795 14.0736
      vertex 0 39.6 15.45
      vertex -0.353547 39.5826 14.1114
    endloop
  endfacet
  facet normal -0.0489539 0.998801 -5.62652e-05
    outer loop
      vertex -0.475795 39.5766 14.0298
      vertex 0 39.6 15.45
      vertex -0.416677 39.5795 14.0736
    endloop
  endfacet
  facet normal -0.049592 0.99877 0.000158019
    outer loop
      vertex -0.53033 39.5739 13.9803
      vertex 0 39.6 15.45
      vertex -0.475795 39.5766 14.0298
    endloop
  endfacet
  facet normal -0.0490716 0.998795 -3.02368e-05
    outer loop
      vertex 0 39.6 15.45
      vertex -0.53033 39.5739 13.9803
      vertex -3.88148 39.4093 15.45
    endloop
  endfacet
  facet normal -0.048899 0.998804 0.000364215
    outer loop
      vertex -0.579758 39.5715 13.9258
      vertex -3.88148 39.4093 15.45
      vertex -0.53033 39.5739 13.9803
    endloop
  endfacet
  facet normal -0.0487544 0.998811 0.000678233
    outer loop
      vertex -0.623602 39.5694 13.8667
      vertex -3.88148 39.4093 15.45
      vertex -0.579758 39.5715 13.9258
    endloop
  endfacet
  facet normal -0.0493235 0.998783 -0.000495785
    outer loop
      vertex -0.661441 39.5675 13.8035
      vertex -3.88148 39.4093 15.45
      vertex -0.623602 39.5694 13.8667
    endloop
  endfacet
  facet normal -0.0487868 0.998809 0.000556517
    outer loop
      vertex -0.692909 39.566 13.737
      vertex -3.88148 39.4093 15.45
      vertex -0.661441 39.5675 13.8035
    endloop
  endfacet
  facet normal -0.0496125 0.998768 -0.000984231
    outer loop
      vertex -0.717705 39.5647 13.6677
      vertex -3.88148 39.4093 15.45
      vertex -0.692909 39.566 13.737
    endloop
  endfacet
  facet normal -0.0485193 0.998822 0.000960971
    outer loop
      vertex -0.735588 39.5639 13.5963
      vertex -3.88148 39.4093 15.45
      vertex -0.717705 39.5647 13.6677
    endloop
  endfacet
  facet normal -0.0495978 0.998769 -0.0008737
    outer loop
      vertex -0.746388 39.5633 13.5235
      vertex -3.88148 39.4093 15.45
      vertex -0.735588 39.5639 13.5963
    endloop
  endfacet
  facet normal -0.0484361 0.998826 0.00102134
    outer loop
      vertex -0.75 39.5632 13.45
      vertex -3.88148 39.4093 15.45
      vertex -0.746388 39.5633 13.5235
    endloop
  endfacet
  facet normal -0.0497797 0.99876 -0.00108746
    outer loop
      vertex -0.746388 39.5633 13.3765
      vertex -3.88148 39.4093 15.45
      vertex -0.75 39.5632 13.45
    endloop
  endfacet
  facet normal -0.0483647 0.998829 0.00105713
    outer loop
      vertex -0.735588 39.5639 13.3037
      vertex -3.88148 39.4093 15.45
      vertex -0.746388 39.5633 13.3765
    endloop
  endfacet
  facet normal -0.0499894 0.998749 -0.00132998
    outer loop
      vertex -0.717705 39.5647 13.2323
      vertex -3.88148 39.4093 15.45
      vertex -0.735588 39.5639 13.3037
    endloop
  endfacet
  facet normal -0.0479554 0.998848 0.00157866
    outer loop
      vertex -0.692909 39.566 13.163
      vertex -3.88148 39.4093 15.45
      vertex -0.717705 39.5647 13.2323
    endloop
  endfacet
  facet normal -0.049841 0.998757 -0.00105656
    outer loop
      vertex -0.661441 39.5675 13.0965
      vertex -3.88148 39.4093 15.45
      vertex -0.692909 39.566 13.163
    endloop
  endfacet
  facet normal -0.0496439 0.998767 0.00030351
    outer loop
      vertex -3.88148 39.4093 7
      vertex -0.661441 39.5675 13.0965
      vertex -0.623602 39.5694 13.0333
    endloop
  endfacet
  facet normal -0.048365 0.99883 -0.000388725
    outer loop
      vertex -3.88148 39.4093 7
      vertex -0.623602 39.5694 13.0333
      vertex -0.579758 39.5715 12.9742
    endloop
  endfacet
  facet normal -0.0487136 0.998813 -0.000195646
    outer loop
      vertex -3.88148 39.4093 7
      vertex -0.579758 39.5715 12.9742
      vertex -0.53033 39.5739 12.9197
    endloop
  endfacet
  facet normal -0.0493163 0.998783 0.000146419
    outer loop
      vertex -3.88148 39.4093 7
      vertex -0.53033 39.5739 12.9197
      vertex -0.475795 39.5766 12.8702
    endloop
  endfacet
  facet normal -0.0489129 0.998803 0
    outer loop
      vertex 0 39.6 7
      vertex -0.0735121 39.5964 12.7036
      vertex 0 39.6 12.7
    endloop
  endfacet
  facet normal -0.0493878 0.99878 -6.1353e-06
    outer loop
      vertex 0 39.6 7
      vertex -0.146317 39.5928 12.7144
      vertex -0.0735121 39.5964 12.7036
    endloop
  endfacet
  facet normal -0.0489624 0.998801 4.78424e-06
    outer loop
      vertex 0 39.6 7
      vertex -0.217713 39.5893 12.7323
      vertex -0.146317 39.5928 12.7144
    endloop
  endfacet
  facet normal -0.0490027 0.998799 3.2502e-06
    outer loop
      vertex 0 39.6 7
      vertex -0.287012 39.5859 12.7571
      vertex -0.217713 39.5893 12.7323
    endloop
  endfacet
  facet normal -0.0495484 0.998772 -2.40237e-05
    outer loop
      vertex 0 39.6 7
      vertex -0.353547 39.5826 12.7886
      vertex -0.287012 39.5859 12.7571
    endloop
  endfacet
  facet normal -0.0490716 0.998795 5.17168e-06
    outer loop
      vertex -3.88148 39.4093 7
      vertex -0.353547 39.5826 12.7886
      vertex 0 39.6 7
    endloop
  endfacet
  facet normal -0.0490505 0.998796 -7.68275e-06
    outer loop
      vertex -0.353547 39.5826 12.7886
      vertex -3.88148 39.4093 7
      vertex -0.416677 39.5795 12.8264
    endloop
  endfacet
  facet normal -0.0490163 0.998798 -2.80895e-05
    outer loop
      vertex -0.416677 39.5795 12.8264
      vertex -3.88148 39.4093 7
      vertex -0.475795 39.5766 12.8702
    endloop
  endfacet
  facet normal -0.0490707 0.998795 0
    outer loop
      vertex -0.661441 39.5675 13.0965
      vertex -3.88148 39.4093 7
      vertex -3.88148 39.4093 15.45
    endloop
  endfacet
  facet normal -0.0489129 0.998803 0
    outer loop
      vertex -0.0735121 39.5964 41.2964
      vertex 0 39.6 47
      vertex 0 39.6 41.3
    endloop
  endfacet
  facet normal -0.0493878 0.99878 6.1353e-06
    outer loop
      vertex -0.146317 39.5928 41.2856
      vertex 0 39.6 47
      vertex -0.0735121 39.5964 41.2964
    endloop
  endfacet
  facet normal -0.0489624 0.998801 -4.78424e-06
    outer loop
      vertex -0.217713 39.5893 41.2677
      vertex 0 39.6 47
      vertex -0.146317 39.5928 41.2856
    endloop
  endfacet
  facet normal -0.0490027 0.998799 -3.2502e-06
    outer loop
      vertex -0.287012 39.5859 41.2429
      vertex 0 39.6 47
      vertex -0.217713 39.5893 41.2677
    endloop
  endfacet
  facet normal -0.0495484 0.998772 2.40237e-05
    outer loop
      vertex -0.353547 39.5826 41.2114
      vertex 0 39.6 47
      vertex -0.287012 39.5859 41.2429
    endloop
  endfacet
  facet normal -0.0490716 0.998795 -5.17168e-06
    outer loop
      vertex 0 39.6 47
      vertex -0.353547 39.5826 41.2114
      vertex -3.88148 39.4093 47
    endloop
  endfacet
  facet normal -0.0490505 0.998796 7.68275e-06
    outer loop
      vertex -0.416677 39.5795 41.1736
      vertex -3.88148 39.4093 47
      vertex -0.353547 39.5826 41.2114
    endloop
  endfacet
  facet normal -0.0490163 0.998798 2.80895e-05
    outer loop
      vertex -0.475795 39.5766 41.1298
      vertex -3.88148 39.4093 47
      vertex -0.416677 39.5795 41.1736
    endloop
  endfacet
  facet normal -0.0493163 0.998783 -0.000146419
    outer loop
      vertex -0.53033 39.5739 41.0803
      vertex -3.88148 39.4093 47
      vertex -0.475795 39.5766 41.1298
    endloop
  endfacet
  facet normal -0.0487136 0.998813 0.000195646
    outer loop
      vertex -0.579758 39.5715 41.0258
      vertex -3.88148 39.4093 47
      vertex -0.53033 39.5739 41.0803
    endloop
  endfacet
  facet normal -0.048365 0.99883 0.000388725
    outer loop
      vertex -0.623602 39.5694 40.9667
      vertex -3.88148 39.4093 47
      vertex -0.579758 39.5715 41.0258
    endloop
  endfacet
  facet normal -0.0496439 0.998767 -0.00030351
    outer loop
      vertex -0.661441 39.5675 40.9035
      vertex -3.88148 39.4093 47
      vertex -0.623602 39.5694 40.9667
    endloop
  endfacet
  facet normal -0.049841 0.998757 0.00105656
    outer loop
      vertex -3.88148 39.4093 38.55
      vertex -0.661441 39.5675 40.9035
      vertex -0.692909 39.566 40.837
    endloop
  endfacet
  facet normal -0.0479554 0.998848 -0.00157866
    outer loop
      vertex -3.88148 39.4093 38.55
      vertex -0.692909 39.566 40.837
      vertex -0.717705 39.5647 40.7677
    endloop
  endfacet
  facet normal -0.0499894 0.998749 0.00132998
    outer loop
      vertex -3.88148 39.4093 38.55
      vertex -0.717705 39.5647 40.7677
      vertex -0.735588 39.5639 40.6963
    endloop
  endfacet
  facet normal -0.0483647 0.998829 -0.00105713
    outer loop
      vertex -3.88148 39.4093 38.55
      vertex -0.735588 39.5639 40.6963
      vertex -0.746388 39.5633 40.6235
    endloop
  endfacet
  facet normal -0.0497797 0.99876 0.00108746
    outer loop
      vertex -3.88148 39.4093 38.55
      vertex -0.746388 39.5633 40.6235
      vertex -0.75 39.5632 40.55
    endloop
  endfacet
  facet normal -0.0484361 0.998826 -0.00102134
    outer loop
      vertex -3.88148 39.4093 38.55
      vertex -0.75 39.5632 40.55
      vertex -0.746388 39.5633 40.4765
    endloop
  endfacet
  facet normal -0.0495978 0.998769 0.0008737
    outer loop
      vertex -3.88148 39.4093 38.55
      vertex -0.746388 39.5633 40.4765
      vertex -0.735588 39.5639 40.4037
    endloop
  endfacet
  facet normal -0.0485193 0.998822 -0.000960971
    outer loop
      vertex -3.88148 39.4093 38.55
      vertex -0.735588 39.5639 40.4037
      vertex -0.717705 39.5647 40.3323
    endloop
  endfacet
  facet normal -0.0496125 0.998768 0.000984231
    outer loop
      vertex -3.88148 39.4093 38.55
      vertex -0.717705 39.5647 40.3323
      vertex -0.692909 39.566 40.263
    endloop
  endfacet
  facet normal -0.0487868 0.998809 -0.000556517
    outer loop
      vertex -3.88148 39.4093 38.55
      vertex -0.692909 39.566 40.263
      vertex -0.661441 39.5675 40.1965
    endloop
  endfacet
  facet normal -0.0489129 0.998803 0
    outer loop
      vertex 0 39.6 38.55
      vertex -0.0735121 39.5964 39.8036
      vertex 0 39.6 39.8
    endloop
  endfacet
  facet normal -0.049391 0.99878 -2.81054e-05
    outer loop
      vertex 0 39.6 38.55
      vertex -0.146317 39.5928 39.8144
      vertex -0.0735121 39.5964 39.8036
    endloop
  endfacet
  facet normal -0.048958 0.998801 2.21253e-05
    outer loop
      vertex 0 39.6 38.55
      vertex -0.217713 39.5893 39.8323
      vertex -0.146317 39.5928 39.8144
    endloop
  endfacet
  facet normal -0.0489984 0.998799 1.52591e-05
    outer loop
      vertex 0 39.6 38.55
      vertex -0.287012 39.5859 39.8571
      vertex -0.217713 39.5893 39.8323
    endloop
  endfacet
  facet normal -0.0495915 0.99877 -0.000115301
    outer loop
      vertex 0 39.6 38.55
      vertex -0.353547 39.5826 39.8886
      vertex -0.287012 39.5859 39.8571
    endloop
  endfacet
  facet normal -0.0490252 0.998798 3.46257e-05
    outer loop
      vertex 0 39.6 38.55
      vertex -0.416677 39.5795 39.9264
      vertex -0.353547 39.5826 39.8886
    endloop
  endfacet
  facet normal -0.0489539 0.998801 5.62652e-05
    outer loop
      vertex 0 39.6 38.55
      vertex -0.475795 39.5766 39.9702
      vertex -0.416677 39.5795 39.9264
    endloop
  endfacet
  facet normal -0.049592 0.99877 -0.000158019
    outer loop
      vertex 0 39.6 38.55
      vertex -0.53033 39.5739 40.0197
      vertex -0.475795 39.5766 39.9702
    endloop
  endfacet
  facet normal -0.0490716 0.998795 3.02368e-05
    outer loop
      vertex -3.88148 39.4093 38.55
      vertex -0.53033 39.5739 40.0197
      vertex 0 39.6 38.55
    endloop
  endfacet
  facet normal -0.048899 0.998804 -0.000364215
    outer loop
      vertex -0.53033 39.5739 40.0197
      vertex -3.88148 39.4093 38.55
      vertex -0.579758 39.5715 40.0742
    endloop
  endfacet
  facet normal -0.0487544 0.998811 -0.000678233
    outer loop
      vertex -0.579758 39.5715 40.0742
      vertex -3.88148 39.4093 38.55
      vertex -0.623602 39.5694 40.1333
    endloop
  endfacet
  facet normal -0.0493235 0.998783 0.000495785
    outer loop
      vertex -0.623602 39.5694 40.1333
      vertex -3.88148 39.4093 38.55
      vertex -0.661441 39.5675 40.1965
    endloop
  endfacet
  facet normal -0.0490707 0.998795 0
    outer loop
      vertex -0.661441 39.5675 40.9035
      vertex -3.88148 39.4093 38.55
      vertex -3.88148 39.4093 47
    endloop
  endfacet
  facet normal 0 0 1
    outer loop
      vertex 38.1 0 47
      vertex 39.6 0 47
      vertex 39.4093 3.88148 47
    endloop
  endfacet
  facet normal 0 0 1
    outer loop
      vertex 37.9165 3.73445 47
      vertex 39.4093 3.88148 47
      vertex 38.8391 7.72558 47
    endloop
  endfacet
  facet normal 0 0 1
    outer loop
      vertex 39.6 0 47
      vertex 38.1 0 47
      vertex 39.4093 -3.88148 47
    endloop
  endfacet
  facet normal -0 0 1
    outer loop
      vertex 37.9165 -3.73445 47
      vertex 39.4093 -3.88148 47
      vertex 38.1 0 47
    endloop
  endfacet
  facet normal 0 0 1
    outer loop
      vertex 39.4093 3.88148 47
      vertex 37.9165 3.73445 47
      vertex 38.1 0 47
    endloop
  endfacet
  facet normal 0 0 1
    outer loop
      vertex 37.3679 7.43294 47
      vertex 38.8391 7.72558 47
      vertex 37.8948 11.4953 47
    endloop
  endfacet
  facet normal 0 0 1
    outer loop
      vertex 38.8391 7.72558 47
      vertex 37.3679 7.43294 47
      vertex 37.9165 3.73445 47
    endloop
  endfacet
  facet normal 0 0 1
    outer loop
      vertex 36.4594 11.0598 47
      vertex 37.8948 11.4953 47
      vertex 36.5856 15.1543 47
    endloop
  endfacet
  facet normal 0 0 1
    outer loop
      vertex 37.8948 11.4953 47
      vertex 36.4594 11.0598 47
      vertex 37.3679 7.43294 47
    endloop
  endfacet
  facet normal 0 0 1
    outer loop
      vertex 36.5856 15.1543 47
      vertex 35.1998 14.5802 47
      vertex 36.4594 11.0598 47
    endloop
  endfacet
  facet normal 0 0 1
    outer loop
      vertex 34.9241 18.6673 47
      vertex 35.1998 14.5802 47
      vertex 36.5856 15.1543 47
    endloop
  endfacet
  facet normal 0 0 1
    outer loop
      vertex 34.9241 18.6673 47
      vertex 33.6012 17.9602 47
      vertex 35.1998 14.5802 47
    endloop
  endfacet
  facet normal 0 0 1
    outer loop
      vertex 32.9262 22.0006 47
      vertex 33.6012 17.9602 47
      vertex 34.9241 18.6673 47
    endloop
  endfacet
  facet normal 0 0 1
    outer loop
      vertex 32.9262 22.0006 47
      vertex 31.679 21.1672 47
      vertex 33.6012 17.9602 47
    endloop
  endfacet
  facet normal 0 0 1
    outer loop
      vertex 30.6112 25.122 47
      vertex 31.679 21.1672 47
      vertex 32.9262 22.0006 47
    endloop
  endfacet
  facet normal 0 0 1
    outer loop
      vertex 30.6112 25.122 47
      vertex 29.4517 24.1704 47
      vertex 31.679 21.1672 47
    endloop
  endfacet
  facet normal 0 0 1
    outer loop
      vertex 28.0014 28.0014 47
      vertex 29.4517 24.1704 47
      vertex 30.6112 25.122 47
    endloop
  endfacet
  facet normal 0 0 1
    outer loop
      vertex 28.0014 28.0014 47
      vertex 26.9408 26.9408 47
      vertex 29.4517 24.1704 47
    endloop
  endfacet
  facet normal 0 0 1
    outer loop
      vertex 25.122 30.6112 47
      vertex 26.9408 26.9408 47
      vertex 28.0014 28.0014 47
    endloop
  endfacet
  facet normal 0 0 1
    outer loop
      vertex 25.122 30.6112 47
      vertex 24.1704 29.4517 47
      vertex 26.9408 26.9408 47
    endloop
  endfacet
  facet normal 0 0 1
    outer loop
      vertex 22.0006 32.9262 47
      vertex 24.1704 29.4517 47
      vertex 25.122 30.6112 47
    endloop
  endfacet
  facet normal 0 0 1
    outer loop
      vertex 22.0006 32.9262 47
      vertex 21.1672 31.679 47
      vertex 24.1704 29.4517 47
    endloop
  endfacet
  facet normal 0 0 1
    outer loop
      vertex 18.6673 34.9241 47
      vertex 21.1672 31.679 47
      vertex 22.0006 32.9262 47
    endloop
  endfacet
  facet normal 0 0 1
    outer loop
      vertex 18.6673 34.9241 47
      vertex 17.9602 33.6012 47
      vertex 21.1672 31.679 47
    endloop
  endfacet
  facet normal 0 0 1
    outer loop
      vertex 15.1543 36.5856 47
      vertex 17.9602 33.6012 47
      vertex 18.6673 34.9241 47
    endloop
  endfacet
  facet normal 0 0 1
    outer loop
      vertex 15.1543 36.5856 47
      vertex 14.5802 35.1998 47
      vertex 17.9602 33.6012 47
    endloop
  endfacet
  facet normal 0 0 1
    outer loop
      vertex 11.4953 37.8948 47
      vertex 14.5802 35.1998 47
      vertex 15.1543 36.5856 47
    endloop
  endfacet
  facet normal 0 0 1
    outer loop
      vertex 11.4953 37.8948 47
      vertex 11.0598 36.4594 47
      vertex 14.5802 35.1998 47
    endloop
  endfacet
  facet normal 0 0 1
    outer loop
      vertex 7.72558 38.8391 47
      vertex 11.0598 36.4594 47
      vertex 11.4953 37.8948 47
    endloop
  endfacet
  facet normal 0 0 1
    outer loop
      vertex 7.72558 38.8391 47
      vertex 7.43294 37.3679 47
      vertex 11.0598 36.4594 47
    endloop
  endfacet
  facet normal 0 0 1
    outer loop
      vertex 3.88148 39.4093 47
      vertex 7.43294 37.3679 47
      vertex 7.72558 38.8391 47
    endloop
  endfacet
  facet normal 0 0 1
    outer loop
      vertex 3.88148 39.4093 47
      vertex 3.73445 37.9165 47
      vertex 7.43294 37.3679 47
    endloop
  endfacet
  facet normal 0 0 1
    outer loop
      vertex 0 39.6 47
      vertex 3.73445 37.9165 47
      vertex 3.88148 39.4093 47
    endloop
  endfacet
  facet normal 0 0 1
    outer loop
      vertex 0 39.6 47
      vertex 0 38.1 47
      vertex 3.73445 37.9165 47
    endloop
  endfacet
  facet normal 0 0 1
    outer loop
      vertex 0 39.6 47
      vertex -3.73445 37.9165 47
      vertex 0 38.1 47
    endloop
  endfacet
  facet normal -0 0 1
    outer loop
      vertex -3.88148 39.4093 47
      vertex -3.73445 37.9165 47
      vertex 0 39.6 47
    endloop
  endfacet
  facet normal 0 0 1
    outer loop
      vertex -3.88148 39.4093 47
      vertex -7.43294 37.3679 47
      vertex -3.73445 37.9165 47
    endloop
  endfacet
  facet normal -0 0 1
    outer loop
      vertex -7.72558 38.8391 47
      vertex -7.43294 37.3679 47
      vertex -3.88148 39.4093 47
    endloop
  endfacet
  facet normal 0 0 1
    outer loop
      vertex -7.72558 38.8391 47
      vertex -11.0598 36.4594 47
      vertex -7.43294 37.3679 47
    endloop
  endfacet
  facet normal -0 0 1
    outer loop
      vertex -11.4953 37.8948 47
      vertex -11.0598 36.4594 47
      vertex -7.72558 38.8391 47
    endloop
  endfacet
  facet normal 0 0 1
    outer loop
      vertex -11.4953 37.8948 47
      vertex -14.5802 35.1998 47
      vertex -11.0598 36.4594 47
    endloop
  endfacet
  facet normal -0 0 1
    outer loop
      vertex -15.1543 36.5856 47
      vertex -14.5802 35.1998 47
      vertex -11.4953 37.8948 47
    endloop
  endfacet
  facet normal 0 0 1
    outer loop
      vertex -15.1543 36.5856 47
      vertex -17.9602 33.6012 47
      vertex -14.5802 35.1998 47
    endloop
  endfacet
  facet normal -0 0 1
    outer loop
      vertex -18.6673 34.9241 47
      vertex -17.9602 33.6012 47
      vertex -15.1543 36.5856 47
    endloop
  endfacet
  facet normal 0 0 1
    outer loop
      vertex -18.6673 34.9241 47
      vertex -21.1672 31.679 47
      vertex -17.9602 33.6012 47
    endloop
  endfacet
  facet normal -0 0 1
    outer loop
      vertex -22.0006 32.9262 47
      vertex -21.1672 31.679 47
      vertex -18.6673 34.9241 47
    endloop
  endfacet
  facet normal 0 0 1
    outer loop
      vertex -22.0006 32.9262 47
      vertex -24.1704 29.4517 47
      vertex -21.1672 31.679 47
    endloop
  endfacet
  facet normal -0 0 1
    outer loop
      vertex -25.122 30.6112 47
      vertex -24.1704 29.4517 47
      vertex -22.0006 32.9262 47
    endloop
  endfacet
  facet normal 0 0 1
    outer loop
      vertex -25.122 30.6112 47
      vertex -26.9408 26.9408 47
      vertex -24.1704 29.4517 47
    endloop
  endfacet
  facet normal -0 0 1
    outer loop
      vertex -28.0014 28.0014 47
      vertex -26.9408 26.9408 47
      vertex -25.122 30.6112 47
    endloop
  endfacet
  facet normal 0 0 1
    outer loop
      vertex -28.0014 28.0014 47
      vertex -29.4517 24.1704 47
      vertex -26.9408 26.9408 47
    endloop
  endfacet
  facet normal -0 0 1
    outer loop
      vertex -30.6112 25.122 47
      vertex -29.4517 24.1704 47
      vertex -28.0014 28.0014 47
    endloop
  endfacet
  facet normal 0 0 1
    outer loop
      vertex -30.6112 25.122 47
      vertex -31.679 21.1672 47
      vertex -29.4517 24.1704 47
    endloop
  endfacet
  facet normal -0 0 1
    outer loop
      vertex -32.9262 22.0006 47
      vertex -31.679 21.1672 47
      vertex -30.6112 25.122 47
    endloop
  endfacet
  facet normal 0 0 1
    outer loop
      vertex -32.9262 22.0006 47
      vertex -33.6012 17.9602 47
      vertex -31.679 21.1672 47
    endloop
  endfacet
  facet normal -0 0 1
    outer loop
      vertex -34.9241 18.6673 47
      vertex -33.6012 17.9602 47
      vertex -32.9262 22.0006 47
    endloop
  endfacet
  facet normal 0 0 1
    outer loop
      vertex -34.9241 18.6673 47
      vertex -35.1998 14.5802 47
      vertex -33.6012 17.9602 47
    endloop
  endfacet
  facet normal -0 0 1
    outer loop
      vertex -36.5856 15.1543 47
      vertex -35.1998 14.5802 47
      vertex -34.9241 18.6673 47
    endloop
  endfacet
  facet normal 0 0 1
    outer loop
      vertex -35.1998 14.5802 47
      vertex -36.5856 15.1543 47
      vertex -36.4594 11.0598 47
    endloop
  endfacet
  facet normal -0 0 1
    outer loop
      vertex -37.8948 11.4953 47
      vertex -36.4594 11.0598 47
      vertex -36.5856 15.1543 47
    endloop
  endfacet
  facet normal 0 0 1
    outer loop
      vertex -36.4594 11.0598 47
      vertex -37.8948 11.4953 47
      vertex -37.3679 7.43294 47
    endloop
  endfacet
  facet normal -0 0 1
    outer loop
      vertex -38.8391 7.72558 47
      vertex -37.3679 7.43294 47
      vertex -37.8948 11.4953 47
    endloop
  endfacet
  facet normal 0 0 1
    outer loop
      vertex -37.3679 7.43294 47
      vertex -38.8391 7.72558 47
      vertex -37.9165 3.73445 47
    endloop
  endfacet
  facet normal -0 0 1
    outer loop
      vertex -39.4093 3.88148 47
      vertex -37.9165 3.73445 47
      vertex -38.8391 7.72558 47
    endloop
  endfacet
  facet normal 0 0 1
    outer loop
      vertex 39.4093 -3.88148 47
      vertex 37.9165 -3.73445 47
      vertex 38.8391 -7.72558 47
    endloop
  endfacet
  facet normal -0 0 1
    outer loop
      vertex 37.3679 -7.43294 47
      vertex 38.8391 -7.72558 47
      vertex 37.9165 -3.73445 47
    endloop
  endfacet
  facet normal 0 0 1
    outer loop
      vertex 38.8391 -7.72558 47
      vertex 37.3679 -7.43294 47
      vertex 37.8948 -11.4953 47
    endloop
  endfacet
  facet normal -0 0 1
    outer loop
      vertex 36.4594 -11.0598 47
      vertex 37.8948 -11.4953 47
      vertex 37.3679 -7.43294 47
    endloop
  endfacet
  facet normal 0 0 1
    outer loop
      vertex 37.8948 -11.4953 47
      vertex 36.4594 -11.0598 47
      vertex 36.5856 -15.1543 47
    endloop
  endfacet
  facet normal -0 0 1
    outer loop
      vertex 35.1998 -14.5802 47
      vertex 36.5856 -15.1543 47
      vertex 36.4594 -11.0598 47
    endloop
  endfacet
  facet normal 0 0 1
    outer loop
      vertex 35.1998 -14.5802 47
      vertex 34.9241 -18.6673 47
      vertex 36.5856 -15.1543 47
    endloop
  endfacet
  facet normal -0 0 1
    outer loop
      vertex 33.6012 -17.9602 47
      vertex 34.9241 -18.6673 47
      vertex 35.1998 -14.5802 47
    endloop
  endfacet
  facet normal 0 0 1
    outer loop
      vertex 33.6012 -17.9602 47
      vertex 32.9262 -22.0006 47
      vertex 34.9241 -18.6673 47
    endloop
  endfacet
  facet normal -0 0 1
    outer loop
      vertex 31.679 -21.1672 47
      vertex 32.9262 -22.0006 47
      vertex 33.6012 -17.9602 47
    endloop
  endfacet
  facet normal 0 0 1
    outer loop
      vertex 31.679 -21.1672 47
      vertex 30.6112 -25.122 47
      vertex 32.9262 -22.0006 47
    endloop
  endfacet
  facet normal -0 0 1
    outer loop
      vertex 29.4517 -24.1704 47
      vertex 30.6112 -25.122 47
      vertex 31.679 -21.1672 47
    endloop
  endfacet
  facet normal 0 0 1
    outer loop
      vertex 29.4517 -24.1704 47
      vertex 28.0014 -28.0014 47
      vertex 30.6112 -25.122 47
    endloop
  endfacet
  facet normal -0 0 1
    outer loop
      vertex 26.9408 -26.9408 47
      vertex 28.0014 -28.0014 47
      vertex 29.4517 -24.1704 47
    endloop
  endfacet
  facet normal 0 0 1
    outer loop
      vertex 26.9408 -26.9408 47
      vertex 25.122 -30.6112 47
      vertex 28.0014 -28.0014 47
    endloop
  endfacet
  facet normal -0 0 1
    outer loop
      vertex 24.1704 -29.4517 47
      vertex 25.122 -30.6112 47
      vertex 26.9408 -26.9408 47
    endloop
  endfacet
  facet normal 0 0 1
    outer loop
      vertex 24.1704 -29.4517 47
      vertex 22.0006 -32.9262 47
      vertex 25.122 -30.6112 47
    endloop
  endfacet
  facet normal -0 0 1
    outer loop
      vertex 21.1672 -31.679 47
      vertex 22.0006 -32.9262 47
      vertex 24.1704 -29.4517 47
    endloop
  endfacet
  facet normal 0 0 1
    outer loop
      vertex 21.1672 -31.679 47
      vertex 18.6673 -34.9241 47
      vertex 22.0006 -32.9262 47
    endloop
  endfacet
  facet normal -0 0 1
    outer loop
      vertex 17.9602 -33.6012 47
      vertex 18.6673 -34.9241 47
      vertex 21.1672 -31.679 47
    endloop
  endfacet
  facet normal 0 0 1
    outer loop
      vertex 17.9602 -33.6012 47
      vertex 15.1543 -36.5856 47
      vertex 18.6673 -34.9241 47
    endloop
  endfacet
  facet normal -0 0 1
    outer loop
      vertex 14.5802 -35.1998 47
      vertex 15.1543 -36.5856 47
      vertex 17.9602 -33.6012 47
    endloop
  endfacet
  facet normal 0 0 1
    outer loop
      vertex 14.5802 -35.1998 47
      vertex 11.4953 -37.8948 47
      vertex 15.1543 -36.5856 47
    endloop
  endfacet
  facet normal -0 0 1
    outer loop
      vertex 11.0598 -36.4594 47
      vertex 11.4953 -37.8948 47
      vertex 14.5802 -35.1998 47
    endloop
  endfacet
  facet normal 0 0 1
    outer loop
      vertex 11.0598 -36.4594 47
      vertex 7.72558 -38.8391 47
      vertex 11.4953 -37.8948 47
    endloop
  endfacet
  facet normal -0 0 1
    outer loop
      vertex 7.43294 -37.3679 47
      vertex 7.72558 -38.8391 47
      vertex 11.0598 -36.4594 47
    endloop
  endfacet
  facet normal 0 0 1
    outer loop
      vertex 7.43294 -37.3679 47
      vertex 3.88148 -39.4093 47
      vertex 7.72558 -38.8391 47
    endloop
  endfacet
  facet normal -0 0 1
    outer loop
      vertex 3.73445 -37.9165 47
      vertex 3.88148 -39.4093 47
      vertex 7.43294 -37.3679 47
    endloop
  endfacet
  facet normal -0 0 1
    outer loop
      vertex 0 -38.1 47
      vertex 3.88148 -39.4093 47
      vertex 3.73445 -37.9165 47
    endloop
  endfacet
  facet normal 0 0 1
    outer loop
      vertex 0 -38.1 47
      vertex 0 -39.6 47
      vertex 3.88148 -39.4093 47
    endloop
  endfacet
  facet normal 0 0 1
    outer loop
      vertex -3.73445 -37.9165 47
      vertex 0 -39.6 47
      vertex 0 -38.1 47
    endloop
  endfacet
  facet normal 0 0 1
    outer loop
      vertex -3.73445 -37.9165 47
      vertex -3.88148 -39.4093 47
      vertex 0 -39.6 47
    endloop
  endfacet
  facet normal 0 0 1
    outer loop
      vertex -7.43294 -37.3679 47
      vertex -3.88148 -39.4093 47
      vertex -3.73445 -37.9165 47
    endloop
  endfacet
  facet normal 0 0 1
    outer loop
      vertex -7.43294 -37.3679 47
      vertex -7.72558 -38.8391 47
      vertex -3.88148 -39.4093 47
    endloop
  endfacet
  facet normal 0 0 1
    outer loop
      vertex -11.0598 -36.4594 47
      vertex -7.72558 -38.8391 47
      vertex -7.43294 -37.3679 47
    endloop
  endfacet
  facet normal 0 0 1
    outer loop
      vertex -11.0598 -36.4594 47
      vertex -11.4953 -37.8948 47
      vertex -7.72558 -38.8391 47
    endloop
  endfacet
  facet normal 0 0 1
    outer loop
      vertex -14.5802 -35.1998 47
      vertex -11.4953 -37.8948 47
      vertex -11.0598 -36.4594 47
    endloop
  endfacet
  facet normal 0 0 1
    outer loop
      vertex -14.5802 -35.1998 47
      vertex -15.1543 -36.5856 47
      vertex -11.4953 -37.8948 47
    endloop
  endfacet
  facet normal 0 0 1
    outer loop
      vertex -17.9602 -33.6012 47
      vertex -15.1543 -36.5856 47
      vertex -14.5802 -35.1998 47
    endloop
  endfacet
  facet normal 0 0 1
    outer loop
      vertex -17.9602 -33.6012 47
      vertex -18.6673 -34.9241 47
      vertex -15.1543 -36.5856 47
    endloop
  endfacet
  facet normal 0 0 1
    outer loop
      vertex -21.1672 -31.679 47
      vertex -18.6673 -34.9241 47
      vertex -17.9602 -33.6012 47
    endloop
  endfacet
  facet normal 0 0 1
    outer loop
      vertex -21.1672 -31.679 47
      vertex -22.0006 -32.9262 47
      vertex -18.6673 -34.9241 47
    endloop
  endfacet
  facet normal 0 0 1
    outer loop
      vertex -24.1704 -29.4517 47
      vertex -22.0006 -32.9262 47
      vertex -21.1672 -31.679 47
    endloop
  endfacet
  facet normal 0 0 1
    outer loop
      vertex -24.1704 -29.4517 47
      vertex -25.122 -30.6112 47
      vertex -22.0006 -32.9262 47
    endloop
  endfacet
  facet normal 0 0 1
    outer loop
      vertex -26.9408 -26.9408 47
      vertex -25.122 -30.6112 47
      vertex -24.1704 -29.4517 47
    endloop
  endfacet
  facet normal 0 0 1
    outer loop
      vertex -26.9408 -26.9408 47
      vertex -28.0014 -28.0014 47
      vertex -25.122 -30.6112 47
    endloop
  endfacet
  facet normal 0 0 1
    outer loop
      vertex -29.4517 -24.1704 47
      vertex -28.0014 -28.0014 47
      vertex -26.9408 -26.9408 47
    endloop
  endfacet
  facet normal 0 0 1
    outer loop
      vertex -29.4517 -24.1704 47
      vertex -30.6112 -25.122 47
      vertex -28.0014 -28.0014 47
    endloop
  endfacet
  facet normal 0 0 1
    outer loop
      vertex -31.679 -21.1672 47
      vertex -30.6112 -25.122 47
      vertex -29.4517 -24.1704 47
    endloop
  endfacet
  facet normal 0 0 1
    outer loop
      vertex -31.679 -21.1672 47
      vertex -32.9262 -22.0006 47
      vertex -30.6112 -25.122 47
    endloop
  endfacet
  facet normal 0 0 1
    outer loop
      vertex -33.6012 -17.9602 47
      vertex -32.9262 -22.0006 47
      vertex -31.679 -21.1672 47
    endloop
  endfacet
  facet normal 0 0 1
    outer loop
      vertex -33.6012 -17.9602 47
      vertex -34.9241 -18.6673 47
      vertex -32.9262 -22.0006 47
    endloop
  endfacet
  facet normal 0 0 1
    outer loop
      vertex -35.1998 -14.5802 47
      vertex -34.9241 -18.6673 47
      vertex -33.6012 -17.9602 47
    endloop
  endfacet
  facet normal 0 0 1
    outer loop
      vertex -36.5856 -15.1543 47
      vertex -35.1998 -14.5802 47
      vertex -36.4594 -11.0598 47
    endloop
  endfacet
  facet normal 0 0 1
    outer loop
      vertex -35.1998 -14.5802 47
      vertex -36.5856 -15.1543 47
      vertex -34.9241 -18.6673 47
    endloop
  endfacet
  facet normal 0 0 1
    outer loop
      vertex -37.8948 -11.4953 47
      vertex -36.4594 -11.0598 47
      vertex -37.3679 -7.43294 47
    endloop
  endfacet
  facet normal 0 0 1
    outer loop
      vertex -36.4594 -11.0598 47
      vertex -37.8948 -11.4953 47
      vertex -36.5856 -15.1543 47
    endloop
  endfacet
  facet normal 0 0 1
    outer loop
      vertex -38.8391 -7.72558 47
      vertex -37.3679 -7.43294 47
      vertex -37.9165 -3.73445 47
    endloop
  endfacet
  facet normal 0 0 1
    outer loop
      vertex -39.4093 -3.88148 47
      vertex -37.9165 -3.73445 47
      vertex -38.1 0 47
    endloop
  endfacet
  facet normal 0 0 1
    outer loop
      vertex -37.9165 3.73445 47
      vertex -39.4093 3.88148 47
      vertex -38.1 0 47
    endloop
  endfacet
  facet normal 0 0 1
    outer loop
      vertex -37.3679 -7.43294 47
      vertex -38.8391 -7.72558 47
      vertex -37.8948 -11.4953 47
    endloop
  endfacet
  facet normal 0 0 1
    outer loop
      vertex -39.6 0 47
      vertex -38.1 0 47
      vertex -39.4093 3.88148 47
    endloop
  endfacet
  facet normal 0 0 1
    outer loop
      vertex -37.9165 -3.73445 47
      vertex -39.4093 -3.88148 47
      vertex -38.8391 -7.72558 47
    endloop
  endfacet
  facet normal 0 0 1
    outer loop
      vertex -38.1 0 47
      vertex -39.6 0 47
      vertex -39.4093 -3.88148 47
    endloop
  endfacet
  facet normal 0.671568 0.740943 -0
    outer loop
      vertex 28.0014 28.0014 7
      vertex 25.122 30.6112 47
      vertex 28.0014 28.0014 47
    endloop
  endfacet
  facet normal 0.671568 0.740943 0
    outer loop
      vertex 25.122 30.6112 47
      vertex 28.0014 28.0014 7
      vertex 25.122 30.6112 7
    endloop
  endfacet
  facet normal 0.146717 -0.989179 0
    outer loop
      vertex 3.88148 -39.4093 15.45
      vertex 3.88148 -39.4093 7
      vertex 6.55 -39.0135 15.45
    endloop
  endfacet
  facet normal 0.146717 -0.989179 0
    outer loop
      vertex 6.55 -39.0135 38.55
      vertex 3.88148 -39.4093 47
      vertex 3.88148 -39.4093 38.55
    endloop
  endfacet
  facet normal 0.146726 -0.989177 2.90285e-06
    outer loop
      vertex 3.88148 -39.4093 47
      vertex 6.55 -39.0135 38.55
      vertex 7.72558 -38.8391 47
    endloop
  endfacet
  facet normal 0.146746 -0.989174 0
    outer loop
      vertex 6.55 -39.0135 15.45
      vertex 7.72558 -38.8391 47
      vertex 6.55 -39.0135 38.55
    endloop
  endfacet
  facet normal 0.146746 -0.989174 0
    outer loop
      vertex 6.55 -39.0135 15.45
      vertex 7.72558 -38.8391 7
      vertex 7.72558 -38.8391 47
    endloop
  endfacet
  facet normal 0.146726 -0.989177 -2.90285e-06
    outer loop
      vertex 7.72558 -38.8391 7
      vertex 6.55 -39.0135 15.45
      vertex 3.88148 -39.4093 7
    endloop
  endfacet
  facet normal 0.803206 -0.595701 0
    outer loop
      vertex 30.6112 -25.122 47
      vertex 32.9262 -22.0006 7
      vertex 32.9262 -22.0006 47
    endloop
  endfacet
  facet normal 0.803206 -0.595701 0
    outer loop
      vertex 32.9262 -22.0006 7
      vertex 30.6112 -25.122 47
      vertex 30.6112 -25.122 7
    endloop
  endfacet
  facet normal 0.42755 0.903992 -0
    outer loop
      vertex 18.6673 34.9241 7
      vertex 15.1543 36.5856 47
      vertex 18.6673 34.9241 47
    endloop
  endfacet
  facet normal 0.42755 0.903992 0
    outer loop
      vertex 15.1543 36.5856 47
      vertex 18.6673 34.9241 7
      vertex 15.1543 36.5856 7
    endloop
  endfacet
  facet normal 0.595701 -0.803206 0
    outer loop
      vertex 22.0006 -32.9262 7
      vertex 25.122 -30.6112 47
      vertex 22.0006 -32.9262 47
    endloop
  endfacet
  facet normal 0.595701 -0.803206 0
    outer loop
      vertex 25.122 -30.6112 47
      vertex 22.0006 -32.9262 7
      vertex 25.122 -30.6112 7
    endloop
  endfacet
  facet normal 0.857729 -0.514102 0
    outer loop
      vertex 32.9262 -22.0006 47
      vertex 34.9241 -18.6673 7
      vertex 34.9241 -18.6673 47
    endloop
  endfacet
  facet normal 0.857729 -0.514102 0
    outer loop
      vertex 34.9241 -18.6673 7
      vertex 32.9262 -22.0006 47
      vertex 32.9262 -22.0006 7
    endloop
  endfacet
  facet normal -0.803206 0.595701 0
    outer loop
      vertex -32.9262 22.0006 7
      vertex -30.6112 25.122 47
      vertex -30.6112 25.122 7
    endloop
  endfacet
  facet normal -0.803206 0.595701 0
    outer loop
      vertex -30.6112 25.122 47
      vertex -32.9262 22.0006 7
      vertex -32.9262 22.0006 47
    endloop
  endfacet
  facet normal -0.0490716 -0.998795 -5.17168e-06
    outer loop
      vertex -0.353547 -39.5826 41.2114
      vertex 0 -39.6 47
      vertex -3.88148 -39.4093 47
    endloop
  endfacet
  facet normal -0.0489129 -0.998803 -0
    outer loop
      vertex 0 -39.6 47
      vertex -0.0735121 -39.5964 41.2964
      vertex 0 -39.6 41.3
    endloop
  endfacet
  facet normal -0.0493878 -0.99878 6.1353e-06
    outer loop
      vertex 0 -39.6 47
      vertex -0.146317 -39.5928 41.2856
      vertex -0.0735121 -39.5964 41.2964
    endloop
  endfacet
  facet normal -0.0489624 -0.998801 -4.78424e-06
    outer loop
      vertex 0 -39.6 47
      vertex -0.217713 -39.5893 41.2677
      vertex -0.146317 -39.5928 41.2856
    endloop
  endfacet
  facet normal -0.0490027 -0.998799 -3.2502e-06
    outer loop
      vertex 0 -39.6 47
      vertex -0.287012 -39.5859 41.2429
      vertex -0.217713 -39.5893 41.2677
    endloop
  endfacet
  facet normal -0.0495484 -0.998772 2.40237e-05
    outer loop
      vertex 0 -39.6 47
      vertex -0.353547 -39.5826 41.2114
      vertex -0.287012 -39.5859 41.2429
    endloop
  endfacet
  facet normal -0.0490505 -0.998796 7.68275e-06
    outer loop
      vertex -3.88148 -39.4093 47
      vertex -0.416677 -39.5795 41.1736
      vertex -0.353547 -39.5826 41.2114
    endloop
  endfacet
  facet normal -0.0490163 -0.998798 2.80895e-05
    outer loop
      vertex -3.88148 -39.4093 47
      vertex -0.475795 -39.5766 41.1298
      vertex -0.416677 -39.5795 41.1736
    endloop
  endfacet
  facet normal -0.0493163 -0.998783 -0.000146419
    outer loop
      vertex -3.88148 -39.4093 47
      vertex -0.53033 -39.5739 41.0803
      vertex -0.475795 -39.5766 41.1298
    endloop
  endfacet
  facet normal -0.0487136 -0.998813 0.000195646
    outer loop
      vertex -3.88148 -39.4093 47
      vertex -0.579758 -39.5715 41.0258
      vertex -0.53033 -39.5739 41.0803
    endloop
  endfacet
  facet normal -0.048365 -0.99883 0.000388725
    outer loop
      vertex -3.88148 -39.4093 47
      vertex -0.623602 -39.5694 40.9667
      vertex -0.579758 -39.5715 41.0258
    endloop
  endfacet
  facet normal -0.0496439 -0.998767 -0.00030351
    outer loop
      vertex -3.88148 -39.4093 47
      vertex -0.661441 -39.5675 40.9035
      vertex -0.623602 -39.5694 40.9667
    endloop
  endfacet
  facet normal -0.0490707 -0.998795 0
    outer loop
      vertex -3.88148 -39.4093 38.55
      vertex -0.661441 -39.5675 40.9035
      vertex -3.88148 -39.4093 47
    endloop
  endfacet
  facet normal -0.049841 -0.998757 0.00105656
    outer loop
      vertex -0.661441 -39.5675 40.9035
      vertex -3.88148 -39.4093 38.55
      vertex -0.692909 -39.566 40.837
    endloop
  endfacet
  facet normal -0.0479554 -0.998848 -0.00157866
    outer loop
      vertex -0.692909 -39.566 40.837
      vertex -3.88148 -39.4093 38.55
      vertex -0.717705 -39.5647 40.7677
    endloop
  endfacet
  facet normal -0.0499894 -0.998749 0.00132998
    outer loop
      vertex -0.717705 -39.5647 40.7677
      vertex -3.88148 -39.4093 38.55
      vertex -0.735588 -39.5639 40.6963
    endloop
  endfacet
  facet normal -0.0483647 -0.998829 -0.00105713
    outer loop
      vertex -0.735588 -39.5639 40.6963
      vertex -3.88148 -39.4093 38.55
      vertex -0.746388 -39.5633 40.6235
    endloop
  endfacet
  facet normal -0.0497797 -0.99876 0.00108746
    outer loop
      vertex -0.746388 -39.5633 40.6235
      vertex -3.88148 -39.4093 38.55
      vertex -0.75 -39.5632 40.55
    endloop
  endfacet
  facet normal -0.0484361 -0.998826 -0.00102134
    outer loop
      vertex -0.75 -39.5632 40.55
      vertex -3.88148 -39.4093 38.55
      vertex -0.746388 -39.5633 40.4765
    endloop
  endfacet
  facet normal -0.0495978 -0.998769 0.0008737
    outer loop
      vertex -0.746388 -39.5633 40.4765
      vertex -3.88148 -39.4093 38.55
      vertex -0.735588 -39.5639 40.4037
    endloop
  endfacet
  facet normal -0.0485193 -0.998822 -0.000960971
    outer loop
      vertex -0.735588 -39.5639 40.4037
      vertex -3.88148 -39.4093 38.55
      vertex -0.717705 -39.5647 40.3323
    endloop
  endfacet
  facet normal -0.0496125 -0.998768 0.000984231
    outer loop
      vertex -0.717705 -39.5647 40.3323
      vertex -3.88148 -39.4093 38.55
      vertex -0.692909 -39.566 40.263
    endloop
  endfacet
  facet normal -0.0487868 -0.998809 -0.000556517
    outer loop
      vertex -0.692909 -39.566 40.263
      vertex -3.88148 -39.4093 38.55
      vertex -0.661441 -39.5675 40.1965
    endloop
  endfacet
  facet normal -0.0493235 -0.998783 0.000495785
    outer loop
      vertex -3.88148 -39.4093 38.55
      vertex -0.623602 -39.5694 40.1333
      vertex -0.661441 -39.5675 40.1965
    endloop
  endfacet
  facet normal -0.0487544 -0.998811 -0.000678233
    outer loop
      vertex -3.88148 -39.4093 38.55
      vertex -0.579758 -39.5715 40.0742
      vertex -0.623602 -39.5694 40.1333
    endloop
  endfacet
  facet normal -0.048899 -0.998804 -0.000364215
    outer loop
      vertex -3.88148 -39.4093 38.55
      vertex -0.53033 -39.5739 40.0197
      vertex -0.579758 -39.5715 40.0742
    endloop
  endfacet
  facet normal -0.0490716 -0.998795 3.02368e-05
    outer loop
      vertex 0 -39.6 38.55
      vertex -0.53033 -39.5739 40.0197
      vertex -3.88148 -39.4093 38.55
    endloop
  endfacet
  facet normal -0.049592 -0.99877 -0.000158019
    outer loop
      vertex -0.53033 -39.5739 40.0197
      vertex 0 -39.6 38.55
      vertex -0.475795 -39.5766 39.9702
    endloop
  endfacet
  facet normal -0.0489539 -0.998801 5.62652e-05
    outer loop
      vertex -0.475795 -39.5766 39.9702
      vertex 0 -39.6 38.55
      vertex -0.416677 -39.5795 39.9264
    endloop
  endfacet
  facet normal -0.0490252 -0.998798 3.46257e-05
    outer loop
      vertex -0.416677 -39.5795 39.9264
      vertex 0 -39.6 38.55
      vertex -0.353547 -39.5826 39.8886
    endloop
  endfacet
  facet normal -0.0495915 -0.99877 -0.000115301
    outer loop
      vertex -0.353547 -39.5826 39.8886
      vertex 0 -39.6 38.55
      vertex -0.287012 -39.5859 39.8571
    endloop
  endfacet
  facet normal -0.0489984 -0.998799 1.52591e-05
    outer loop
      vertex -0.287012 -39.5859 39.8571
      vertex 0 -39.6 38.55
      vertex -0.217713 -39.5893 39.8323
    endloop
  endfacet
  facet normal -0.048958 -0.998801 2.21253e-05
    outer loop
      vertex -0.217713 -39.5893 39.8323
      vertex 0 -39.6 38.55
      vertex -0.146317 -39.5928 39.8144
    endloop
  endfacet
  facet normal -0.049391 -0.99878 -2.81054e-05
    outer loop
      vertex -0.146317 -39.5928 39.8144
      vertex 0 -39.6 38.55
      vertex -0.0735121 -39.5964 39.8036
    endloop
  endfacet
  facet normal -0.0489129 -0.998803 0
    outer loop
      vertex -0.0735121 -39.5964 39.8036
      vertex 0 -39.6 38.55
      vertex 0 -39.6 39.8
    endloop
  endfacet
  facet normal -0.0490716 -0.998795 -3.02368e-05
    outer loop
      vertex -0.53033 -39.5739 13.9803
      vertex 0 -39.6 15.45
      vertex -3.88148 -39.4093 15.45
    endloop
  endfacet
  facet normal -0.0489129 -0.998803 -0
    outer loop
      vertex 0 -39.6 15.45
      vertex -0.0735121 -39.5964 14.1964
      vertex 0 -39.6 14.2
    endloop
  endfacet
  facet normal -0.049391 -0.99878 2.81054e-05
    outer loop
      vertex 0 -39.6 15.45
      vertex -0.146317 -39.5928 14.1856
      vertex -0.0735121 -39.5964 14.1964
    endloop
  endfacet
  facet normal -0.048958 -0.998801 -2.21253e-05
    outer loop
      vertex 0 -39.6 15.45
      vertex -0.217713 -39.5893 14.1677
      vertex -0.146317 -39.5928 14.1856
    endloop
  endfacet
  facet normal -0.0489984 -0.998799 -1.52591e-05
    outer loop
      vertex 0 -39.6 15.45
      vertex -0.287012 -39.5859 14.1429
      vertex -0.217713 -39.5893 14.1677
    endloop
  endfacet
  facet normal -0.0495915 -0.99877 0.000115301
    outer loop
      vertex 0 -39.6 15.45
      vertex -0.353547 -39.5826 14.1114
      vertex -0.287012 -39.5859 14.1429
    endloop
  endfacet
  facet normal -0.0490252 -0.998798 -3.46257e-05
    outer loop
      vertex 0 -39.6 15.45
      vertex -0.416677 -39.5795 14.0736
      vertex -0.353547 -39.5826 14.1114
    endloop
  endfacet
  facet normal -0.0489539 -0.998801 -5.62652e-05
    outer loop
      vertex 0 -39.6 15.45
      vertex -0.475795 -39.5766 14.0298
      vertex -0.416677 -39.5795 14.0736
    endloop
  endfacet
  facet normal -0.049592 -0.99877 0.000158019
    outer loop
      vertex 0 -39.6 15.45
      vertex -0.53033 -39.5739 13.9803
      vertex -0.475795 -39.5766 14.0298
    endloop
  endfacet
  facet normal -0.048899 -0.998804 0.000364215
    outer loop
      vertex -3.88148 -39.4093 15.45
      vertex -0.579758 -39.5715 13.9258
      vertex -0.53033 -39.5739 13.9803
    endloop
  endfacet
  facet normal -0.0487544 -0.998811 0.000678233
    outer loop
      vertex -3.88148 -39.4093 15.45
      vertex -0.623602 -39.5694 13.8667
      vertex -0.579758 -39.5715 13.9258
    endloop
  endfacet
  facet normal -0.0493235 -0.998783 -0.000495785
    outer loop
      vertex -3.88148 -39.4093 15.45
      vertex -0.661441 -39.5675 13.8035
      vertex -0.623602 -39.5694 13.8667
    endloop
  endfacet
  facet normal -0.0487868 -0.998809 0.000556517
    outer loop
      vertex -3.88148 -39.4093 15.45
      vertex -0.692909 -39.566 13.737
      vertex -0.661441 -39.5675 13.8035
    endloop
  endfacet
  facet normal -0.0496125 -0.998768 -0.000984231
    outer loop
      vertex -3.88148 -39.4093 15.45
      vertex -0.717705 -39.5647 13.6677
      vertex -0.692909 -39.566 13.737
    endloop
  endfacet
  facet normal -0.0485193 -0.998822 0.000960971
    outer loop
      vertex -3.88148 -39.4093 15.45
      vertex -0.735588 -39.5639 13.5963
      vertex -0.717705 -39.5647 13.6677
    endloop
  endfacet
  facet normal -0.0495978 -0.998769 -0.0008737
    outer loop
      vertex -3.88148 -39.4093 15.45
      vertex -0.746388 -39.5633 13.5235
      vertex -0.735588 -39.5639 13.5963
    endloop
  endfacet
  facet normal -0.0484361 -0.998826 0.00102134
    outer loop
      vertex -3.88148 -39.4093 15.45
      vertex -0.75 -39.5632 13.45
      vertex -0.746388 -39.5633 13.5235
    endloop
  endfacet
  facet normal -0.0497797 -0.99876 -0.00108746
    outer loop
      vertex -3.88148 -39.4093 15.45
      vertex -0.746388 -39.5633 13.3765
      vertex -0.75 -39.5632 13.45
    endloop
  endfacet
  facet normal -0.0483647 -0.998829 0.00105713
    outer loop
      vertex -3.88148 -39.4093 15.45
      vertex -0.735588 -39.5639 13.3037
      vertex -0.746388 -39.5633 13.3765
    endloop
  endfacet
  facet normal -0.0499894 -0.998749 -0.00132998
    outer loop
      vertex -3.88148 -39.4093 15.45
      vertex -0.717705 -39.5647 13.2323
      vertex -0.735588 -39.5639 13.3037
    endloop
  endfacet
  facet normal -0.0479554 -0.998848 0.00157866
    outer loop
      vertex -3.88148 -39.4093 15.45
      vertex -0.692909 -39.566 13.163
      vertex -0.717705 -39.5647 13.2323
    endloop
  endfacet
  facet normal -0.049841 -0.998757 -0.00105656
    outer loop
      vertex -3.88148 -39.4093 15.45
      vertex -0.661441 -39.5675 13.0965
      vertex -0.692909 -39.566 13.163
    endloop
  endfacet
  facet normal -0.0490707 -0.998795 0
    outer loop
      vertex -3.88148 -39.4093 7
      vertex -0.661441 -39.5675 13.0965
      vertex -3.88148 -39.4093 15.45
    endloop
  endfacet
  facet normal -0.0496439 -0.998767 0.00030351
    outer loop
      vertex -0.661441 -39.5675 13.0965
      vertex -3.88148 -39.4093 7
      vertex -0.623602 -39.5694 13.0333
    endloop
  endfacet
  facet normal -0.048365 -0.99883 -0.000388725
    outer loop
      vertex -0.623602 -39.5694 13.0333
      vertex -3.88148 -39.4093 7
      vertex -0.579758 -39.5715 12.9742
    endloop
  endfacet
  facet normal -0.0487136 -0.998813 -0.000195646
    outer loop
      vertex -0.579758 -39.5715 12.9742
      vertex -3.88148 -39.4093 7
      vertex -0.53033 -39.5739 12.9197
    endloop
  endfacet
  facet normal -0.0493163 -0.998783 0.000146419
    outer loop
      vertex -0.53033 -39.5739 12.9197
      vertex -3.88148 -39.4093 7
      vertex -0.475795 -39.5766 12.8702
    endloop
  endfacet
  facet normal -0.0490163 -0.998798 -2.80895e-05
    outer loop
      vertex -3.88148 -39.4093 7
      vertex -0.416677 -39.5795 12.8264
      vertex -0.475795 -39.5766 12.8702
    endloop
  endfacet
  facet normal -0.0490505 -0.998796 -7.68275e-06
    outer loop
      vertex -3.88148 -39.4093 7
      vertex -0.353547 -39.5826 12.7886
      vertex -0.416677 -39.5795 12.8264
    endloop
  endfacet
  facet normal -0.0490716 -0.998795 5.17168e-06
    outer loop
      vertex 0 -39.6 7
      vertex -0.353547 -39.5826 12.7886
      vertex -3.88148 -39.4093 7
    endloop
  endfacet
  facet normal -0.0495484 -0.998772 -2.40237e-05
    outer loop
      vertex -0.353547 -39.5826 12.7886
      vertex 0 -39.6 7
      vertex -0.287012 -39.5859 12.7571
    endloop
  endfacet
  facet normal -0.0490027 -0.998799 3.2502e-06
    outer loop
      vertex -0.287012 -39.5859 12.7571
      vertex 0 -39.6 7
      vertex -0.217713 -39.5893 12.7323
    endloop
  endfacet
  facet normal -0.0489624 -0.998801 4.78424e-06
    outer loop
      vertex -0.217713 -39.5893 12.7323
      vertex 0 -39.6 7
      vertex -0.146317 -39.5928 12.7144
    endloop
  endfacet
  facet normal -0.0493878 -0.99878 -6.1353e-06
    outer loop
      vertex -0.146317 -39.5928 12.7144
      vertex 0 -39.6 7
      vertex -0.0735121 -39.5964 12.7036
    endloop
  endfacet
  facet normal -0.0489129 -0.998803 0
    outer loop
      vertex -0.0735121 -39.5964 12.7036
      vertex 0 -39.6 7
      vertex 0 -39.6 12.7
    endloop
  endfacet
  facet normal 0.146726 0.989177 2.90285e-06
    outer loop
      vertex 7.72558 38.8391 47
      vertex 6.55 39.0135 38.55
      vertex 3.88148 39.4093 47
    endloop
  endfacet
  facet normal 0.146746 0.989174 0
    outer loop
      vertex 7.72558 38.8391 47
      vertex 6.55 39.0135 15.45
      vertex 6.55 39.0135 38.55
    endloop
  endfacet
  facet normal 0.146746 0.989174 -0
    outer loop
      vertex 7.72558 38.8391 7
      vertex 6.55 39.0135 15.45
      vertex 7.72558 38.8391 47
    endloop
  endfacet
  facet normal 0.146726 0.989177 -2.90285e-06
    outer loop
      vertex 3.88148 39.4093 7
      vertex 6.55 39.0135 15.45
      vertex 7.72558 38.8391 7
    endloop
  endfacet
  facet normal 0.146717 0.989179 0
    outer loop
      vertex 6.55 39.0135 15.45
      vertex 3.88148 39.4093 7
      vertex 3.88148 39.4093 15.45
    endloop
  endfacet
  facet normal 0.146717 0.989179 0
    outer loop
      vertex 3.88148 39.4093 47
      vertex 6.55 39.0135 38.55
      vertex 3.88148 39.4093 38.55
    endloop
  endfacet
  facet normal -0.970029 -0.242988 0
    outer loop
      vertex -37.8948 -11.4953 7
      vertex -38.8391 -7.72558 47
      vertex -38.8391 -7.72558 7
    endloop
  endfacet
  facet normal -0.970029 -0.242988 0
    outer loop
      vertex -38.8391 -7.72558 47
      vertex -37.8948 -11.4953 7
      vertex -37.8948 -11.4953 47
    endloop
  endfacet
  facet normal -0.857729 -0.514102 0
    outer loop
      vertex -32.9262 -22.0006 7
      vertex -34.9241 -18.6673 47
      vertex -34.9241 -18.6673 7
    endloop
  endfacet
  facet normal -0.857729 -0.514102 0
    outer loop
      vertex -34.9241 -18.6673 47
      vertex -32.9262 -22.0006 7
      vertex -32.9262 -22.0006 47
    endloop
  endfacet
  facet normal 0.740943 0.671568 0
    outer loop
      vertex 30.6112 25.122 47
      vertex 28.0014 28.0014 7
      vertex 28.0014 28.0014 47
    endloop
  endfacet
  facet normal 0.740943 0.671568 0
    outer loop
      vertex 28.0014 28.0014 7
      vertex 30.6112 25.122 47
      vertex 30.6112 25.122 7
    endloop
  endfacet
  facet normal -0.970029 0.242988 0
    outer loop
      vertex -38.8391 7.72558 7
      vertex -37.8948 11.4953 47
      vertex -37.8948 11.4953 7
    endloop
  endfacet
  facet normal -0.970029 0.242988 0
    outer loop
      vertex -37.8948 11.4953 47
      vertex -38.8391 7.72558 7
      vertex -38.8391 7.72558 47
    endloop
  endfacet
  facet normal -0.595701 0.803206 0
    outer loop
      vertex -22.0006 32.9262 7
      vertex -25.122 30.6112 47
      vertex -22.0006 32.9262 47
    endloop
  endfacet
  facet normal -0.595701 0.803206 0
    outer loop
      vertex -25.122 30.6112 47
      vertex -22.0006 32.9262 7
      vertex -25.122 30.6112 7
    endloop
  endfacet
  facet normal -0.941545 0.336887 0
    outer loop
      vertex -37.8948 11.4953 7
      vertex -36.5856 15.1543 47
      vertex -36.5856 15.1543 7
    endloop
  endfacet
  facet normal -0.941545 0.336887 0
    outer loop
      vertex -36.5856 15.1543 47
      vertex -37.8948 11.4953 7
      vertex -37.8948 11.4953 47
    endloop
  endfacet
  facet normal 0.595701 0.803206 -0
    outer loop
      vertex 25.122 30.6112 7
      vertex 22.0006 32.9262 47
      vertex 25.122 30.6112 47
    endloop
  endfacet
  facet normal 0.595701 0.803206 0
    outer loop
      vertex 22.0006 32.9262 47
      vertex 25.122 30.6112 7
      vertex 22.0006 32.9262 7
    endloop
  endfacet
  facet normal 0.42755 -0.903992 0
    outer loop
      vertex 15.1543 -36.5856 7
      vertex 18.6673 -34.9241 47
      vertex 15.1543 -36.5856 47
    endloop
  endfacet
  facet normal 0.42755 -0.903992 0
    outer loop
      vertex 18.6673 -34.9241 47
      vertex 15.1543 -36.5856 7
      vertex 18.6673 -34.9241 7
    endloop
  endfacet
  facet normal 0.941545 0.336887 0
    outer loop
      vertex 37.8948 11.4953 47
      vertex 36.5856 15.1543 7
      vertex 36.5856 15.1543 47
    endloop
  endfacet
  facet normal 0.941545 0.336887 0
    outer loop
      vertex 36.5856 15.1543 7
      vertex 37.8948 11.4953 47
      vertex 37.8948 11.4953 7
    endloop
  endfacet
  facet normal -0.671568 0.740943 0
    outer loop
      vertex -25.122 30.6112 7
      vertex -28.0014 28.0014 47
      vertex -25.122 30.6112 47
    endloop
  endfacet
  facet normal -0.671568 0.740943 0
    outer loop
      vertex -28.0014 28.0014 47
      vertex -25.122 30.6112 7
      vertex -28.0014 28.0014 7
    endloop
  endfacet
  facet normal -0.514102 0.857729 0
    outer loop
      vertex -18.6673 34.9241 7
      vertex -22.0006 32.9262 47
      vertex -18.6673 34.9241 47
    endloop
  endfacet
  facet normal -0.514102 0.857729 0
    outer loop
      vertex -22.0006 32.9262 47
      vertex -18.6673 34.9241 7
      vertex -22.0006 32.9262 7
    endloop
  endfacet
  facet normal 0.903992 0.42755 0
    outer loop
      vertex 36.5856 15.1543 47
      vertex 34.9241 18.6673 7
      vertex 34.9241 18.6673 47
    endloop
  endfacet
  facet normal 0.903992 0.42755 0
    outer loop
      vertex 34.9241 18.6673 7
      vertex 36.5856 15.1543 47
      vertex 36.5856 15.1543 7
    endloop
  endfacet
  facet normal 0.970029 -0.242988 0
    outer loop
      vertex 37.8948 -11.4953 47
      vertex 38.8391 -7.72558 7
      vertex 38.8391 -7.72558 47
    endloop
  endfacet
  facet normal 0.970029 -0.242988 0
    outer loop
      vertex 38.8391 -7.72558 7
      vertex 37.8948 -11.4953 47
      vertex 37.8948 -11.4953 7
    endloop
  endfacet
  facet normal 0.857729 0.514102 0
    outer loop
      vertex 34.9241 18.6673 47
      vertex 32.9262 22.0006 7
      vertex 32.9262 22.0006 47
    endloop
  endfacet
  facet normal 0.857729 0.514102 0
    outer loop
      vertex 32.9262 22.0006 7
      vertex 34.9241 18.6673 47
      vertex 34.9241 18.6673 7
    endloop
  endfacet
  facet normal -0.941545 -0.336887 0
    outer loop
      vertex -36.5856 -15.1543 7
      vertex -37.8948 -11.4953 47
      vertex -37.8948 -11.4953 7
    endloop
  endfacet
  facet normal -0.941545 -0.336887 0
    outer loop
      vertex -37.8948 -11.4953 47
      vertex -36.5856 -15.1543 7
      vertex -36.5856 -15.1543 47
    endloop
  endfacet
  facet normal -0.903992 0.42755 0
    outer loop
      vertex -36.5856 15.1543 7
      vertex -34.9241 18.6673 47
      vertex -34.9241 18.6673 7
    endloop
  endfacet
  facet normal -0.903992 0.42755 0
    outer loop
      vertex -34.9241 18.6673 47
      vertex -36.5856 15.1543 7
      vertex -36.5856 15.1543 47
    endloop
  endfacet
  facet normal 0.242988 0.970029 -0
    outer loop
      vertex 11.4953 37.8948 7
      vertex 7.72558 38.8391 47
      vertex 11.4953 37.8948 47
    endloop
  endfacet
  facet normal 0.242988 0.970029 0
    outer loop
      vertex 7.72558 38.8391 47
      vertex 11.4953 37.8948 7
      vertex 7.72558 38.8391 7
    endloop
  endfacet
  facet normal -0.740943 -0.671568 0
    outer loop
      vertex -28.0014 -28.0014 7
      vertex -30.6112 -25.122 47
      vertex -30.6112 -25.122 7
    endloop
  endfacet
  facet normal -0.740943 -0.671568 0
    outer loop
      vertex -30.6112 -25.122 47
      vertex -28.0014 -28.0014 7
      vertex -28.0014 -28.0014 47
    endloop
  endfacet
  facet normal -0.595701 -0.803206 0
    outer loop
      vertex -25.122 -30.6112 7
      vertex -22.0006 -32.9262 47
      vertex -25.122 -30.6112 47
    endloop
  endfacet
  facet normal -0.595701 -0.803206 -0
    outer loop
      vertex -22.0006 -32.9262 47
      vertex -25.122 -30.6112 7
      vertex -22.0006 -32.9262 7
    endloop
  endfacet
  facet normal 0.336887 -0.941545 0
    outer loop
      vertex 11.4953 -37.8948 7
      vertex 15.1543 -36.5856 47
      vertex 11.4953 -37.8948 47
    endloop
  endfacet
  facet normal 0.336887 -0.941545 0
    outer loop
      vertex 15.1543 -36.5856 47
      vertex 11.4953 -37.8948 7
      vertex 15.1543 -36.5856 7
    endloop
  endfacet
  facet normal -0.671568 -0.740943 0
    outer loop
      vertex -28.0014 -28.0014 7
      vertex -25.122 -30.6112 47
      vertex -28.0014 -28.0014 47
    endloop
  endfacet
  facet normal -0.671568 -0.740943 -0
    outer loop
      vertex -25.122 -30.6112 47
      vertex -28.0014 -28.0014 7
      vertex -25.122 -30.6112 7
    endloop
  endfacet
  facet normal -0.998795 0.0490707 0
    outer loop
      vertex -39.5675 0.661441 13.0965
      vertex -39.4093 3.88148 15.45
      vertex -39.4093 3.88148 7
    endloop
  endfacet
  facet normal -0.99876 0.0497797 -0.00108746
    outer loop
      vertex -39.4093 3.88148 15.45
      vertex -39.5633 0.746388 13.3765
      vertex -39.5632 0.75 13.45
    endloop
  endfacet
  facet normal -0.998829 0.0483647 0.00105713
    outer loop
      vertex -39.4093 3.88148 15.45
      vertex -39.5639 0.735588 13.3037
      vertex -39.5633 0.746388 13.3765
    endloop
  endfacet
  facet normal -0.998749 0.0499894 -0.00132998
    outer loop
      vertex -39.4093 3.88148 15.45
      vertex -39.5647 0.717705 13.2323
      vertex -39.5639 0.735588 13.3037
    endloop
  endfacet
  facet normal -0.998848 0.0479554 0.00157866
    outer loop
      vertex -39.4093 3.88148 15.45
      vertex -39.566 0.692909 13.163
      vertex -39.5647 0.717705 13.2323
    endloop
  endfacet
  facet normal -0.998757 0.049841 -0.00105656
    outer loop
      vertex -39.4093 3.88148 15.45
      vertex -39.5675 0.661441 13.0965
      vertex -39.566 0.692909 13.163
    endloop
  endfacet
  facet normal -0.998767 0.0496439 0.00030351
    outer loop
      vertex -39.4093 3.88148 7
      vertex -39.5694 0.623602 13.0333
      vertex -39.5675 0.661441 13.0965
    endloop
  endfacet
  facet normal -0.99883 0.048365 -0.000388725
    outer loop
      vertex -39.4093 3.88148 7
      vertex -39.5715 0.579758 12.9742
      vertex -39.5694 0.623602 13.0333
    endloop
  endfacet
  facet normal -0.998813 0.0487136 -0.000195646
    outer loop
      vertex -39.4093 3.88148 7
      vertex -39.5739 0.53033 12.9197
      vertex -39.5715 0.579758 12.9742
    endloop
  endfacet
  facet normal -0.998783 0.0493163 0.000146419
    outer loop
      vertex -39.4093 3.88148 7
      vertex -39.5766 0.475795 12.8702
      vertex -39.5739 0.53033 12.9197
    endloop
  endfacet
  facet normal -0.998798 0.0490163 -2.80895e-05
    outer loop
      vertex -39.4093 3.88148 7
      vertex -39.5795 0.416677 12.8264
      vertex -39.5766 0.475795 12.8702
    endloop
  endfacet
  facet normal -0.998796 0.0490505 -7.68275e-06
    outer loop
      vertex -39.4093 3.88148 7
      vertex -39.5826 0.353547 12.7886
      vertex -39.5795 0.416677 12.8264
    endloop
  endfacet
  facet normal -0.998795 0.0490716 5.17168e-06
    outer loop
      vertex -39.6 0 7
      vertex -39.5826 0.353547 12.7886
      vertex -39.4093 3.88148 7
    endloop
  endfacet
  facet normal -0.998772 0.0495484 -2.40237e-05
    outer loop
      vertex -39.5826 0.353547 12.7886
      vertex -39.6 0 7
      vertex -39.5859 0.287012 12.7571
    endloop
  endfacet
  facet normal -0.998799 0.0490027 3.2502e-06
    outer loop
      vertex -39.5859 0.287012 12.7571
      vertex -39.6 0 7
      vertex -39.5893 0.217713 12.7323
    endloop
  endfacet
  facet normal -0.998801 0.0489624 4.78424e-06
    outer loop
      vertex -39.5893 0.217713 12.7323
      vertex -39.6 0 7
      vertex -39.5928 0.146317 12.7144
    endloop
  endfacet
  facet normal -0.99878 0.0493878 -6.1353e-06
    outer loop
      vertex -39.5928 0.146317 12.7144
      vertex -39.6 0 7
      vertex -39.5964 0.0735121 12.7036
    endloop
  endfacet
  facet normal -0.998803 0.0489129 0
    outer loop
      vertex -39.5964 0.0735121 12.7036
      vertex -39.6 0 7
      vertex -39.6 0 12.7
    endloop
  endfacet
  facet normal -0.998826 0.0484361 0.00102134
    outer loop
      vertex -39.5633 0.746388 13.5235
      vertex -39.4093 3.88148 15.45
      vertex -39.5632 0.75 13.45
    endloop
  endfacet
  facet normal -0.998769 0.0495978 -0.0008737
    outer loop
      vertex -39.5639 0.735588 13.5963
      vertex -39.4093 3.88148 15.45
      vertex -39.5633 0.746388 13.5235
    endloop
  endfacet
  facet normal -0.998822 0.0485193 0.000960971
    outer loop
      vertex -39.5647 0.717705 13.6677
      vertex -39.4093 3.88148 15.45
      vertex -39.5639 0.735588 13.5963
    endloop
  endfacet
  facet normal -0.998768 0.0496125 -0.000984231
    outer loop
      vertex -39.566 0.692909 13.737
      vertex -39.4093 3.88148 15.45
      vertex -39.5647 0.717705 13.6677
    endloop
  endfacet
  facet normal -0.998809 0.0487868 0.000556517
    outer loop
      vertex -39.5675 0.661441 13.8035
      vertex -39.4093 3.88148 15.45
      vertex -39.566 0.692909 13.737
    endloop
  endfacet
  facet normal -0.998783 0.0493235 -0.000495785
    outer loop
      vertex -39.5694 0.623602 13.8667
      vertex -39.4093 3.88148 15.45
      vertex -39.5675 0.661441 13.8035
    endloop
  endfacet
  facet normal -0.998811 0.0487544 0.000678233
    outer loop
      vertex -39.5715 0.579758 13.9258
      vertex -39.4093 3.88148 15.45
      vertex -39.5694 0.623602 13.8667
    endloop
  endfacet
  facet normal -0.998804 0.048899 0.000364215
    outer loop
      vertex -39.5739 0.53033 13.9803
      vertex -39.4093 3.88148 15.45
      vertex -39.5715 0.579758 13.9258
    endloop
  endfacet
  facet normal -0.99877 0.049592 0.000158019
    outer loop
      vertex -39.6 0 15.45
      vertex -39.5739 0.53033 13.9803
      vertex -39.5766 0.475795 14.0298
    endloop
  endfacet
  facet normal -0.998801 0.0489539 -5.62652e-05
    outer loop
      vertex -39.6 0 15.45
      vertex -39.5766 0.475795 14.0298
      vertex -39.5795 0.416677 14.0736
    endloop
  endfacet
  facet normal -0.998798 0.0490252 -3.46257e-05
    outer loop
      vertex -39.6 0 15.45
      vertex -39.5795 0.416677 14.0736
      vertex -39.5826 0.353547 14.1114
    endloop
  endfacet
  facet normal -0.99877 0.0495915 0.000115301
    outer loop
      vertex -39.6 0 15.45
      vertex -39.5826 0.353547 14.1114
      vertex -39.5859 0.287012 14.1429
    endloop
  endfacet
  facet normal -0.998799 0.0489984 -1.52591e-05
    outer loop
      vertex -39.6 0 15.45
      vertex -39.5859 0.287012 14.1429
      vertex -39.5893 0.217713 14.1677
    endloop
  endfacet
  facet normal -0.998801 0.048958 -2.21253e-05
    outer loop
      vertex -39.6 0 15.45
      vertex -39.5893 0.217713 14.1677
      vertex -39.5928 0.146317 14.1856
    endloop
  endfacet
  facet normal -0.99878 0.049391 2.81054e-05
    outer loop
      vertex -39.6 0 15.45
      vertex -39.5928 0.146317 14.1856
      vertex -39.5964 0.0735121 14.1964
    endloop
  endfacet
  facet normal -0.998803 0.0489129 0
    outer loop
      vertex -39.6 0 15.45
      vertex -39.5964 0.0735121 14.1964
      vertex -39.6 0 14.2
    endloop
  endfacet
  facet normal -0.998795 0.0490716 -3.02368e-05
    outer loop
      vertex -39.5739 0.53033 13.9803
      vertex -39.6 0 15.45
      vertex -39.4093 3.88148 15.45
    endloop
  endfacet
  facet normal -0.99876 0.0497797 0.00108746
    outer loop
      vertex -39.5633 0.746388 40.6235
      vertex -39.4093 3.88148 38.55
      vertex -39.5632 0.75 40.55
    endloop
  endfacet
  facet normal -0.998826 0.0484361 -0.00102134
    outer loop
      vertex -39.4093 3.88148 38.55
      vertex -39.5633 0.746388 40.4765
      vertex -39.5632 0.75 40.55
    endloop
  endfacet
  facet normal -0.998769 0.0495978 0.0008737
    outer loop
      vertex -39.4093 3.88148 38.55
      vertex -39.5639 0.735588 40.4037
      vertex -39.5633 0.746388 40.4765
    endloop
  endfacet
  facet normal -0.998822 0.0485193 -0.000960971
    outer loop
      vertex -39.4093 3.88148 38.55
      vertex -39.5647 0.717705 40.3323
      vertex -39.5639 0.735588 40.4037
    endloop
  endfacet
  facet normal -0.998768 0.0496125 0.000984231
    outer loop
      vertex -39.4093 3.88148 38.55
      vertex -39.566 0.692909 40.263
      vertex -39.5647 0.717705 40.3323
    endloop
  endfacet
  facet normal -0.998809 0.0487868 -0.000556517
    outer loop
      vertex -39.4093 3.88148 38.55
      vertex -39.5675 0.661441 40.1965
      vertex -39.566 0.692909 40.263
    endloop
  endfacet
  facet normal -0.998783 0.0493235 0.000495785
    outer loop
      vertex -39.4093 3.88148 38.55
      vertex -39.5694 0.623602 40.1333
      vertex -39.5675 0.661441 40.1965
    endloop
  endfacet
  facet normal -0.998811 0.0487544 -0.000678233
    outer loop
      vertex -39.4093 3.88148 38.55
      vertex -39.5715 0.579758 40.0742
      vertex -39.5694 0.623602 40.1333
    endloop
  endfacet
  facet normal -0.998804 0.048899 -0.000364215
    outer loop
      vertex -39.4093 3.88148 38.55
      vertex -39.5739 0.53033 40.0197
      vertex -39.5715 0.579758 40.0742
    endloop
  endfacet
  facet normal -0.998795 0.0490716 3.02368e-05
    outer loop
      vertex -39.6 0 38.55
      vertex -39.5739 0.53033 40.0197
      vertex -39.4093 3.88148 38.55
    endloop
  endfacet
  facet normal -0.99877 0.049592 -0.000158019
    outer loop
      vertex -39.5739 0.53033 40.0197
      vertex -39.6 0 38.55
      vertex -39.5766 0.475795 39.9702
    endloop
  endfacet
  facet normal -0.998801 0.0489539 5.62652e-05
    outer loop
      vertex -39.5766 0.475795 39.9702
      vertex -39.6 0 38.55
      vertex -39.5795 0.416677 39.9264
    endloop
  endfacet
  facet normal -0.998798 0.0490252 3.46257e-05
    outer loop
      vertex -39.5795 0.416677 39.9264
      vertex -39.6 0 38.55
      vertex -39.5826 0.353547 39.8886
    endloop
  endfacet
  facet normal -0.99877 0.0495915 -0.000115301
    outer loop
      vertex -39.5826 0.353547 39.8886
      vertex -39.6 0 38.55
      vertex -39.5859 0.287012 39.8571
    endloop
  endfacet
  facet normal -0.998799 0.0489984 1.52591e-05
    outer loop
      vertex -39.5859 0.287012 39.8571
      vertex -39.6 0 38.55
      vertex -39.5893 0.217713 39.8323
    endloop
  endfacet
  facet normal -0.998801 0.048958 2.21253e-05
    outer loop
      vertex -39.5893 0.217713 39.8323
      vertex -39.6 0 38.55
      vertex -39.5928 0.146317 39.8144
    endloop
  endfacet
  facet normal -0.99878 0.049391 -2.81054e-05
    outer loop
      vertex -39.5928 0.146317 39.8144
      vertex -39.6 0 38.55
      vertex -39.5964 0.0735121 39.8036
    endloop
  endfacet
  facet normal -0.998803 0.0489129 0
    outer loop
      vertex -39.5964 0.0735121 39.8036
      vertex -39.6 0 38.55
      vertex -39.6 0 39.8
    endloop
  endfacet
  facet normal -0.998829 0.0483647 -0.00105713
    outer loop
      vertex -39.5639 0.735588 40.6963
      vertex -39.4093 3.88148 38.55
      vertex -39.5633 0.746388 40.6235
    endloop
  endfacet
  facet normal -0.998749 0.0499894 0.00132998
    outer loop
      vertex -39.5647 0.717705 40.7677
      vertex -39.4093 3.88148 38.55
      vertex -39.5639 0.735588 40.6963
    endloop
  endfacet
  facet normal -0.998848 0.0479554 -0.00157866
    outer loop
      vertex -39.566 0.692909 40.837
      vertex -39.4093 3.88148 38.55
      vertex -39.5647 0.717705 40.7677
    endloop
  endfacet
  facet normal -0.998757 0.049841 0.00105656
    outer loop
      vertex -39.5675 0.661441 40.9035
      vertex -39.4093 3.88148 38.55
      vertex -39.566 0.692909 40.837
    endloop
  endfacet
  facet normal -0.998795 0.0490707 0
    outer loop
      vertex -39.4093 3.88148 38.55
      vertex -39.5675 0.661441 40.9035
      vertex -39.4093 3.88148 47
    endloop
  endfacet
  facet normal -0.998767 0.0496439 -0.00030351
    outer loop
      vertex -39.5694 0.623602 40.9667
      vertex -39.4093 3.88148 47
      vertex -39.5675 0.661441 40.9035
    endloop
  endfacet
  facet normal -0.99883 0.048365 0.000388725
    outer loop
      vertex -39.5715 0.579758 41.0258
      vertex -39.4093 3.88148 47
      vertex -39.5694 0.623602 40.9667
    endloop
  endfacet
  facet normal -0.998813 0.0487136 0.000195646
    outer loop
      vertex -39.5739 0.53033 41.0803
      vertex -39.4093 3.88148 47
      vertex -39.5715 0.579758 41.0258
    endloop
  endfacet
  facet normal -0.998783 0.0493163 -0.000146419
    outer loop
      vertex -39.5766 0.475795 41.1298
      vertex -39.4093 3.88148 47
      vertex -39.5739 0.53033 41.0803
    endloop
  endfacet
  facet normal -0.998798 0.0490163 2.80895e-05
    outer loop
      vertex -39.5795 0.416677 41.1736
      vertex -39.4093 3.88148 47
      vertex -39.5766 0.475795 41.1298
    endloop
  endfacet
  facet normal -0.998796 0.0490505 7.68275e-06
    outer loop
      vertex -39.5826 0.353547 41.2114
      vertex -39.4093 3.88148 47
      vertex -39.5795 0.416677 41.1736
    endloop
  endfacet
  facet normal -0.998772 0.0495484 2.40237e-05
    outer loop
      vertex -39.6 0 47
      vertex -39.5826 0.353547 41.2114
      vertex -39.5859 0.287012 41.2429
    endloop
  endfacet
  facet normal -0.998799 0.0490027 -3.2502e-06
    outer loop
      vertex -39.6 0 47
      vertex -39.5859 0.287012 41.2429
      vertex -39.5893 0.217713 41.2677
    endloop
  endfacet
  facet normal -0.998801 0.0489624 -4.78424e-06
    outer loop
      vertex -39.6 0 47
      vertex -39.5893 0.217713 41.2677
      vertex -39.5928 0.146317 41.2856
    endloop
  endfacet
  facet normal -0.99878 0.0493878 6.1353e-06
    outer loop
      vertex -39.6 0 47
      vertex -39.5928 0.146317 41.2856
      vertex -39.5964 0.0735121 41.2964
    endloop
  endfacet
  facet normal -0.998803 0.0489129 0
    outer loop
      vertex -39.6 0 47
      vertex -39.5964 0.0735121 41.2964
      vertex -39.6 0 41.3
    endloop
  endfacet
  facet normal -0.998795 0.0490716 -5.17168e-06
    outer loop
      vertex -39.5826 0.353547 41.2114
      vertex -39.6 0 47
      vertex -39.4093 3.88148 47
    endloop
  endfacet
  facet normal -0.740943 0.671568 0
    outer loop
      vertex -30.6112 25.122 7
      vertex -28.0014 28.0014 47
      vertex -28.0014 28.0014 7
    endloop
  endfacet
  facet normal -0.740943 0.671568 0
    outer loop
      vertex -28.0014 28.0014 47
      vertex -30.6112 25.122 7
      vertex -30.6112 25.122 47
    endloop
  endfacet
  facet normal -0.336887 -0.941545 0
    outer loop
      vertex -15.1543 -36.5856 7
      vertex -11.4953 -37.8948 47
      vertex -15.1543 -36.5856 47
    endloop
  endfacet
  facet normal -0.336887 -0.941545 -0
    outer loop
      vertex -11.4953 -37.8948 47
      vertex -15.1543 -36.5856 7
      vertex -11.4953 -37.8948 7
    endloop
  endfacet
  facet normal -0.998803 -0.0489129 0
    outer loop
      vertex -39.6 0 38.55
      vertex -39.5964 -0.0735121 39.8036
      vertex -39.6 0 39.8
    endloop
  endfacet
  facet normal -0.99878 -0.049391 -2.81054e-05
    outer loop
      vertex -39.6 0 38.55
      vertex -39.5928 -0.146317 39.8144
      vertex -39.5964 -0.0735121 39.8036
    endloop
  endfacet
  facet normal -0.998801 -0.048958 2.21253e-05
    outer loop
      vertex -39.6 0 38.55
      vertex -39.5893 -0.217713 39.8323
      vertex -39.5928 -0.146317 39.8144
    endloop
  endfacet
  facet normal -0.998799 -0.0489984 1.52591e-05
    outer loop
      vertex -39.6 0 38.55
      vertex -39.5859 -0.287012 39.8571
      vertex -39.5893 -0.217713 39.8323
    endloop
  endfacet
  facet normal -0.99877 -0.0495915 -0.000115301
    outer loop
      vertex -39.6 0 38.55
      vertex -39.5826 -0.353547 39.8886
      vertex -39.5859 -0.287012 39.8571
    endloop
  endfacet
  facet normal -0.998798 -0.0490252 3.46257e-05
    outer loop
      vertex -39.6 0 38.55
      vertex -39.5795 -0.416677 39.9264
      vertex -39.5826 -0.353547 39.8886
    endloop
  endfacet
  facet normal -0.998801 -0.0489539 5.62652e-05
    outer loop
      vertex -39.6 0 38.55
      vertex -39.5766 -0.475795 39.9702
      vertex -39.5795 -0.416677 39.9264
    endloop
  endfacet
  facet normal -0.99877 -0.049592 -0.000158019
    outer loop
      vertex -39.6 0 38.55
      vertex -39.5739 -0.53033 40.0197
      vertex -39.5766 -0.475795 39.9702
    endloop
  endfacet
  facet normal -0.998795 -0.0490716 3.02368e-05
    outer loop
      vertex -39.4093 -3.88148 38.55
      vertex -39.5739 -0.53033 40.0197
      vertex -39.6 0 38.55
    endloop
  endfacet
  facet normal -0.998804 -0.048899 -0.000364215
    outer loop
      vertex -39.5739 -0.53033 40.0197
      vertex -39.4093 -3.88148 38.55
      vertex -39.5715 -0.579758 40.0742
    endloop
  endfacet
  facet normal -0.998811 -0.0487544 -0.000678233
    outer loop
      vertex -39.5715 -0.579758 40.0742
      vertex -39.4093 -3.88148 38.55
      vertex -39.5694 -0.623602 40.1333
    endloop
  endfacet
  facet normal -0.998783 -0.0493235 0.000495785
    outer loop
      vertex -39.5694 -0.623602 40.1333
      vertex -39.4093 -3.88148 38.55
      vertex -39.5675 -0.661441 40.1965
    endloop
  endfacet
  facet normal -0.998826 -0.0484361 -0.00102134
    outer loop
      vertex -39.5633 -0.746388 40.4765
      vertex -39.4093 -3.88148 38.55
      vertex -39.5632 -0.75 40.55
    endloop
  endfacet
  facet normal -0.998769 -0.0495978 0.0008737
    outer loop
      vertex -39.5639 -0.735588 40.4037
      vertex -39.4093 -3.88148 38.55
      vertex -39.5633 -0.746388 40.4765
    endloop
  endfacet
  facet normal -0.998822 -0.0485193 -0.000960971
    outer loop
      vertex -39.5647 -0.717705 40.3323
      vertex -39.4093 -3.88148 38.55
      vertex -39.5639 -0.735588 40.4037
    endloop
  endfacet
  facet normal -0.998768 -0.0496125 0.000984231
    outer loop
      vertex -39.566 -0.692909 40.263
      vertex -39.4093 -3.88148 38.55
      vertex -39.5647 -0.717705 40.3323
    endloop
  endfacet
  facet normal -0.998809 -0.0487868 -0.000556517
    outer loop
      vertex -39.5675 -0.661441 40.1965
      vertex -39.4093 -3.88148 38.55
      vertex -39.566 -0.692909 40.263
    endloop
  endfacet
  facet normal -0.998803 -0.0489129 0
    outer loop
      vertex -39.5964 -0.0735121 41.2964
      vertex -39.6 0 47
      vertex -39.6 0 41.3
    endloop
  endfacet
  facet normal -0.99878 -0.0493878 6.1353e-06
    outer loop
      vertex -39.5928 -0.146317 41.2856
      vertex -39.6 0 47
      vertex -39.5964 -0.0735121 41.2964
    endloop
  endfacet
  facet normal -0.998801 -0.0489624 -4.78424e-06
    outer loop
      vertex -39.5893 -0.217713 41.2677
      vertex -39.6 0 47
      vertex -39.5928 -0.146317 41.2856
    endloop
  endfacet
  facet normal -0.998799 -0.0490027 -3.2502e-06
    outer loop
      vertex -39.5859 -0.287012 41.2429
      vertex -39.6 0 47
      vertex -39.5893 -0.217713 41.2677
    endloop
  endfacet
  facet normal -0.998772 -0.0495484 2.40237e-05
    outer loop
      vertex -39.5826 -0.353547 41.2114
      vertex -39.6 0 47
      vertex -39.5859 -0.287012 41.2429
    endloop
  endfacet
  facet normal -0.998796 -0.0490505 7.68275e-06
    outer loop
      vertex -39.4093 -3.88148 47
      vertex -39.5826 -0.353547 41.2114
      vertex -39.5795 -0.416677 41.1736
    endloop
  endfacet
  facet normal -0.998798 -0.0490163 2.80895e-05
    outer loop
      vertex -39.4093 -3.88148 47
      vertex -39.5795 -0.416677 41.1736
      vertex -39.5766 -0.475795 41.1298
    endloop
  endfacet
  facet normal -0.998783 -0.0493163 -0.000146419
    outer loop
      vertex -39.4093 -3.88148 47
      vertex -39.5766 -0.475795 41.1298
      vertex -39.5739 -0.53033 41.0803
    endloop
  endfacet
  facet normal -0.998813 -0.0487136 0.000195646
    outer loop
      vertex -39.4093 -3.88148 47
      vertex -39.5739 -0.53033 41.0803
      vertex -39.5715 -0.579758 41.0258
    endloop
  endfacet
  facet normal -0.99883 -0.048365 0.000388725
    outer loop
      vertex -39.4093 -3.88148 47
      vertex -39.5715 -0.579758 41.0258
      vertex -39.5694 -0.623602 40.9667
    endloop
  endfacet
  facet normal -0.998767 -0.0496439 -0.00030351
    outer loop
      vertex -39.4093 -3.88148 47
      vertex -39.5694 -0.623602 40.9667
      vertex -39.5675 -0.661441 40.9035
    endloop
  endfacet
  facet normal -0.998757 -0.049841 0.00105656
    outer loop
      vertex -39.4093 -3.88148 38.55
      vertex -39.5675 -0.661441 40.9035
      vertex -39.566 -0.692909 40.837
    endloop
  endfacet
  facet normal -0.998848 -0.0479554 -0.00157866
    outer loop
      vertex -39.4093 -3.88148 38.55
      vertex -39.566 -0.692909 40.837
      vertex -39.5647 -0.717705 40.7677
    endloop
  endfacet
  facet normal -0.998749 -0.0499894 0.00132998
    outer loop
      vertex -39.4093 -3.88148 38.55
      vertex -39.5647 -0.717705 40.7677
      vertex -39.5639 -0.735588 40.6963
    endloop
  endfacet
  facet normal -0.998829 -0.0483647 -0.00105713
    outer loop
      vertex -39.4093 -3.88148 38.55
      vertex -39.5639 -0.735588 40.6963
      vertex -39.5633 -0.746388 40.6235
    endloop
  endfacet
  facet normal -0.99876 -0.0497797 0.00108746
    outer loop
      vertex -39.4093 -3.88148 38.55
      vertex -39.5633 -0.746388 40.6235
      vertex -39.5632 -0.75 40.55
    endloop
  endfacet
  facet normal -0.998795 -0.0490707 0
    outer loop
      vertex -39.5675 -0.661441 40.9035
      vertex -39.4093 -3.88148 38.55
      vertex -39.4093 -3.88148 47
    endloop
  endfacet
  facet normal -0.998795 -0.0490716 -5.17168e-06
    outer loop
      vertex -39.5826 -0.353547 41.2114
      vertex -39.4093 -3.88148 47
      vertex -39.6 0 47
    endloop
  endfacet
  facet normal -0.998803 -0.0489129 0
    outer loop
      vertex -39.6 0 7
      vertex -39.5964 -0.0735121 12.7036
      vertex -39.6 0 12.7
    endloop
  endfacet
  facet normal -0.99878 -0.0493878 -6.1353e-06
    outer loop
      vertex -39.6 0 7
      vertex -39.5928 -0.146317 12.7144
      vertex -39.5964 -0.0735121 12.7036
    endloop
  endfacet
  facet normal -0.998801 -0.0489624 4.78424e-06
    outer loop
      vertex -39.6 0 7
      vertex -39.5893 -0.217713 12.7323
      vertex -39.5928 -0.146317 12.7144
    endloop
  endfacet
  facet normal -0.998799 -0.0490027 3.2502e-06
    outer loop
      vertex -39.6 0 7
      vertex -39.5859 -0.287012 12.7571
      vertex -39.5893 -0.217713 12.7323
    endloop
  endfacet
  facet normal -0.998772 -0.0495484 -2.40237e-05
    outer loop
      vertex -39.6 0 7
      vertex -39.5826 -0.353547 12.7886
      vertex -39.5859 -0.287012 12.7571
    endloop
  endfacet
  facet normal -0.998795 -0.0490716 5.17168e-06
    outer loop
      vertex -39.4093 -3.88148 7
      vertex -39.5826 -0.353547 12.7886
      vertex -39.6 0 7
    endloop
  endfacet
  facet normal -0.998796 -0.0490505 -7.68275e-06
    outer loop
      vertex -39.5826 -0.353547 12.7886
      vertex -39.4093 -3.88148 7
      vertex -39.5795 -0.416677 12.8264
    endloop
  endfacet
  facet normal -0.998798 -0.0490163 -2.80895e-05
    outer loop
      vertex -39.5795 -0.416677 12.8264
      vertex -39.4093 -3.88148 7
      vertex -39.5766 -0.475795 12.8702
    endloop
  endfacet
  facet normal -0.998783 -0.0493163 0.000146419
    outer loop
      vertex -39.5766 -0.475795 12.8702
      vertex -39.4093 -3.88148 7
      vertex -39.5739 -0.53033 12.9197
    endloop
  endfacet
  facet normal -0.998813 -0.0487136 -0.000195646
    outer loop
      vertex -39.5739 -0.53033 12.9197
      vertex -39.4093 -3.88148 7
      vertex -39.5715 -0.579758 12.9742
    endloop
  endfacet
  facet normal -0.99883 -0.048365 -0.000388725
    outer loop
      vertex -39.5715 -0.579758 12.9742
      vertex -39.4093 -3.88148 7
      vertex -39.5694 -0.623602 13.0333
    endloop
  endfacet
  facet normal -0.998767 -0.0496439 0.00030351
    outer loop
      vertex -39.5694 -0.623602 13.0333
      vertex -39.4093 -3.88148 7
      vertex -39.5675 -0.661441 13.0965
    endloop
  endfacet
  facet normal -0.998795 -0.0490707 -0
    outer loop
      vertex -39.4093 -3.88148 15.45
      vertex -39.5675 -0.661441 13.0965
      vertex -39.4093 -3.88148 7
    endloop
  endfacet
  facet normal -0.998757 -0.049841 -0.00105656
    outer loop
      vertex -39.5675 -0.661441 13.0965
      vertex -39.4093 -3.88148 15.45
      vertex -39.566 -0.692909 13.163
    endloop
  endfacet
  facet normal -0.998848 -0.0479554 0.00157866
    outer loop
      vertex -39.566 -0.692909 13.163
      vertex -39.4093 -3.88148 15.45
      vertex -39.5647 -0.717705 13.2323
    endloop
  endfacet
  facet normal -0.998829 -0.0483647 0.00105713
    outer loop
      vertex -39.5639 -0.735588 13.3037
      vertex -39.4093 -3.88148 15.45
      vertex -39.5633 -0.746388 13.3765
    endloop
  endfacet
  facet normal -0.998749 -0.0499894 -0.00132998
    outer loop
      vertex -39.5647 -0.717705 13.2323
      vertex -39.4093 -3.88148 15.45
      vertex -39.5639 -0.735588 13.3037
    endloop
  endfacet
  facet normal -0.998803 -0.0489129 0
    outer loop
      vertex -39.5964 -0.0735121 14.1964
      vertex -39.6 0 15.45
      vertex -39.6 0 14.2
    endloop
  endfacet
  facet normal -0.99878 -0.049391 2.81054e-05
    outer loop
      vertex -39.5928 -0.146317 14.1856
      vertex -39.6 0 15.45
      vertex -39.5964 -0.0735121 14.1964
    endloop
  endfacet
  facet normal -0.998801 -0.048958 -2.21253e-05
    outer loop
      vertex -39.5893 -0.217713 14.1677
      vertex -39.6 0 15.45
      vertex -39.5928 -0.146317 14.1856
    endloop
  endfacet
  facet normal -0.998799 -0.0489984 -1.52591e-05
    outer loop
      vertex -39.5859 -0.287012 14.1429
      vertex -39.6 0 15.45
      vertex -39.5893 -0.217713 14.1677
    endloop
  endfacet
  facet normal -0.99877 -0.0495915 0.000115301
    outer loop
      vertex -39.5826 -0.353547 14.1114
      vertex -39.6 0 15.45
      vertex -39.5859 -0.287012 14.1429
    endloop
  endfacet
  facet normal -0.998798 -0.0490252 -3.46257e-05
    outer loop
      vertex -39.5795 -0.416677 14.0736
      vertex -39.6 0 15.45
      vertex -39.5826 -0.353547 14.1114
    endloop
  endfacet
  facet normal -0.998801 -0.0489539 -5.62652e-05
    outer loop
      vertex -39.5766 -0.475795 14.0298
      vertex -39.6 0 15.45
      vertex -39.5795 -0.416677 14.0736
    endloop
  endfacet
  facet normal -0.99877 -0.049592 0.000158019
    outer loop
      vertex -39.5739 -0.53033 13.9803
      vertex -39.6 0 15.45
      vertex -39.5766 -0.475795 14.0298
    endloop
  endfacet
  facet normal -0.998804 -0.048899 0.000364215
    outer loop
      vertex -39.4093 -3.88148 15.45
      vertex -39.5739 -0.53033 13.9803
      vertex -39.5715 -0.579758 13.9258
    endloop
  endfacet
  facet normal -0.998811 -0.0487544 0.000678233
    outer loop
      vertex -39.4093 -3.88148 15.45
      vertex -39.5715 -0.579758 13.9258
      vertex -39.5694 -0.623602 13.8667
    endloop
  endfacet
  facet normal -0.998783 -0.0493235 -0.000495785
    outer loop
      vertex -39.4093 -3.88148 15.45
      vertex -39.5694 -0.623602 13.8667
      vertex -39.5675 -0.661441 13.8035
    endloop
  endfacet
  facet normal -0.998809 -0.0487868 0.000556517
    outer loop
      vertex -39.4093 -3.88148 15.45
      vertex -39.5675 -0.661441 13.8035
      vertex -39.566 -0.692909 13.737
    endloop
  endfacet
  facet normal -0.99876 -0.0497797 -0.00108746
    outer loop
      vertex -39.5633 -0.746388 13.3765
      vertex -39.4093 -3.88148 15.45
      vertex -39.5632 -0.75 13.45
    endloop
  endfacet
  facet normal -0.998826 -0.0484361 0.00102134
    outer loop
      vertex -39.5632 -0.75 13.45
      vertex -39.4093 -3.88148 15.45
      vertex -39.5633 -0.746388 13.5235
    endloop
  endfacet
  facet normal -0.998769 -0.0495978 -0.0008737
    outer loop
      vertex -39.5633 -0.746388 13.5235
      vertex -39.4093 -3.88148 15.45
      vertex -39.5639 -0.735588 13.5963
    endloop
  endfacet
  facet normal -0.998822 -0.0485193 0.000960971
    outer loop
      vertex -39.5639 -0.735588 13.5963
      vertex -39.4093 -3.88148 15.45
      vertex -39.5647 -0.717705 13.6677
    endloop
  endfacet
  facet normal -0.998768 -0.0496125 -0.000984231
    outer loop
      vertex -39.5647 -0.717705 13.6677
      vertex -39.4093 -3.88148 15.45
      vertex -39.566 -0.692909 13.737
    endloop
  endfacet
  facet normal -0.998795 -0.0490716 -3.02368e-05
    outer loop
      vertex -39.5739 -0.53033 13.9803
      vertex -39.4093 -3.88148 15.45
      vertex -39.6 0 15.45
    endloop
  endfacet
  facet normal -0.989179 -0.146717 0
    outer loop
      vertex -39.4093 -3.88148 7
      vertex -39.0135 -6.55 15.45
      vertex -39.4093 -3.88148 15.45
    endloop
  endfacet
  facet normal -0.989174 -0.146746 0
    outer loop
      vertex -39.0135 -6.55 15.45
      vertex -38.8391 -7.72558 7
      vertex -39.0135 -6.55 38.55
    endloop
  endfacet
  facet normal -0.989177 -0.146726 -2.90285e-06
    outer loop
      vertex -38.8391 -7.72558 7
      vertex -39.0135 -6.55 15.45
      vertex -39.4093 -3.88148 7
    endloop
  endfacet
  facet normal -0.989179 -0.146717 0
    outer loop
      vertex -39.0135 -6.55 38.55
      vertex -39.4093 -3.88148 47
      vertex -39.4093 -3.88148 38.55
    endloop
  endfacet
  facet normal -0.989177 -0.146726 2.90285e-06
    outer loop
      vertex -39.0135 -6.55 38.55
      vertex -38.8391 -7.72558 47
      vertex -39.4093 -3.88148 47
    endloop
  endfacet
  facet normal -0.989174 -0.146746 -0
    outer loop
      vertex -38.8391 -7.72558 47
      vertex -39.0135 -6.55 38.55
      vertex -38.8391 -7.72558 7
    endloop
  endfacet
  facet normal 0.0489129 -0.998803 0
    outer loop
      vertex 0.0735121 -39.5964 14.1964
      vertex 0 -39.6 15.45
      vertex 0 -39.6 14.2
    endloop
  endfacet
  facet normal 0.049391 -0.99878 2.81054e-05
    outer loop
      vertex 0.146317 -39.5928 14.1856
      vertex 0 -39.6 15.45
      vertex 0.0735121 -39.5964 14.1964
    endloop
  endfacet
  facet normal 0.048958 -0.998801 -2.21253e-05
    outer loop
      vertex 0.217713 -39.5893 14.1677
      vertex 0 -39.6 15.45
      vertex 0.146317 -39.5928 14.1856
    endloop
  endfacet
  facet normal 0.0489984 -0.998799 -1.52591e-05
    outer loop
      vertex 0.287012 -39.5859 14.1429
      vertex 0 -39.6 15.45
      vertex 0.217713 -39.5893 14.1677
    endloop
  endfacet
  facet normal 0.0495915 -0.99877 0.000115301
    outer loop
      vertex 0.353547 -39.5826 14.1114
      vertex 0 -39.6 15.45
      vertex 0.287012 -39.5859 14.1429
    endloop
  endfacet
  facet normal 0.0490252 -0.998798 -3.46257e-05
    outer loop
      vertex 0.416677 -39.5795 14.0736
      vertex 0 -39.6 15.45
      vertex 0.353547 -39.5826 14.1114
    endloop
  endfacet
  facet normal 0.0489539 -0.998801 -5.62652e-05
    outer loop
      vertex 0.475795 -39.5766 14.0298
      vertex 0 -39.6 15.45
      vertex 0.416677 -39.5795 14.0736
    endloop
  endfacet
  facet normal 0.049592 -0.99877 0.000158019
    outer loop
      vertex 0.53033 -39.5739 13.9803
      vertex 0 -39.6 15.45
      vertex 0.475795 -39.5766 14.0298
    endloop
  endfacet
  facet normal 0.0490716 -0.998795 -3.02368e-05
    outer loop
      vertex 0 -39.6 15.45
      vertex 0.53033 -39.5739 13.9803
      vertex 3.88148 -39.4093 15.45
    endloop
  endfacet
  facet normal 0.048899 -0.998804 0.000364215
    outer loop
      vertex 0.579758 -39.5715 13.9258
      vertex 3.88148 -39.4093 15.45
      vertex 0.53033 -39.5739 13.9803
    endloop
  endfacet
  facet normal 0.0487544 -0.998811 0.000678233
    outer loop
      vertex 0.623602 -39.5694 13.8667
      vertex 3.88148 -39.4093 15.45
      vertex 0.579758 -39.5715 13.9258
    endloop
  endfacet
  facet normal 0.0493235 -0.998783 -0.000495785
    outer loop
      vertex 0.661441 -39.5675 13.8035
      vertex 3.88148 -39.4093 15.45
      vertex 0.623602 -39.5694 13.8667
    endloop
  endfacet
  facet normal 0.0487868 -0.998809 0.000556517
    outer loop
      vertex 0.692909 -39.566 13.737
      vertex 3.88148 -39.4093 15.45
      vertex 0.661441 -39.5675 13.8035
    endloop
  endfacet
  facet normal 0.0496125 -0.998768 -0.000984231
    outer loop
      vertex 0.717705 -39.5647 13.6677
      vertex 3.88148 -39.4093 15.45
      vertex 0.692909 -39.566 13.737
    endloop
  endfacet
  facet normal 0.0485193 -0.998822 0.000960971
    outer loop
      vertex 0.735588 -39.5639 13.5963
      vertex 3.88148 -39.4093 15.45
      vertex 0.717705 -39.5647 13.6677
    endloop
  endfacet
  facet normal 0.0495978 -0.998769 -0.0008737
    outer loop
      vertex 0.746388 -39.5633 13.5235
      vertex 3.88148 -39.4093 15.45
      vertex 0.735588 -39.5639 13.5963
    endloop
  endfacet
  facet normal 0.0484361 -0.998826 0.00102134
    outer loop
      vertex 0.75 -39.5632 13.45
      vertex 3.88148 -39.4093 15.45
      vertex 0.746388 -39.5633 13.5235
    endloop
  endfacet
  facet normal 0.0497797 -0.99876 -0.00108746
    outer loop
      vertex 0.746388 -39.5633 13.3765
      vertex 3.88148 -39.4093 15.45
      vertex 0.75 -39.5632 13.45
    endloop
  endfacet
  facet normal 0.0483647 -0.998829 0.00105713
    outer loop
      vertex 0.735588 -39.5639 13.3037
      vertex 3.88148 -39.4093 15.45
      vertex 0.746388 -39.5633 13.3765
    endloop
  endfacet
  facet normal 0.0499894 -0.998749 -0.00132998
    outer loop
      vertex 0.717705 -39.5647 13.2323
      vertex 3.88148 -39.4093 15.45
      vertex 0.735588 -39.5639 13.3037
    endloop
  endfacet
  facet normal 0.0479554 -0.998848 0.00157866
    outer loop
      vertex 0.692909 -39.566 13.163
      vertex 3.88148 -39.4093 15.45
      vertex 0.717705 -39.5647 13.2323
    endloop
  endfacet
  facet normal 0.049841 -0.998757 -0.00105656
    outer loop
      vertex 0.661441 -39.5675 13.0965
      vertex 3.88148 -39.4093 15.45
      vertex 0.692909 -39.566 13.163
    endloop
  endfacet
  facet normal 0.0496439 -0.998767 0.00030351
    outer loop
      vertex 3.88148 -39.4093 7
      vertex 0.661441 -39.5675 13.0965
      vertex 0.623602 -39.5694 13.0333
    endloop
  endfacet
  facet normal 0.048365 -0.99883 -0.000388725
    outer loop
      vertex 3.88148 -39.4093 7
      vertex 0.623602 -39.5694 13.0333
      vertex 0.579758 -39.5715 12.9742
    endloop
  endfacet
  facet normal 0.0487136 -0.998813 -0.000195646
    outer loop
      vertex 3.88148 -39.4093 7
      vertex 0.579758 -39.5715 12.9742
      vertex 0.53033 -39.5739 12.9197
    endloop
  endfacet
  facet normal 0.0493163 -0.998783 0.000146419
    outer loop
      vertex 3.88148 -39.4093 7
      vertex 0.53033 -39.5739 12.9197
      vertex 0.475795 -39.5766 12.8702
    endloop
  endfacet
  facet normal 0.0489129 -0.998803 0
    outer loop
      vertex 0 -39.6 7
      vertex 0.0735121 -39.5964 12.7036
      vertex 0 -39.6 12.7
    endloop
  endfacet
  facet normal 0.0493878 -0.99878 -6.1353e-06
    outer loop
      vertex 0 -39.6 7
      vertex 0.146317 -39.5928 12.7144
      vertex 0.0735121 -39.5964 12.7036
    endloop
  endfacet
  facet normal 0.0489624 -0.998801 4.78424e-06
    outer loop
      vertex 0 -39.6 7
      vertex 0.217713 -39.5893 12.7323
      vertex 0.146317 -39.5928 12.7144
    endloop
  endfacet
  facet normal 0.0490027 -0.998799 3.2502e-06
    outer loop
      vertex 0 -39.6 7
      vertex 0.287012 -39.5859 12.7571
      vertex 0.217713 -39.5893 12.7323
    endloop
  endfacet
  facet normal 0.0495484 -0.998772 -2.40237e-05
    outer loop
      vertex 0 -39.6 7
      vertex 0.353547 -39.5826 12.7886
      vertex 0.287012 -39.5859 12.7571
    endloop
  endfacet
  facet normal 0.0490716 -0.998795 5.17168e-06
    outer loop
      vertex 3.88148 -39.4093 7
      vertex 0.353547 -39.5826 12.7886
      vertex 0 -39.6 7
    endloop
  endfacet
  facet normal 0.0490505 -0.998796 -7.68275e-06
    outer loop
      vertex 0.353547 -39.5826 12.7886
      vertex 3.88148 -39.4093 7
      vertex 0.416677 -39.5795 12.8264
    endloop
  endfacet
  facet normal 0.0490163 -0.998798 -2.80895e-05
    outer loop
      vertex 0.416677 -39.5795 12.8264
      vertex 3.88148 -39.4093 7
      vertex 0.475795 -39.5766 12.8702
    endloop
  endfacet
  facet normal 0.0490707 -0.998795 0
    outer loop
      vertex 0.661441 -39.5675 13.0965
      vertex 3.88148 -39.4093 7
      vertex 3.88148 -39.4093 15.45
    endloop
  endfacet
  facet normal 0.0489129 -0.998803 0
    outer loop
      vertex 0.0735121 -39.5964 41.2964
      vertex 0 -39.6 47
      vertex 0 -39.6 41.3
    endloop
  endfacet
  facet normal 0.0493878 -0.99878 6.1353e-06
    outer loop
      vertex 0.146317 -39.5928 41.2856
      vertex 0 -39.6 47
      vertex 0.0735121 -39.5964 41.2964
    endloop
  endfacet
  facet normal 0.0489624 -0.998801 -4.78424e-06
    outer loop
      vertex 0.217713 -39.5893 41.2677
      vertex 0 -39.6 47
      vertex 0.146317 -39.5928 41.2856
    endloop
  endfacet
  facet normal 0.0490027 -0.998799 -3.2502e-06
    outer loop
      vertex 0.287012 -39.5859 41.2429
      vertex 0 -39.6 47
      vertex 0.217713 -39.5893 41.2677
    endloop
  endfacet
  facet normal 0.0495484 -0.998772 2.40237e-05
    outer loop
      vertex 0.353547 -39.5826 41.2114
      vertex 0 -39.6 47
      vertex 0.287012 -39.5859 41.2429
    endloop
  endfacet
  facet normal 0.0490716 -0.998795 -5.17168e-06
    outer loop
      vertex 0 -39.6 47
      vertex 0.353547 -39.5826 41.2114
      vertex 3.88148 -39.4093 47
    endloop
  endfacet
  facet normal 0.0490505 -0.998796 7.68275e-06
    outer loop
      vertex 0.416677 -39.5795 41.1736
      vertex 3.88148 -39.4093 47
      vertex 0.353547 -39.5826 41.2114
    endloop
  endfacet
  facet normal 0.0490163 -0.998798 2.80895e-05
    outer loop
      vertex 0.475795 -39.5766 41.1298
      vertex 3.88148 -39.4093 47
      vertex 0.416677 -39.5795 41.1736
    endloop
  endfacet
  facet normal 0.0493163 -0.998783 -0.000146419
    outer loop
      vertex 0.53033 -39.5739 41.0803
      vertex 3.88148 -39.4093 47
      vertex 0.475795 -39.5766 41.1298
    endloop
  endfacet
  facet normal 0.0487136 -0.998813 0.000195646
    outer loop
      vertex 0.579758 -39.5715 41.0258
      vertex 3.88148 -39.4093 47
      vertex 0.53033 -39.5739 41.0803
    endloop
  endfacet
  facet normal 0.048365 -0.99883 0.000388725
    outer loop
      vertex 0.623602 -39.5694 40.9667
      vertex 3.88148 -39.4093 47
      vertex 0.579758 -39.5715 41.0258
    endloop
  endfacet
  facet normal 0.0496439 -0.998767 -0.00030351
    outer loop
      vertex 0.661441 -39.5675 40.9035
      vertex 3.88148 -39.4093 47
      vertex 0.623602 -39.5694 40.9667
    endloop
  endfacet
  facet normal 0.049841 -0.998757 0.00105656
    outer loop
      vertex 3.88148 -39.4093 38.55
      vertex 0.661441 -39.5675 40.9035
      vertex 0.692909 -39.566 40.837
    endloop
  endfacet
  facet normal 0.0479554 -0.998848 -0.00157866
    outer loop
      vertex 3.88148 -39.4093 38.55
      vertex 0.692909 -39.566 40.837
      vertex 0.717705 -39.5647 40.7677
    endloop
  endfacet
  facet normal 0.0499894 -0.998749 0.00132998
    outer loop
      vertex 3.88148 -39.4093 38.55
      vertex 0.717705 -39.5647 40.7677
      vertex 0.735588 -39.5639 40.6963
    endloop
  endfacet
  facet normal 0.0483647 -0.998829 -0.00105713
    outer loop
      vertex 3.88148 -39.4093 38.55
      vertex 0.735588 -39.5639 40.6963
      vertex 0.746388 -39.5633 40.6235
    endloop
  endfacet
  facet normal 0.0497797 -0.99876 0.00108746
    outer loop
      vertex 3.88148 -39.4093 38.55
      vertex 0.746388 -39.5633 40.6235
      vertex 0.75 -39.5632 40.55
    endloop
  endfacet
  facet normal 0.0484361 -0.998826 -0.00102134
    outer loop
      vertex 3.88148 -39.4093 38.55
      vertex 0.75 -39.5632 40.55
      vertex 0.746388 -39.5633 40.4765
    endloop
  endfacet
  facet normal 0.0495978 -0.998769 0.0008737
    outer loop
      vertex 3.88148 -39.4093 38.55
      vertex 0.746388 -39.5633 40.4765
      vertex 0.735588 -39.5639 40.4037
    endloop
  endfacet
  facet normal 0.0485193 -0.998822 -0.000960971
    outer loop
      vertex 3.88148 -39.4093 38.55
      vertex 0.735588 -39.5639 40.4037
      vertex 0.717705 -39.5647 40.3323
    endloop
  endfacet
  facet normal 0.0496125 -0.998768 0.000984231
    outer loop
      vertex 3.88148 -39.4093 38.55
      vertex 0.717705 -39.5647 40.3323
      vertex 0.692909 -39.566 40.263
    endloop
  endfacet
  facet normal 0.0487868 -0.998809 -0.000556517
    outer loop
      vertex 3.88148 -39.4093 38.55
      vertex 0.692909 -39.566 40.263
      vertex 0.661441 -39.5675 40.1965
    endloop
  endfacet
  facet normal 0.0489129 -0.998803 0
    outer loop
      vertex 0 -39.6 38.55
      vertex 0.0735121 -39.5964 39.8036
      vertex 0 -39.6 39.8
    endloop
  endfacet
  facet normal 0.049391 -0.99878 -2.81054e-05
    outer loop
      vertex 0 -39.6 38.55
      vertex 0.146317 -39.5928 39.8144
      vertex 0.0735121 -39.5964 39.8036
    endloop
  endfacet
  facet normal 0.048958 -0.998801 2.21253e-05
    outer loop
      vertex 0 -39.6 38.55
      vertex 0.217713 -39.5893 39.8323
      vertex 0.146317 -39.5928 39.8144
    endloop
  endfacet
  facet normal 0.0489984 -0.998799 1.52591e-05
    outer loop
      vertex 0 -39.6 38.55
      vertex 0.287012 -39.5859 39.8571
      vertex 0.217713 -39.5893 39.8323
    endloop
  endfacet
  facet normal 0.0495915 -0.99877 -0.000115301
    outer loop
      vertex 0 -39.6 38.55
      vertex 0.353547 -39.5826 39.8886
      vertex 0.287012 -39.5859 39.8571
    endloop
  endfacet
  facet normal 0.0490252 -0.998798 3.46257e-05
    outer loop
      vertex 0 -39.6 38.55
      vertex 0.416677 -39.5795 39.9264
      vertex 0.353547 -39.5826 39.8886
    endloop
  endfacet
  facet normal 0.0489539 -0.998801 5.62652e-05
    outer loop
      vertex 0 -39.6 38.55
      vertex 0.475795 -39.5766 39.9702
      vertex 0.416677 -39.5795 39.9264
    endloop
  endfacet
  facet normal 0.049592 -0.99877 -0.000158019
    outer loop
      vertex 0 -39.6 38.55
      vertex 0.53033 -39.5739 40.0197
      vertex 0.475795 -39.5766 39.9702
    endloop
  endfacet
  facet normal 0.0490716 -0.998795 3.02368e-05
    outer loop
      vertex 3.88148 -39.4093 38.55
      vertex 0.53033 -39.5739 40.0197
      vertex 0 -39.6 38.55
    endloop
  endfacet
  facet normal 0.048899 -0.998804 -0.000364215
    outer loop
      vertex 0.53033 -39.5739 40.0197
      vertex 3.88148 -39.4093 38.55
      vertex 0.579758 -39.5715 40.0742
    endloop
  endfacet
  facet normal 0.0487544 -0.998811 -0.000678233
    outer loop
      vertex 0.579758 -39.5715 40.0742
      vertex 3.88148 -39.4093 38.55
      vertex 0.623602 -39.5694 40.1333
    endloop
  endfacet
  facet normal 0.0493235 -0.998783 0.000495785
    outer loop
      vertex 0.623602 -39.5694 40.1333
      vertex 3.88148 -39.4093 38.55
      vertex 0.661441 -39.5675 40.1965
    endloop
  endfacet
  facet normal 0.0490707 -0.998795 0
    outer loop
      vertex 0.661441 -39.5675 40.9035
      vertex 3.88148 -39.4093 38.55
      vertex 3.88148 -39.4093 47
    endloop
  endfacet
  facet normal -0.242988 -0.970029 0
    outer loop
      vertex -11.4953 -37.8948 7
      vertex -7.72558 -38.8391 47
      vertex -11.4953 -37.8948 47
    endloop
  endfacet
  facet normal -0.242988 -0.970029 -0
    outer loop
      vertex -7.72558 -38.8391 47
      vertex -11.4953 -37.8948 7
      vertex -7.72558 -38.8391 7
    endloop
  endfacet
  facet normal 0.242988 -0.970029 0
    outer loop
      vertex 7.72558 -38.8391 7
      vertex 11.4953 -37.8948 47
      vertex 7.72558 -38.8391 47
    endloop
  endfacet
  facet normal 0.242988 -0.970029 0
    outer loop
      vertex 11.4953 -37.8948 47
      vertex 7.72558 -38.8391 7
      vertex 11.4953 -37.8948 7
    endloop
  endfacet
  facet normal 0.514102 -0.857729 0
    outer loop
      vertex 18.6673 -34.9241 7
      vertex 22.0006 -32.9262 47
      vertex 18.6673 -34.9241 47
    endloop
  endfacet
  facet normal 0.514102 -0.857729 0
    outer loop
      vertex 22.0006 -32.9262 47
      vertex 18.6673 -34.9241 7
      vertex 22.0006 -32.9262 7
    endloop
  endfacet
  facet normal -0.989174 0.146746 0
    outer loop
      vertex -38.8391 7.72558 7
      vertex -39.0135 6.55 15.45
      vertex -38.8391 7.72558 47
    endloop
  endfacet
  facet normal -0.989177 0.146726 -2.90285e-06
    outer loop
      vertex -39.4093 3.88148 7
      vertex -39.0135 6.55 15.45
      vertex -38.8391 7.72558 7
    endloop
  endfacet
  facet normal -0.989179 0.146717 0
    outer loop
      vertex -39.0135 6.55 15.45
      vertex -39.4093 3.88148 7
      vertex -39.4093 3.88148 15.45
    endloop
  endfacet
  facet normal -0.989174 0.146746 0
    outer loop
      vertex -39.0135 6.55 38.55
      vertex -38.8391 7.72558 47
      vertex -39.0135 6.55 15.45
    endloop
  endfacet
  facet normal -0.989179 0.146717 0
    outer loop
      vertex -39.4093 3.88148 47
      vertex -39.0135 6.55 38.55
      vertex -39.4093 3.88148 38.55
    endloop
  endfacet
  facet normal -0.989177 0.146726 2.90285e-06
    outer loop
      vertex -39.0135 6.55 38.55
      vertex -39.4093 3.88148 47
      vertex -38.8391 7.72558 47
    endloop
  endfacet
  facet normal -0.42755 -0.903992 0
    outer loop
      vertex -18.6673 -34.9241 7
      vertex -15.1543 -36.5856 47
      vertex -18.6673 -34.9241 47
    endloop
  endfacet
  facet normal -0.42755 -0.903992 -0
    outer loop
      vertex -15.1543 -36.5856 47
      vertex -18.6673 -34.9241 7
      vertex -15.1543 -36.5856 7
    endloop
  endfacet
  facet normal -0.903992 -0.42755 0
    outer loop
      vertex -34.9241 -18.6673 7
      vertex -36.5856 -15.1543 47
      vertex -36.5856 -15.1543 7
    endloop
  endfacet
  facet normal -0.903992 -0.42755 0
    outer loop
      vertex -36.5856 -15.1543 47
      vertex -34.9241 -18.6673 7
      vertex -34.9241 -18.6673 47
    endloop
  endfacet
  facet normal -0.857729 0.514102 0
    outer loop
      vertex -34.9241 18.6673 7
      vertex -32.9262 22.0006 47
      vertex -32.9262 22.0006 7
    endloop
  endfacet
  facet normal -0.857729 0.514102 0
    outer loop
      vertex -32.9262 22.0006 47
      vertex -34.9241 18.6673 7
      vertex -34.9241 18.6673 47
    endloop
  endfacet
  facet normal -0.941546 0.336885 0
    outer loop
      vertex -36.4594 11.0598 47
      vertex -35.1998 14.5802 54
      vertex -35.1998 14.5802 47
    endloop
  endfacet
  facet normal -0.941546 0.336885 0
    outer loop
      vertex -35.1998 14.5802 54
      vertex -36.4594 11.0598 47
      vertex -36.4594 11.0598 54
    endloop
  endfacet
  facet normal 0.989177 0.146725 0
    outer loop
      vertex 37.9165 3.73445 54
      vertex 37.3679 7.43294 47
      vertex 37.3679 7.43294 54
    endloop
  endfacet
  facet normal 0.989177 0.146725 0
    outer loop
      vertex 37.3679 7.43294 47
      vertex 37.9165 3.73445 54
      vertex 37.9165 3.73445 47
    endloop
  endfacet
  facet normal 0.998795 0.0490779 0
    outer loop
      vertex 38.1 0 54
      vertex 37.9165 3.73445 47
      vertex 37.9165 3.73445 54
    endloop
  endfacet
  facet normal 0.998795 0.0490779 0
    outer loop
      vertex 37.9165 3.73445 47
      vertex 38.1 0 54
      vertex 38.1 0 47
    endloop
  endfacet
  facet normal 0.97003 0.242985 0
    outer loop
      vertex 37.3679 7.43294 54
      vertex 36.4594 11.0598 47
      vertex 36.4594 11.0598 54
    endloop
  endfacet
  facet normal 0.97003 0.242985 0
    outer loop
      vertex 36.4594 11.0598 47
      vertex 37.3679 7.43294 54
      vertex 37.3679 7.43294 47
    endloop
  endfacet
  facet normal 0.857729 0.514102 0
    outer loop
      vertex 33.6012 17.9602 54
      vertex 31.679 21.1672 47
      vertex 31.679 21.1672 54
    endloop
  endfacet
  facet normal 0.857729 0.514102 0
    outer loop
      vertex 31.679 21.1672 47
      vertex 33.6012 17.9602 54
      vertex 33.6012 17.9602 47
    endloop
  endfacet
  facet normal 0.427551 0.903991 -0
    outer loop
      vertex 17.9602 33.6012 47
      vertex 14.5802 35.1998 54
      vertex 17.9602 33.6012 54
    endloop
  endfacet
  facet normal 0.427551 0.903991 0
    outer loop
      vertex 14.5802 35.1998 54
      vertex 17.9602 33.6012 47
      vertex 14.5802 35.1998 47
    endloop
  endfacet
  facet normal 0.671552 0.740957 -0
    outer loop
      vertex 26.9408 26.9408 47
      vertex 24.1704 29.4517 54
      vertex 26.9408 26.9408 54
    endloop
  endfacet
  facet normal 0.671552 0.740957 0
    outer loop
      vertex 24.1704 29.4517 54
      vertex 26.9408 26.9408 47
      vertex 24.1704 29.4517 47
    endloop
  endfacet
  facet normal -0.857729 0.514102 0
    outer loop
      vertex -33.6012 17.9602 47
      vertex -31.679 21.1672 54
      vertex -31.679 21.1672 47
    endloop
  endfacet
  facet normal -0.857729 0.514102 0
    outer loop
      vertex -31.679 21.1672 54
      vertex -33.6012 17.9602 47
      vertex -33.6012 17.9602 54
    endloop
  endfacet
  facet normal -0.803211 0.595695 0
    outer loop
      vertex -31.679 21.1672 47
      vertex -29.4517 24.1704 54
      vertex -29.4517 24.1704 47
    endloop
  endfacet
  facet normal -0.803211 0.595695 0
    outer loop
      vertex -29.4517 24.1704 54
      vertex -31.679 21.1672 47
      vertex -31.679 21.1672 54
    endloop
  endfacet
  facet normal -0.514102 -0.857729 0
    outer loop
      vertex -21.1672 -31.679 47
      vertex -17.9602 -33.6012 54
      vertex -21.1672 -31.679 54
    endloop
  endfacet
  facet normal -0.514102 -0.857729 -0
    outer loop
      vertex -17.9602 -33.6012 54
      vertex -21.1672 -31.679 47
      vertex -17.9602 -33.6012 47
    endloop
  endfacet
  facet normal -0.671552 -0.740957 0
    outer loop
      vertex -26.9408 -26.9408 47
      vertex -24.1704 -29.4517 54
      vertex -26.9408 -26.9408 54
    endloop
  endfacet
  facet normal -0.671552 -0.740957 -0
    outer loop
      vertex -24.1704 -29.4517 54
      vertex -26.9408 -26.9408 47
      vertex -24.1704 -29.4517 47
    endloop
  endfacet
  facet normal 0.336885 0.941546 -0
    outer loop
      vertex 14.5802 35.1998 47
      vertex 11.0598 36.4594 54
      vertex 14.5802 35.1998 54
    endloop
  endfacet
  facet normal 0.336885 0.941546 0
    outer loop
      vertex 11.0598 36.4594 54
      vertex 14.5802 35.1998 47
      vertex 11.0598 36.4594 47
    endloop
  endfacet
  facet normal 0.0490779 -0.998795 0
    outer loop
      vertex 0 -38.1 47
      vertex 3.73445 -37.9165 54
      vertex 0 -38.1 54
    endloop
  endfacet
  facet normal 0.0490779 -0.998795 0
    outer loop
      vertex 3.73445 -37.9165 54
      vertex 0 -38.1 47
      vertex 3.73445 -37.9165 47
    endloop
  endfacet
  facet normal 0.242985 0.97003 -0
    outer loop
      vertex 11.0598 36.4594 47
      vertex 7.43294 37.3679 54
      vertex 11.0598 36.4594 54
    endloop
  endfacet
  facet normal 0.242985 0.97003 0
    outer loop
      vertex 7.43294 37.3679 54
      vertex 11.0598 36.4594 47
      vertex 7.43294 37.3679 47
    endloop
  endfacet
  facet normal 0.97003 -0.242985 0
    outer loop
      vertex 36.4594 -11.0598 54
      vertex 37.3679 -7.43294 47
      vertex 37.3679 -7.43294 54
    endloop
  endfacet
  facet normal 0.97003 -0.242985 0
    outer loop
      vertex 37.3679 -7.43294 47
      vertex 36.4594 -11.0598 54
      vertex 36.4594 -11.0598 47
    endloop
  endfacet
  facet normal -0.146725 -0.989177 0
    outer loop
      vertex -7.43294 -37.3679 47
      vertex -3.73445 -37.9165 54
      vertex -7.43294 -37.3679 54
    endloop
  endfacet
  facet normal -0.146725 -0.989177 -0
    outer loop
      vertex -3.73445 -37.9165 54
      vertex -7.43294 -37.3679 47
      vertex -3.73445 -37.9165 47
    endloop
  endfacet
  facet normal 0.740957 0.671552 0
    outer loop
      vertex 29.4517 24.1704 54
      vertex 26.9408 26.9408 47
      vertex 26.9408 26.9408 54
    endloop
  endfacet
  facet normal 0.740957 0.671552 0
    outer loop
      vertex 26.9408 26.9408 47
      vertex 29.4517 24.1704 54
      vertex 29.4517 24.1704 47
    endloop
  endfacet
  facet normal -0.998795 -0.0490779 0
    outer loop
      vertex -37.9165 -3.73445 47
      vertex -38.1 0 54
      vertex -38.1 0 47
    endloop
  endfacet
  facet normal -0.998795 -0.0490779 0
    outer loop
      vertex -38.1 0 54
      vertex -37.9165 -3.73445 47
      vertex -37.9165 -3.73445 54
    endloop
  endfacet
  facet normal 0.941546 0.336885 0
    outer loop
      vertex 36.4594 11.0598 54
      vertex 35.1998 14.5802 47
      vertex 35.1998 14.5802 54
    endloop
  endfacet
  facet normal 0.941546 0.336885 0
    outer loop
      vertex 35.1998 14.5802 47
      vertex 36.4594 11.0598 54
      vertex 36.4594 11.0598 47
    endloop
  endfacet
  facet normal 0.0490779 0.998795 -0
    outer loop
      vertex 3.73445 37.9165 47
      vertex 0 38.1 54
      vertex 3.73445 37.9165 54
    endloop
  endfacet
  facet normal 0.0490779 0.998795 0
    outer loop
      vertex 0 38.1 54
      vertex 3.73445 37.9165 47
      vertex 0 38.1 47
    endloop
  endfacet
  facet normal -0.0490779 0.998795 0
    outer loop
      vertex 0 38.1 47
      vertex -3.73445 37.9165 54
      vertex 0 38.1 54
    endloop
  endfacet
  facet normal -0.0490779 0.998795 0
    outer loop
      vertex -3.73445 37.9165 54
      vertex 0 38.1 47
      vertex -3.73445 37.9165 47
    endloop
  endfacet
  facet normal 0.514102 -0.857729 0
    outer loop
      vertex 17.9602 -33.6012 47
      vertex 21.1672 -31.679 54
      vertex 17.9602 -33.6012 54
    endloop
  endfacet
  facet normal 0.514102 -0.857729 0
    outer loop
      vertex 21.1672 -31.679 54
      vertex 17.9602 -33.6012 47
      vertex 21.1672 -31.679 47
    endloop
  endfacet
  facet normal -0.97003 -0.242985 0
    outer loop
      vertex -36.4594 -11.0598 47
      vertex -37.3679 -7.43294 54
      vertex -37.3679 -7.43294 47
    endloop
  endfacet
  facet normal -0.97003 -0.242985 0
    outer loop
      vertex -37.3679 -7.43294 54
      vertex -36.4594 -11.0598 47
      vertex -36.4594 -11.0598 54
    endloop
  endfacet
  facet normal -0.336885 0.941546 0
    outer loop
      vertex -11.0598 36.4594 47
      vertex -14.5802 35.1998 54
      vertex -11.0598 36.4594 54
    endloop
  endfacet
  facet normal -0.336885 0.941546 0
    outer loop
      vertex -14.5802 35.1998 54
      vertex -11.0598 36.4594 47
      vertex -14.5802 35.1998 47
    endloop
  endfacet
  facet normal -0.941546 -0.336885 0
    outer loop
      vertex -35.1998 -14.5802 47
      vertex -36.4594 -11.0598 54
      vertex -36.4594 -11.0598 47
    endloop
  endfacet
  facet normal -0.941546 -0.336885 0
    outer loop
      vertex -36.4594 -11.0598 54
      vertex -35.1998 -14.5802 47
      vertex -35.1998 -14.5802 54
    endloop
  endfacet
  facet normal -0.989177 0.146725 0
    outer loop
      vertex -37.9165 3.73445 47
      vertex -37.3679 7.43294 54
      vertex -37.3679 7.43294 47
    endloop
  endfacet
  facet normal -0.989177 0.146725 0
    outer loop
      vertex -37.3679 7.43294 54
      vertex -37.9165 3.73445 47
      vertex -37.9165 3.73445 54
    endloop
  endfacet
  facet normal -0.514102 0.857729 0
    outer loop
      vertex -17.9602 33.6012 47
      vertex -21.1672 31.679 54
      vertex -17.9602 33.6012 54
    endloop
  endfacet
  facet normal -0.514102 0.857729 0
    outer loop
      vertex -21.1672 31.679 54
      vertex -17.9602 33.6012 47
      vertex -21.1672 31.679 47
    endloop
  endfacet
  facet normal -0.671552 0.740957 0
    outer loop
      vertex -24.1704 29.4517 47
      vertex -26.9408 26.9408 54
      vertex -24.1704 29.4517 54
    endloop
  endfacet
  facet normal -0.671552 0.740957 0
    outer loop
      vertex -26.9408 26.9408 54
      vertex -24.1704 29.4517 47
      vertex -26.9408 26.9408 47
    endloop
  endfacet
  facet normal -0.97003 0.242985 0
    outer loop
      vertex -37.3679 7.43294 47
      vertex -36.4594 11.0598 54
      vertex -36.4594 11.0598 47
    endloop
  endfacet
  facet normal -0.97003 0.242985 0
    outer loop
      vertex -36.4594 11.0598 54
      vertex -37.3679 7.43294 47
      vertex -37.3679 7.43294 54
    endloop
  endfacet
  facet normal 0.427551 -0.903991 0
    outer loop
      vertex 14.5802 -35.1998 47
      vertex 17.9602 -33.6012 54
      vertex 14.5802 -35.1998 54
    endloop
  endfacet
  facet normal 0.427551 -0.903991 0
    outer loop
      vertex 17.9602 -33.6012 54
      vertex 14.5802 -35.1998 47
      vertex 17.9602 -33.6012 47
    endloop
  endfacet
  facet normal -0.336885 -0.941546 0
    outer loop
      vertex -14.5802 -35.1998 47
      vertex -11.0598 -36.4594 54
      vertex -14.5802 -35.1998 54
    endloop
  endfacet
  facet normal -0.336885 -0.941546 -0
    outer loop
      vertex -11.0598 -36.4594 54
      vertex -14.5802 -35.1998 47
      vertex -11.0598 -36.4594 47
    endloop
  endfacet
  facet normal -0.242985 0.97003 0
    outer loop
      vertex -7.43294 37.3679 47
      vertex -11.0598 36.4594 54
      vertex -7.43294 37.3679 54
    endloop
  endfacet
  facet normal -0.242985 0.97003 0
    outer loop
      vertex -11.0598 36.4594 54
      vertex -7.43294 37.3679 47
      vertex -11.0598 36.4594 47
    endloop
  endfacet
  facet normal -0.740957 0.671552 0
    outer loop
      vertex -29.4517 24.1704 47
      vertex -26.9408 26.9408 54
      vertex -26.9408 26.9408 47
    endloop
  endfacet
  facet normal -0.740957 0.671552 0
    outer loop
      vertex -26.9408 26.9408 54
      vertex -29.4517 24.1704 47
      vertex -29.4517 24.1704 54
    endloop
  endfacet
  facet normal 0.514102 0.857729 -0
    outer loop
      vertex 21.1672 31.679 47
      vertex 17.9602 33.6012 54
      vertex 21.1672 31.679 54
    endloop
  endfacet
  facet normal 0.514102 0.857729 0
    outer loop
      vertex 17.9602 33.6012 54
      vertex 21.1672 31.679 47
      vertex 17.9602 33.6012 47
    endloop
  endfacet
  facet normal -0.595695 0.803211 0
    outer loop
      vertex -21.1672 31.679 47
      vertex -24.1704 29.4517 54
      vertex -21.1672 31.679 54
    endloop
  endfacet
  facet normal -0.595695 0.803211 0
    outer loop
      vertex -24.1704 29.4517 54
      vertex -21.1672 31.679 47
      vertex -24.1704 29.4517 47
    endloop
  endfacet
  facet normal 0.595695 0.803211 -0
    outer loop
      vertex 24.1704 29.4517 47
      vertex 21.1672 31.679 54
      vertex 24.1704 29.4517 54
    endloop
  endfacet
  facet normal 0.595695 0.803211 0
    outer loop
      vertex 21.1672 31.679 54
      vertex 24.1704 29.4517 47
      vertex 21.1672 31.679 47
    endloop
  endfacet
  facet normal 0.146725 -0.989177 0
    outer loop
      vertex 3.73445 -37.9165 47
      vertex 7.43294 -37.3679 54
      vertex 3.73445 -37.9165 54
    endloop
  endfacet
  facet normal 0.146725 -0.989177 0
    outer loop
      vertex 7.43294 -37.3679 54
      vertex 3.73445 -37.9165 47
      vertex 7.43294 -37.3679 47
    endloop
  endfacet
  facet normal 0.941546 -0.336885 0
    outer loop
      vertex 35.1998 -14.5802 54
      vertex 36.4594 -11.0598 47
      vertex 36.4594 -11.0598 54
    endloop
  endfacet
  facet normal 0.941546 -0.336885 0
    outer loop
      vertex 36.4594 -11.0598 47
      vertex 35.1998 -14.5802 54
      vertex 35.1998 -14.5802 47
    endloop
  endfacet
  facet normal 0.740957 -0.671552 0
    outer loop
      vertex 26.9408 -26.9408 54
      vertex 29.4517 -24.1704 47
      vertex 29.4517 -24.1704 54
    endloop
  endfacet
  facet normal 0.740957 -0.671552 0
    outer loop
      vertex 29.4517 -24.1704 47
      vertex 26.9408 -26.9408 54
      vertex 26.9408 -26.9408 47
    endloop
  endfacet
  facet normal 0.803211 -0.595695 0
    outer loop
      vertex 29.4517 -24.1704 54
      vertex 31.679 -21.1672 47
      vertex 31.679 -21.1672 54
    endloop
  endfacet
  facet normal 0.803211 -0.595695 0
    outer loop
      vertex 31.679 -21.1672 47
      vertex 29.4517 -24.1704 54
      vertex 29.4517 -24.1704 47
    endloop
  endfacet
  facet normal -0.427551 0.903991 0
    outer loop
      vertex -14.5802 35.1998 47
      vertex -17.9602 33.6012 54
      vertex -14.5802 35.1998 54
    endloop
  endfacet
  facet normal -0.427551 0.903991 0
    outer loop
      vertex -17.9602 33.6012 54
      vertex -14.5802 35.1998 47
      vertex -17.9602 33.6012 47
    endloop
  endfacet
  facet normal 0.903991 0.427551 0
    outer loop
      vertex 35.1998 14.5802 54
      vertex 33.6012 17.9602 47
      vertex 33.6012 17.9602 54
    endloop
  endfacet
  facet normal 0.903991 0.427551 0
    outer loop
      vertex 33.6012 17.9602 47
      vertex 35.1998 14.5802 54
      vertex 35.1998 14.5802 47
    endloop
  endfacet
  facet normal -0.857729 -0.514102 0
    outer loop
      vertex -31.679 -21.1672 47
      vertex -33.6012 -17.9602 54
      vertex -33.6012 -17.9602 47
    endloop
  endfacet
  facet normal -0.857729 -0.514102 0
    outer loop
      vertex -33.6012 -17.9602 54
      vertex -31.679 -21.1672 47
      vertex -31.679 -21.1672 54
    endloop
  endfacet
  facet normal -0.242985 -0.97003 0
    outer loop
      vertex -11.0598 -36.4594 47
      vertex -7.43294 -37.3679 54
      vertex -11.0598 -36.4594 54
    endloop
  endfacet
  facet normal -0.242985 -0.97003 -0
    outer loop
      vertex -7.43294 -37.3679 54
      vertex -11.0598 -36.4594 47
      vertex -7.43294 -37.3679 47
    endloop
  endfacet
  facet normal 0.989177 -0.146725 0
    outer loop
      vertex 37.3679 -7.43294 54
      vertex 37.9165 -3.73445 47
      vertex 37.9165 -3.73445 54
    endloop
  endfacet
  facet normal 0.989177 -0.146725 0
    outer loop
      vertex 37.9165 -3.73445 47
      vertex 37.3679 -7.43294 54
      vertex 37.3679 -7.43294 47
    endloop
  endfacet
  facet normal -0.803211 -0.595695 0
    outer loop
      vertex -29.4517 -24.1704 47
      vertex -31.679 -21.1672 54
      vertex -31.679 -21.1672 47
    endloop
  endfacet
  facet normal -0.803211 -0.595695 0
    outer loop
      vertex -31.679 -21.1672 54
      vertex -29.4517 -24.1704 47
      vertex -29.4517 -24.1704 54
    endloop
  endfacet
  facet normal 0.803211 0.595695 0
    outer loop
      vertex 31.679 21.1672 54
      vertex 29.4517 24.1704 47
      vertex 29.4517 24.1704 54
    endloop
  endfacet
  facet normal 0.803211 0.595695 0
    outer loop
      vertex 29.4517 24.1704 47
      vertex 31.679 21.1672 54
      vertex 31.679 21.1672 47
    endloop
  endfacet
  facet normal -0.903991 -0.427551 0
    outer loop
      vertex -33.6012 -17.9602 47
      vertex -35.1998 -14.5802 54
      vertex -35.1998 -14.5802 47
    endloop
  endfacet
  facet normal -0.903991 -0.427551 0
    outer loop
      vertex -35.1998 -14.5802 54
      vertex -33.6012 -17.9602 47
      vertex -33.6012 -17.9602 54
    endloop
  endfacet
  facet normal 0.146725 0.989177 -0
    outer loop
      vertex 7.43294 37.3679 47
      vertex 3.73445 37.9165 54
      vertex 7.43294 37.3679 54
    endloop
  endfacet
  facet normal 0.146725 0.989177 0
    outer loop
      vertex 3.73445 37.9165 54
      vertex 7.43294 37.3679 47
      vertex 3.73445 37.9165 47
    endloop
  endfacet
  facet normal -0.427551 -0.903991 0
    outer loop
      vertex -17.9602 -33.6012 47
      vertex -14.5802 -35.1998 54
      vertex -17.9602 -33.6012 54
    endloop
  endfacet
  facet normal -0.427551 -0.903991 -0
    outer loop
      vertex -14.5802 -35.1998 54
      vertex -17.9602 -33.6012 47
      vertex -14.5802 -35.1998 47
    endloop
  endfacet
  facet normal 0.595695 -0.803211 0
    outer loop
      vertex 21.1672 -31.679 47
      vertex 24.1704 -29.4517 54
      vertex 21.1672 -31.679 54
    endloop
  endfacet
  facet normal 0.595695 -0.803211 0
    outer loop
      vertex 24.1704 -29.4517 54
      vertex 21.1672 -31.679 47
      vertex 24.1704 -29.4517 47
    endloop
  endfacet
  facet normal 0.998795 -0.0490779 0
    outer loop
      vertex 37.9165 -3.73445 54
      vertex 38.1 0 47
      vertex 38.1 0 54
    endloop
  endfacet
  facet normal 0.998795 -0.0490779 0
    outer loop
      vertex 38.1 0 47
      vertex 37.9165 -3.73445 54
      vertex 37.9165 -3.73445 47
    endloop
  endfacet
  facet normal -0.146725 0.989177 0
    outer loop
      vertex -3.73445 37.9165 47
      vertex -7.43294 37.3679 54
      vertex -3.73445 37.9165 54
    endloop
  endfacet
  facet normal -0.146725 0.989177 0
    outer loop
      vertex -7.43294 37.3679 54
      vertex -3.73445 37.9165 47
      vertex -7.43294 37.3679 47
    endloop
  endfacet
  facet normal -0.989177 -0.146725 0
    outer loop
      vertex -37.3679 -7.43294 47
      vertex -37.9165 -3.73445 54
      vertex -37.9165 -3.73445 47
    endloop
  endfacet
  facet normal -0.989177 -0.146725 0
    outer loop
      vertex -37.9165 -3.73445 54
      vertex -37.3679 -7.43294 47
      vertex -37.3679 -7.43294 54
    endloop
  endfacet
  facet normal 0.336885 -0.941546 0
    outer loop
      vertex 11.0598 -36.4594 47
      vertex 14.5802 -35.1998 54
      vertex 11.0598 -36.4594 54
    endloop
  endfacet
  facet normal 0.336885 -0.941546 0
    outer loop
      vertex 14.5802 -35.1998 54
      vertex 11.0598 -36.4594 47
      vertex 14.5802 -35.1998 47
    endloop
  endfacet
  facet normal 0.242985 -0.97003 0
    outer loop
      vertex 7.43294 -37.3679 47
      vertex 11.0598 -36.4594 54
      vertex 7.43294 -37.3679 54
    endloop
  endfacet
  facet normal 0.242985 -0.97003 0
    outer loop
      vertex 11.0598 -36.4594 54
      vertex 7.43294 -37.3679 47
      vertex 11.0598 -36.4594 47
    endloop
  endfacet
  facet normal -0.740957 -0.671552 0
    outer loop
      vertex -26.9408 -26.9408 47
      vertex -29.4517 -24.1704 54
      vertex -29.4517 -24.1704 47
    endloop
  endfacet
  facet normal -0.740957 -0.671552 0
    outer loop
      vertex -29.4517 -24.1704 54
      vertex -26.9408 -26.9408 47
      vertex -26.9408 -26.9408 54
    endloop
  endfacet
  facet normal -0.903991 0.427551 0
    outer loop
      vertex -35.1998 14.5802 47
      vertex -33.6012 17.9602 54
      vertex -33.6012 17.9602 47
    endloop
  endfacet
  facet normal -0.903991 0.427551 0
    outer loop
      vertex -33.6012 17.9602 54
      vertex -35.1998 14.5802 47
      vertex -35.1998 14.5802 54
    endloop
  endfacet
  facet normal -0.595695 -0.803211 0
    outer loop
      vertex -24.1704 -29.4517 47
      vertex -21.1672 -31.679 54
      vertex -24.1704 -29.4517 54
    endloop
  endfacet
  facet normal -0.595695 -0.803211 -0
    outer loop
      vertex -21.1672 -31.679 54
      vertex -24.1704 -29.4517 47
      vertex -21.1672 -31.679 47
    endloop
  endfacet
  facet normal 0.903991 -0.427551 0
    outer loop
      vertex 33.6012 -17.9602 54
      vertex 35.1998 -14.5802 47
      vertex 35.1998 -14.5802 54
    endloop
  endfacet
  facet normal 0.903991 -0.427551 0
    outer loop
      vertex 35.1998 -14.5802 47
      vertex 33.6012 -17.9602 54
      vertex 33.6012 -17.9602 47
    endloop
  endfacet
  facet normal 0.857729 -0.514102 0
    outer loop
      vertex 31.679 -21.1672 54
      vertex 33.6012 -17.9602 47
      vertex 33.6012 -17.9602 54
    endloop
  endfacet
  facet normal 0.857729 -0.514102 0
    outer loop
      vertex 33.6012 -17.9602 47
      vertex 31.679 -21.1672 54
      vertex 31.679 -21.1672 47
    endloop
  endfacet
  facet normal -0.0490779 -0.998795 0
    outer loop
      vertex -3.73445 -37.9165 47
      vertex 0 -38.1 54
      vertex -3.73445 -37.9165 54
    endloop
  endfacet
  facet normal -0.0490779 -0.998795 -0
    outer loop
      vertex 0 -38.1 54
      vertex -3.73445 -37.9165 47
      vertex 0 -38.1 47
    endloop
  endfacet
  facet normal 0 0 1
    outer loop
      vertex 36.5 0 54
      vertex 38.1 0 54
      vertex 37.9165 3.73445 54
    endloop
  endfacet
  facet normal 0 0 1
    outer loop
      vertex 36.3242 3.57763 54
      vertex 37.9165 3.73445 54
      vertex 37.3679 7.43294 54
    endloop
  endfacet
  facet normal 0 0 1
    outer loop
      vertex 38.1 0 54
      vertex 36.5 0 54
      vertex 37.9165 -3.73445 54
    endloop
  endfacet
  facet normal -0 0 1
    outer loop
      vertex 36.3242 -3.57763 54
      vertex 37.9165 -3.73445 54
      vertex 36.5 0 54
    endloop
  endfacet
  facet normal 0 0 1
    outer loop
      vertex 35.7987 7.1208 54
      vertex 37.3679 7.43294 54
      vertex 36.4594 11.0598 54
    endloop
  endfacet
  facet normal 0 0 1
    outer loop
      vertex 37.9165 3.73445 54
      vertex 36.3242 3.57763 54
      vertex 36.5 0 54
    endloop
  endfacet
  facet normal 0 0 1
    outer loop
      vertex 37.3679 7.43294 54
      vertex 35.7987 7.1208 54
      vertex 36.3242 3.57763 54
    endloop
  endfacet
  facet normal 0 0 1
    outer loop
      vertex 34.9283 10.5954 54
      vertex 36.4594 11.0598 54
      vertex 35.1998 14.5802 54
    endloop
  endfacet
  facet normal 0 0 1
    outer loop
      vertex 36.4594 11.0598 54
      vertex 34.9283 10.5954 54
      vertex 35.7987 7.1208 54
    endloop
  endfacet
  facet normal 0 0 1
    outer loop
      vertex 35.1998 14.5802 54
      vertex 33.7216 13.9679 54
      vertex 34.9283 10.5954 54
    endloop
  endfacet
  facet normal 0 0 1
    outer loop
      vertex 33.6012 17.9602 54
      vertex 33.7216 13.9679 54
      vertex 35.1998 14.5802 54
    endloop
  endfacet
  facet normal 0 0 1
    outer loop
      vertex 33.6012 17.9602 54
      vertex 32.1901 17.206 54
      vertex 33.7216 13.9679 54
    endloop
  endfacet
  facet normal 0 0 1
    outer loop
      vertex 31.679 21.1672 54
      vertex 32.1901 17.206 54
      vertex 33.6012 17.9602 54
    endloop
  endfacet
  facet normal 0 0 1
    outer loop
      vertex 31.679 21.1672 54
      vertex 30.3486 20.2783 54
      vertex 32.1901 17.206 54
    endloop
  endfacet
  facet normal 0 0 1
    outer loop
      vertex 29.4517 24.1704 54
      vertex 30.3486 20.2783 54
      vertex 31.679 21.1672 54
    endloop
  endfacet
  facet normal 0 0 1
    outer loop
      vertex 29.4517 24.1704 54
      vertex 28.2149 23.1554 54
      vertex 30.3486 20.2783 54
    endloop
  endfacet
  facet normal 0 0 1
    outer loop
      vertex 26.9408 26.9408 54
      vertex 28.2149 23.1554 54
      vertex 29.4517 24.1704 54
    endloop
  endfacet
  facet normal 0 0 1
    outer loop
      vertex 26.9408 26.9408 54
      vertex 25.8094 25.8094 54
      vertex 28.2149 23.1554 54
    endloop
  endfacet
  facet normal 0 0 1
    outer loop
      vertex 24.1704 29.4517 54
      vertex 25.8094 25.8094 54
      vertex 26.9408 26.9408 54
    endloop
  endfacet
  facet normal 0 0 1
    outer loop
      vertex 24.1704 29.4517 54
      vertex 23.1554 28.2149 54
      vertex 25.8094 25.8094 54
    endloop
  endfacet
  facet normal 0 0 1
    outer loop
      vertex 21.1672 31.679 54
      vertex 23.1554 28.2149 54
      vertex 24.1704 29.4517 54
    endloop
  endfacet
  facet normal 0 0 1
    outer loop
      vertex 21.1672 31.679 54
      vertex 20.2783 30.3486 54
      vertex 23.1554 28.2149 54
    endloop
  endfacet
  facet normal 0 0 1
    outer loop
      vertex 17.9602 33.6012 54
      vertex 20.2783 30.3486 54
      vertex 21.1672 31.679 54
    endloop
  endfacet
  facet normal 0 0 1
    outer loop
      vertex 17.9602 33.6012 54
      vertex 17.206 32.1901 54
      vertex 20.2783 30.3486 54
    endloop
  endfacet
  facet normal 0 0 1
    outer loop
      vertex 14.5802 35.1998 54
      vertex 17.206 32.1901 54
      vertex 17.9602 33.6012 54
    endloop
  endfacet
  facet normal 0 0 1
    outer loop
      vertex 14.5802 35.1998 54
      vertex 13.9679 33.7216 54
      vertex 17.206 32.1901 54
    endloop
  endfacet
  facet normal 0 0 1
    outer loop
      vertex 11.0598 36.4594 54
      vertex 13.9679 33.7216 54
      vertex 14.5802 35.1998 54
    endloop
  endfacet
  facet normal 0 0 1
    outer loop
      vertex 11.0598 36.4594 54
      vertex 10.5954 34.9283 54
      vertex 13.9679 33.7216 54
    endloop
  endfacet
  facet normal 0 0 1
    outer loop
      vertex 7.43294 37.3679 54
      vertex 10.5954 34.9283 54
      vertex 11.0598 36.4594 54
    endloop
  endfacet
  facet normal 0 0 1
    outer loop
      vertex 7.43294 37.3679 54
      vertex 7.1208 35.7987 54
      vertex 10.5954 34.9283 54
    endloop
  endfacet
  facet normal 0 0 1
    outer loop
      vertex 3.73445 37.9165 54
      vertex 7.1208 35.7987 54
      vertex 7.43294 37.3679 54
    endloop
  endfacet
  facet normal 0 0 1
    outer loop
      vertex 3.73445 37.9165 54
      vertex 3.57763 36.3242 54
      vertex 7.1208 35.7987 54
    endloop
  endfacet
  facet normal 0 0 1
    outer loop
      vertex 0 38.1 54
      vertex 3.57763 36.3242 54
      vertex 3.73445 37.9165 54
    endloop
  endfacet
  facet normal 0 0 1
    outer loop
      vertex 0 38.1 54
      vertex 0 36.5 54
      vertex 3.57763 36.3242 54
    endloop
  endfacet
  facet normal 0 0 1
    outer loop
      vertex 0 38.1 54
      vertex -3.57763 36.3242 54
      vertex 0 36.5 54
    endloop
  endfacet
  facet normal -0 0 1
    outer loop
      vertex -3.73445 37.9165 54
      vertex -3.57763 36.3242 54
      vertex 0 38.1 54
    endloop
  endfacet
  facet normal 0 0 1
    outer loop
      vertex -3.73445 37.9165 54
      vertex -7.1208 35.7987 54
      vertex -3.57763 36.3242 54
    endloop
  endfacet
  facet normal -0 0 1
    outer loop
      vertex -7.43294 37.3679 54
      vertex -7.1208 35.7987 54
      vertex -3.73445 37.9165 54
    endloop
  endfacet
  facet normal 0 0 1
    outer loop
      vertex -7.43294 37.3679 54
      vertex -10.5954 34.9283 54
      vertex -7.1208 35.7987 54
    endloop
  endfacet
  facet normal -0 0 1
    outer loop
      vertex -11.0598 36.4594 54
      vertex -10.5954 34.9283 54
      vertex -7.43294 37.3679 54
    endloop
  endfacet
  facet normal 0 0 1
    outer loop
      vertex -11.0598 36.4594 54
      vertex -13.9679 33.7216 54
      vertex -10.5954 34.9283 54
    endloop
  endfacet
  facet normal -0 0 1
    outer loop
      vertex -14.5802 35.1998 54
      vertex -13.9679 33.7216 54
      vertex -11.0598 36.4594 54
    endloop
  endfacet
  facet normal 0 0 1
    outer loop
      vertex -14.5802 35.1998 54
      vertex -17.206 32.1901 54
      vertex -13.9679 33.7216 54
    endloop
  endfacet
  facet normal -0 0 1
    outer loop
      vertex -17.9602 33.6012 54
      vertex -17.206 32.1901 54
      vertex -14.5802 35.1998 54
    endloop
  endfacet
  facet normal 0 0 1
    outer loop
      vertex -17.9602 33.6012 54
      vertex -20.2783 30.3486 54
      vertex -17.206 32.1901 54
    endloop
  endfacet
  facet normal -0 0 1
    outer loop
      vertex -21.1672 31.679 54
      vertex -20.2783 30.3486 54
      vertex -17.9602 33.6012 54
    endloop
  endfacet
  facet normal 0 0 1
    outer loop
      vertex -21.1672 31.679 54
      vertex -23.1554 28.2149 54
      vertex -20.2783 30.3486 54
    endloop
  endfacet
  facet normal -0 0 1
    outer loop
      vertex -24.1704 29.4517 54
      vertex -23.1554 28.2149 54
      vertex -21.1672 31.679 54
    endloop
  endfacet
  facet normal 0 0 1
    outer loop
      vertex -24.1704 29.4517 54
      vertex -25.8094 25.8094 54
      vertex -23.1554 28.2149 54
    endloop
  endfacet
  facet normal -0 0 1
    outer loop
      vertex -26.9408 26.9408 54
      vertex -25.8094 25.8094 54
      vertex -24.1704 29.4517 54
    endloop
  endfacet
  facet normal 0 0 1
    outer loop
      vertex -26.9408 26.9408 54
      vertex -28.2149 23.1554 54
      vertex -25.8094 25.8094 54
    endloop
  endfacet
  facet normal -0 0 1
    outer loop
      vertex -29.4517 24.1704 54
      vertex -28.2149 23.1554 54
      vertex -26.9408 26.9408 54
    endloop
  endfacet
  facet normal 0 0 1
    outer loop
      vertex -29.4517 24.1704 54
      vertex -30.3486 20.2783 54
      vertex -28.2149 23.1554 54
    endloop
  endfacet
  facet normal -0 0 1
    outer loop
      vertex -31.679 21.1672 54
      vertex -30.3486 20.2783 54
      vertex -29.4517 24.1704 54
    endloop
  endfacet
  facet normal 0 0 1
    outer loop
      vertex -31.679 21.1672 54
      vertex -32.1901 17.206 54
      vertex -30.3486 20.2783 54
    endloop
  endfacet
  facet normal -0 0 1
    outer loop
      vertex -33.6012 17.9602 54
      vertex -32.1901 17.206 54
      vertex -31.679 21.1672 54
    endloop
  endfacet
  facet normal 0 0 1
    outer loop
      vertex -33.6012 17.9602 54
      vertex -33.7216 13.9679 54
      vertex -32.1901 17.206 54
    endloop
  endfacet
  facet normal -0 0 1
    outer loop
      vertex -35.1998 14.5802 54
      vertex -33.7216 13.9679 54
      vertex -33.6012 17.9602 54
    endloop
  endfacet
  facet normal 0 0 1
    outer loop
      vertex -33.7216 13.9679 54
      vertex -35.1998 14.5802 54
      vertex -34.9283 10.5954 54
    endloop
  endfacet
  facet normal -0 0 1
    outer loop
      vertex -36.4594 11.0598 54
      vertex -34.9283 10.5954 54
      vertex -35.1998 14.5802 54
    endloop
  endfacet
  facet normal 0 0 1
    outer loop
      vertex -34.9283 10.5954 54
      vertex -36.4594 11.0598 54
      vertex -35.7987 7.1208 54
    endloop
  endfacet
  facet normal -0 0 1
    outer loop
      vertex -37.3679 7.43294 54
      vertex -35.7987 7.1208 54
      vertex -36.4594 11.0598 54
    endloop
  endfacet
  facet normal 0 0 1
    outer loop
      vertex -35.7987 7.1208 54
      vertex -37.3679 7.43294 54
      vertex -36.3242 3.57763 54
    endloop
  endfacet
  facet normal -0 0 1
    outer loop
      vertex -37.9165 3.73445 54
      vertex -36.3242 3.57763 54
      vertex -37.3679 7.43294 54
    endloop
  endfacet
  facet normal 0 0 1
    outer loop
      vertex 37.9165 -3.73445 54
      vertex 36.3242 -3.57763 54
      vertex 37.3679 -7.43294 54
    endloop
  endfacet
  facet normal -0 0 1
    outer loop
      vertex 35.7987 -7.1208 54
      vertex 37.3679 -7.43294 54
      vertex 36.3242 -3.57763 54
    endloop
  endfacet
  facet normal 0 0 1
    outer loop
      vertex 37.3679 -7.43294 54
      vertex 35.7987 -7.1208 54
      vertex 36.4594 -11.0598 54
    endloop
  endfacet
  facet normal -0 0 1
    outer loop
      vertex 34.9283 -10.5954 54
      vertex 36.4594 -11.0598 54
      vertex 35.7987 -7.1208 54
    endloop
  endfacet
  facet normal 0 0 1
    outer loop
      vertex 36.4594 -11.0598 54
      vertex 34.9283 -10.5954 54
      vertex 35.1998 -14.5802 54
    endloop
  endfacet
  facet normal -0 0 1
    outer loop
      vertex 33.7216 -13.9679 54
      vertex 35.1998 -14.5802 54
      vertex 34.9283 -10.5954 54
    endloop
  endfacet
  facet normal 0 0 1
    outer loop
      vertex 33.7216 -13.9679 54
      vertex 33.6012 -17.9602 54
      vertex 35.1998 -14.5802 54
    endloop
  endfacet
  facet normal -0 0 1
    outer loop
      vertex 32.1901 -17.206 54
      vertex 33.6012 -17.9602 54
      vertex 33.7216 -13.9679 54
    endloop
  endfacet
  facet normal 0 0 1
    outer loop
      vertex 32.1901 -17.206 54
      vertex 31.679 -21.1672 54
      vertex 33.6012 -17.9602 54
    endloop
  endfacet
  facet normal -0 0 1
    outer loop
      vertex 30.3486 -20.2783 54
      vertex 31.679 -21.1672 54
      vertex 32.1901 -17.206 54
    endloop
  endfacet
  facet normal 0 0 1
    outer loop
      vertex 30.3486 -20.2783 54
      vertex 29.4517 -24.1704 54
      vertex 31.679 -21.1672 54
    endloop
  endfacet
  facet normal -0 0 1
    outer loop
      vertex 28.2149 -23.1554 54
      vertex 29.4517 -24.1704 54
      vertex 30.3486 -20.2783 54
    endloop
  endfacet
  facet normal 0 0 1
    outer loop
      vertex 28.2149 -23.1554 54
      vertex 26.9408 -26.9408 54
      vertex 29.4517 -24.1704 54
    endloop
  endfacet
  facet normal -0 0 1
    outer loop
      vertex 25.8094 -25.8094 54
      vertex 26.9408 -26.9408 54
      vertex 28.2149 -23.1554 54
    endloop
  endfacet
  facet normal 0 0 1
    outer loop
      vertex 25.8094 -25.8094 54
      vertex 24.1704 -29.4517 54
      vertex 26.9408 -26.9408 54
    endloop
  endfacet
  facet normal -0 0 1
    outer loop
      vertex 23.1554 -28.2149 54
      vertex 24.1704 -29.4517 54
      vertex 25.8094 -25.8094 54
    endloop
  endfacet
  facet normal 0 0 1
    outer loop
      vertex 23.1554 -28.2149 54
      vertex 21.1672 -31.679 54
      vertex 24.1704 -29.4517 54
    endloop
  endfacet
  facet normal -0 0 1
    outer loop
      vertex 20.2783 -30.3486 54
      vertex 21.1672 -31.679 54
      vertex 23.1554 -28.2149 54
    endloop
  endfacet
  facet normal 0 0 1
    outer loop
      vertex 20.2783 -30.3486 54
      vertex 17.9602 -33.6012 54
      vertex 21.1672 -31.679 54
    endloop
  endfacet
  facet normal -0 0 1
    outer loop
      vertex 17.206 -32.1901 54
      vertex 17.9602 -33.6012 54
      vertex 20.2783 -30.3486 54
    endloop
  endfacet
  facet normal 0 0 1
    outer loop
      vertex 17.206 -32.1901 54
      vertex 14.5802 -35.1998 54
      vertex 17.9602 -33.6012 54
    endloop
  endfacet
  facet normal -0 0 1
    outer loop
      vertex 13.9679 -33.7216 54
      vertex 14.5802 -35.1998 54
      vertex 17.206 -32.1901 54
    endloop
  endfacet
  facet normal 0 0 1
    outer loop
      vertex 13.9679 -33.7216 54
      vertex 11.0598 -36.4594 54
      vertex 14.5802 -35.1998 54
    endloop
  endfacet
  facet normal -0 0 1
    outer loop
      vertex 10.5954 -34.9283 54
      vertex 11.0598 -36.4594 54
      vertex 13.9679 -33.7216 54
    endloop
  endfacet
  facet normal 0 0 1
    outer loop
      vertex 10.5954 -34.9283 54
      vertex 7.43294 -37.3679 54
      vertex 11.0598 -36.4594 54
    endloop
  endfacet
  facet normal -0 0 1
    outer loop
      vertex 7.1208 -35.7987 54
      vertex 7.43294 -37.3679 54
      vertex 10.5954 -34.9283 54
    endloop
  endfacet
  facet normal 0 0 1
    outer loop
      vertex 7.1208 -35.7987 54
      vertex 3.73445 -37.9165 54
      vertex 7.43294 -37.3679 54
    endloop
  endfacet
  facet normal -0 0 1
    outer loop
      vertex 3.57763 -36.3242 54
      vertex 3.73445 -37.9165 54
      vertex 7.1208 -35.7987 54
    endloop
  endfacet
  facet normal -0 0 1
    outer loop
      vertex 0 -36.5 54
      vertex 3.73445 -37.9165 54
      vertex 3.57763 -36.3242 54
    endloop
  endfacet
  facet normal 0 0 1
    outer loop
      vertex 0 -36.5 54
      vertex 0 -38.1 54
      vertex 3.73445 -37.9165 54
    endloop
  endfacet
  facet normal 0 0 1
    outer loop
      vertex -3.57763 -36.3242 54
      vertex 0 -38.1 54
      vertex 0 -36.5 54
    endloop
  endfacet
  facet normal 0 0 1
    outer loop
      vertex -3.57763 -36.3242 54
      vertex -3.73445 -37.9165 54
      vertex 0 -38.1 54
    endloop
  endfacet
  facet normal 0 0 1
    outer loop
      vertex -7.1208 -35.7987 54
      vertex -3.73445 -37.9165 54
      vertex -3.57763 -36.3242 54
    endloop
  endfacet
  facet normal 0 0 1
    outer loop
      vertex -7.1208 -35.7987 54
      vertex -7.43294 -37.3679 54
      vertex -3.73445 -37.9165 54
    endloop
  endfacet
  facet normal 0 0 1
    outer loop
      vertex -10.5954 -34.9283 54
      vertex -7.43294 -37.3679 54
      vertex -7.1208 -35.7987 54
    endloop
  endfacet
  facet normal 0 0 1
    outer loop
      vertex -10.5954 -34.9283 54
      vertex -11.0598 -36.4594 54
      vertex -7.43294 -37.3679 54
    endloop
  endfacet
  facet normal 0 0 1
    outer loop
      vertex -13.9679 -33.7216 54
      vertex -11.0598 -36.4594 54
      vertex -10.5954 -34.9283 54
    endloop
  endfacet
  facet normal 0 0 1
    outer loop
      vertex -13.9679 -33.7216 54
      vertex -14.5802 -35.1998 54
      vertex -11.0598 -36.4594 54
    endloop
  endfacet
  facet normal 0 0 1
    outer loop
      vertex -17.206 -32.1901 54
      vertex -14.5802 -35.1998 54
      vertex -13.9679 -33.7216 54
    endloop
  endfacet
  facet normal 0 0 1
    outer loop
      vertex -17.206 -32.1901 54
      vertex -17.9602 -33.6012 54
      vertex -14.5802 -35.1998 54
    endloop
  endfacet
  facet normal 0 0 1
    outer loop
      vertex -20.2783 -30.3486 54
      vertex -17.9602 -33.6012 54
      vertex -17.206 -32.1901 54
    endloop
  endfacet
  facet normal 0 0 1
    outer loop
      vertex -20.2783 -30.3486 54
      vertex -21.1672 -31.679 54
      vertex -17.9602 -33.6012 54
    endloop
  endfacet
  facet normal 0 0 1
    outer loop
      vertex -23.1554 -28.2149 54
      vertex -21.1672 -31.679 54
      vertex -20.2783 -30.3486 54
    endloop
  endfacet
  facet normal 0 0 1
    outer loop
      vertex -23.1554 -28.2149 54
      vertex -24.1704 -29.4517 54
      vertex -21.1672 -31.679 54
    endloop
  endfacet
  facet normal 0 0 1
    outer loop
      vertex -25.8094 -25.8094 54
      vertex -24.1704 -29.4517 54
      vertex -23.1554 -28.2149 54
    endloop
  endfacet
  facet normal 0 0 1
    outer loop
      vertex -25.8094 -25.8094 54
      vertex -26.9408 -26.9408 54
      vertex -24.1704 -29.4517 54
    endloop
  endfacet
  facet normal 0 0 1
    outer loop
      vertex -28.2149 -23.1554 54
      vertex -26.9408 -26.9408 54
      vertex -25.8094 -25.8094 54
    endloop
  endfacet
  facet normal 0 0 1
    outer loop
      vertex -28.2149 -23.1554 54
      vertex -29.4517 -24.1704 54
      vertex -26.9408 -26.9408 54
    endloop
  endfacet
  facet normal 0 0 1
    outer loop
      vertex -30.3486 -20.2783 54
      vertex -29.4517 -24.1704 54
      vertex -28.2149 -23.1554 54
    endloop
  endfacet
  facet normal 0 0 1
    outer loop
      vertex -30.3486 -20.2783 54
      vertex -31.679 -21.1672 54
      vertex -29.4517 -24.1704 54
    endloop
  endfacet
  facet normal 0 0 1
    outer loop
      vertex -32.1901 -17.206 54
      vertex -31.679 -21.1672 54
      vertex -30.3486 -20.2783 54
    endloop
  endfacet
  facet normal 0 0 1
    outer loop
      vertex -32.1901 -17.206 54
      vertex -33.6012 -17.9602 54
      vertex -31.679 -21.1672 54
    endloop
  endfacet
  facet normal 0 0 1
    outer loop
      vertex -33.7216 -13.9679 54
      vertex -33.6012 -17.9602 54
      vertex -32.1901 -17.206 54
    endloop
  endfacet
  facet normal 0 0 1
    outer loop
      vertex -35.1998 -14.5802 54
      vertex -33.7216 -13.9679 54
      vertex -34.9283 -10.5954 54
    endloop
  endfacet
  facet normal 0 0 1
    outer loop
      vertex -33.7216 -13.9679 54
      vertex -35.1998 -14.5802 54
      vertex -33.6012 -17.9602 54
    endloop
  endfacet
  facet normal 0 0 1
    outer loop
      vertex -36.4594 -11.0598 54
      vertex -34.9283 -10.5954 54
      vertex -35.7987 -7.1208 54
    endloop
  endfacet
  facet normal 0 0 1
    outer loop
      vertex -37.3679 -7.43294 54
      vertex -35.7987 -7.1208 54
      vertex -36.3242 -3.57763 54
    endloop
  endfacet
  facet normal 0 0 1
    outer loop
      vertex -34.9283 -10.5954 54
      vertex -36.4594 -11.0598 54
      vertex -35.1998 -14.5802 54
    endloop
  endfacet
  facet normal 0 0 1
    outer loop
      vertex -37.9165 -3.73445 54
      vertex -36.3242 -3.57763 54
      vertex -36.5 0 54
    endloop
  endfacet
  facet normal 0 0 1
    outer loop
      vertex -36.3242 3.57763 54
      vertex -37.9165 3.73445 54
      vertex -36.5 0 54
    endloop
  endfacet
  facet normal 0 0 1
    outer loop
      vertex -35.7987 -7.1208 54
      vertex -37.3679 -7.43294 54
      vertex -36.4594 -11.0598 54
    endloop
  endfacet
  facet normal 0 0 1
    outer loop
      vertex -38.1 0 54
      vertex -36.5 0 54
      vertex -37.9165 3.73445 54
    endloop
  endfacet
  facet normal 0 0 1
    outer loop
      vertex -36.3242 -3.57763 54
      vertex -37.9165 -3.73445 54
      vertex -37.3679 -7.43294 54
    endloop
  endfacet
  facet normal 0 0 1
    outer loop
      vertex -36.5 0 54
      vertex -38.1 0 54
      vertex -37.9165 -3.73445 54
    endloop
  endfacet
  facet normal -0.998795 0.0490779 0
    outer loop
      vertex -38.1 0 47
      vertex -37.9165 3.73445 54
      vertex -37.9165 3.73445 47
    endloop
  endfacet
  facet normal -0.998795 0.0490779 0
    outer loop
      vertex -37.9165 3.73445 54
      vertex -38.1 0 47
      vertex -38.1 0 54
    endloop
  endfacet
  facet normal 0.671552 -0.740957 0
    outer loop
      vertex 24.1704 -29.4517 47
      vertex 26.9408 -26.9408 54
      vertex 24.1704 -29.4517 54
    endloop
  endfacet
  facet normal 0.671552 -0.740957 0
    outer loop
      vertex 26.9408 -26.9408 54
      vertex 24.1704 -29.4517 47
      vertex 26.9408 -26.9408 47
    endloop
  endfacet
  facet normal 0 -0.243188 0.969979
    outer loop
      vertex 39.5893 0.217713 12.7323
      vertex 36.4928 0.146317 12.7144
      vertex 39.5928 0.146317 12.7144
    endloop
  endfacet
  facet normal 0 -0.243188 0.969979
    outer loop
      vertex 36.4928 0.146317 12.7144
      vertex 39.5893 0.217713 12.7323
      vertex 36.4893 0.217713 12.7323
    endloop
  endfacet
  facet normal -0 0.941544 0.336891
    outer loop
      vertex 36.466 -0.692909 13.163
      vertex 39.5647 -0.717705 13.2323
      vertex 39.566 -0.692909 13.163
    endloop
  endfacet
  facet normal 0 0.941544 0.336891
    outer loop
      vertex 39.5647 -0.717705 13.2323
      vertex 36.466 -0.692909 13.163
      vertex 36.4647 -0.717705 13.2323
    endloop
  endfacet
  facet normal -0 0.427902 0.903825
    outer loop
      vertex 36.4859 -0.287012 12.7571
      vertex 39.5826 -0.353547 12.7886
      vertex 39.5859 -0.287012 12.7571
    endloop
  endfacet
  facet normal 0 0.427902 0.903825
    outer loop
      vertex 39.5826 -0.353547 12.7886
      vertex 36.4859 -0.287012 12.7571
      vertex 36.4826 -0.353547 12.7886
    endloop
  endfacet
  facet normal 0 -0.0489129 0.998803
    outer loop
      vertex 39.5964 0.0735121 12.7036
      vertex 36.5 0 12.7
      vertex 39.6 0 12.7
    endloop
  endfacet
  facet normal 0 -0.0489129 0.998803
    outer loop
      vertex 36.5 0 12.7
      vertex 39.5964 0.0735121 12.7036
      vertex 36.4964 0.0735121 12.7036
    endloop
  endfacet
  facet normal 0 -0.803127 0.595808
    outer loop
      vertex 36.4715 0.579758 12.9742
      vertex 39.5694 0.623602 13.0333
      vertex 36.4694 0.623602 13.0333
    endloop
  endfacet
  facet normal 0 -0.803127 0.595808
    outer loop
      vertex 39.5694 0.623602 13.0333
      vertex 36.4715 0.579758 12.9742
      vertex 39.5715 0.579758 12.9742
    endloop
  endfacet
  facet normal 0 -0.740734 0.671798
    outer loop
      vertex 36.4739 0.53033 12.9197
      vertex 39.5715 0.579758 12.9742
      vertex 36.4715 0.579758 12.9742
    endloop
  endfacet
  facet normal 0 -0.740734 0.671798
    outer loop
      vertex 39.5715 0.579758 12.9742
      vertex 36.4739 0.53033 12.9197
      vertex 39.5739 0.53033 12.9197
    endloop
  endfacet
  facet normal 0 0.857978 -0.513687
    outer loop
      vertex 39.5675 -0.661441 13.8035
      vertex 36.4694 -0.623602 13.8667
      vertex 39.5694 -0.623602 13.8667
    endloop
  endfacet
  facet normal 0 0.857978 -0.513687
    outer loop
      vertex 36.4694 -0.623602 13.8667
      vertex 39.5675 -0.661441 13.8035
      vertex 36.4675 -0.661441 13.8035
    endloop
  endfacet
  facet normal 0 0.336943 -0.941525
    outer loop
      vertex 39.5859 -0.287012 14.1429
      vertex 36.4893 -0.217713 14.1677
      vertex 39.5893 -0.217713 14.1677
    endloop
  endfacet
  facet normal 0 0.336943 -0.941525
    outer loop
      vertex 36.4893 -0.217713 14.1677
      vertex 39.5859 -0.287012 14.1429
      vertex 36.4859 -0.287012 14.1429
    endloop
  endfacet
  facet normal 0 -0.336943 0.941525
    outer loop
      vertex 39.5859 0.287012 12.7571
      vertex 36.4893 0.217713 12.7323
      vertex 39.5893 0.217713 12.7323
    endloop
  endfacet
  facet normal 0 -0.336943 0.941525
    outer loop
      vertex 36.4893 0.217713 12.7323
      vertex 39.5859 0.287012 12.7571
      vertex 36.4859 0.287012 12.7571
    endloop
  endfacet
  facet normal 0 -0.998795 -0.0490836
    outer loop
      vertex 36.4632 0.75 13.45
      vertex 39.5633 0.746388 13.5235
      vertex 36.4633 0.746388 13.5235
    endloop
  endfacet
  facet normal 0 -0.998795 -0.0490836
    outer loop
      vertex 39.5633 0.746388 13.5235
      vertex 36.4632 0.75 13.45
      vertex 39.5632 0.75 13.45
    endloop
  endfacet
  facet normal 0 0.998795 0.0490836
    outer loop
      vertex 39.5633 -0.746388 13.3765
      vertex 36.4632 -0.75 13.45
      vertex 39.5632 -0.75 13.45
    endloop
  endfacet
  facet normal 0 0.998795 0.0490836
    outer loop
      vertex 36.4632 -0.75 13.45
      vertex 39.5633 -0.746388 13.3765
      vertex 36.4633 -0.746388 13.3765
    endloop
  endfacet
  facet normal 0 -0.998795 0.0490836
    outer loop
      vertex 36.4633 0.746388 13.3765
      vertex 39.5632 0.75 13.45
      vertex 36.4632 0.75 13.45
    endloop
  endfacet
  facet normal 0 -0.998795 0.0490836
    outer loop
      vertex 39.5632 0.75 13.45
      vertex 36.4633 0.746388 13.3765
      vertex 39.5633 0.746388 13.3765
    endloop
  endfacet
  facet normal -0 0.513716 0.85796
    outer loop
      vertex 36.4826 -0.353547 12.7886
      vertex 39.5795 -0.416677 12.8264
      vertex 39.5826 -0.353547 12.7886
    endloop
  endfacet
  facet normal 0 0.513716 0.85796
    outer loop
      vertex 39.5795 -0.416677 12.8264
      vertex 36.4826 -0.353547 12.7886
      vertex 36.4795 -0.416677 12.8264
    endloop
  endfacet
  facet normal 0 -0.513716 -0.85796
    outer loop
      vertex 36.4826 0.353547 14.1114
      vertex 39.5795 0.416677 14.0736
      vertex 39.5826 0.353547 14.1114
    endloop
  endfacet
  facet normal -0 -0.513716 -0.85796
    outer loop
      vertex 39.5795 0.416677 14.0736
      vertex 36.4826 0.353547 14.1114
      vertex 36.4795 0.416677 14.0736
    endloop
  endfacet
  facet normal 0 0.970037 -0.242958
    outer loop
      vertex 39.5639 -0.735588 13.5963
      vertex 36.4647 -0.717705 13.6677
      vertex 39.5647 -0.717705 13.6677
    endloop
  endfacet
  facet normal 0 0.970037 -0.242958
    outer loop
      vertex 36.4647 -0.717705 13.6677
      vertex 39.5639 -0.735588 13.5963
      vertex 36.4639 -0.735588 13.5963
    endloop
  endfacet
  facet normal 0 -0.513716 0.85796
    outer loop
      vertex 39.5795 0.416677 12.8264
      vertex 36.4826 0.353547 12.7886
      vertex 39.5826 0.353547 12.7886
    endloop
  endfacet
  facet normal 0 -0.513716 0.85796
    outer loop
      vertex 36.4826 0.353547 12.7886
      vertex 39.5795 0.416677 12.8264
      vertex 36.4795 0.416677 12.8264
    endloop
  endfacet
  facet normal 0 0.0489129 -0.998803
    outer loop
      vertex 39.5964 -0.0735121 14.1964
      vertex 36.5 0 14.2
      vertex 39.6 0 14.2
    endloop
  endfacet
  facet normal 0 0.0489129 -0.998803
    outer loop
      vertex 36.5 0 14.2
      vertex 39.5964 -0.0735121 14.1964
      vertex 36.4964 -0.0735121 14.1964
    endloop
  endfacet
  facet normal 0 -0.595306 0.803499
    outer loop
      vertex 39.5766 0.475795 12.8702
      vertex 36.4795 0.416677 12.8264
      vertex 39.5795 0.416677 12.8264
    endloop
  endfacet
  facet normal 0 -0.595306 0.803499
    outer loop
      vertex 36.4795 0.416677 12.8264
      vertex 39.5766 0.475795 12.8702
      vertex 36.4766 0.475795 12.8702
    endloop
  endfacet
  facet normal 0 -0.427902 0.903825
    outer loop
      vertex 39.5826 0.353547 12.7886
      vertex 36.4859 0.287012 12.7571
      vertex 39.5859 0.287012 12.7571
    endloop
  endfacet
  facet normal 0 -0.427902 0.903825
    outer loop
      vertex 36.4859 0.287012 12.7571
      vertex 39.5826 0.353547 12.7886
      vertex 36.4826 0.353547 12.7886
    endloop
  endfacet
  facet normal -0 0.243188 0.969979
    outer loop
      vertex 36.4928 -0.146317 12.7144
      vertex 39.5893 -0.217713 12.7323
      vertex 39.5928 -0.146317 12.7144
    endloop
  endfacet
  facet normal 0 0.243188 0.969979
    outer loop
      vertex 39.5893 -0.217713 12.7323
      vertex 36.4928 -0.146317 12.7144
      vertex 36.4893 -0.217713 12.7323
    endloop
  endfacet
  facet normal 0 -0.243188 -0.969979
    outer loop
      vertex 36.4928 0.146317 14.1856
      vertex 39.5893 0.217713 14.1677
      vertex 39.5928 0.146317 14.1856
    endloop
  endfacet
  facet normal -0 -0.243188 -0.969979
    outer loop
      vertex 39.5893 0.217713 14.1677
      vertex 36.4928 0.146317 14.1856
      vertex 36.4893 0.217713 14.1677
    endloop
  endfacet
  facet normal 0 -0.903906 0.427731
    outer loop
      vertex 36.4675 0.661441 13.0965
      vertex 39.566 0.692909 13.163
      vertex 36.466 0.692909 13.163
    endloop
  endfacet
  facet normal 0 -0.903906 0.427731
    outer loop
      vertex 39.566 0.692909 13.163
      vertex 36.4675 0.661441 13.0965
      vertex 39.5675 0.661441 13.0965
    endloop
  endfacet
  facet normal 0 0.903906 -0.427731
    outer loop
      vertex 39.566 -0.692909 13.737
      vertex 36.4675 -0.661441 13.8035
      vertex 39.5675 -0.661441 13.8035
    endloop
  endfacet
  facet normal 0 0.903906 -0.427731
    outer loop
      vertex 36.4675 -0.661441 13.8035
      vertex 39.566 -0.692909 13.737
      vertex 36.466 -0.692909 13.737
    endloop
  endfacet
  facet normal 0 0.243188 -0.969979
    outer loop
      vertex 39.5893 -0.217713 14.1677
      vertex 36.4928 -0.146317 14.1856
      vertex 39.5928 -0.146317 14.1856
    endloop
  endfacet
  facet normal 0 0.243188 -0.969979
    outer loop
      vertex 36.4928 -0.146317 14.1856
      vertex 39.5893 -0.217713 14.1677
      vertex 36.4893 -0.217713 14.1677
    endloop
  endfacet
  facet normal 0 -0.941544 0.336891
    outer loop
      vertex 36.466 0.692909 13.163
      vertex 39.5647 0.717705 13.2323
      vertex 36.4647 0.717705 13.2323
    endloop
  endfacet
  facet normal 0 -0.941544 0.336891
    outer loop
      vertex 39.5647 0.717705 13.2323
      vertex 36.466 0.692909 13.163
      vertex 39.566 0.692909 13.163
    endloop
  endfacet
  facet normal -0 0.146736 0.989176
    outer loop
      vertex 36.4964 -0.0735121 12.7036
      vertex 39.5928 -0.146317 12.7144
      vertex 39.5964 -0.0735121 12.7036
    endloop
  endfacet
  facet normal 0 0.146736 0.989176
    outer loop
      vertex 39.5928 -0.146317 12.7144
      vertex 36.4964 -0.0735121 12.7036
      vertex 36.4928 -0.146317 12.7144
    endloop
  endfacet
  facet normal 0 -0.146736 0.989176
    outer loop
      vertex 39.5928 0.146317 12.7144
      vertex 36.4964 0.0735121 12.7036
      vertex 39.5964 0.0735121 12.7036
    endloop
  endfacet
  facet normal 0 -0.146736 0.989176
    outer loop
      vertex 36.4964 0.0735121 12.7036
      vertex 39.5928 0.146317 12.7144
      vertex 36.4928 0.146317 12.7144
    endloop
  endfacet
  facet normal -0 -0.989174 -0.146746
    outer loop
      vertex 39.5633 0.746388 13.5235
      vertex 36.4639 0.735588 13.5963
      vertex 36.4633 0.746388 13.5235
    endloop
  endfacet
  facet normal 0 -0.989174 -0.146746
    outer loop
      vertex 36.4639 0.735588 13.5963
      vertex 39.5633 0.746388 13.5235
      vertex 39.5639 0.735588 13.5963
    endloop
  endfacet
  facet normal -0 0.903906 0.427731
    outer loop
      vertex 36.4675 -0.661441 13.0965
      vertex 39.566 -0.692909 13.163
      vertex 39.5675 -0.661441 13.0965
    endloop
  endfacet
  facet normal 0 0.903906 0.427731
    outer loop
      vertex 39.566 -0.692909 13.163
      vertex 36.4675 -0.661441 13.0965
      vertex 36.466 -0.692909 13.163
    endloop
  endfacet
  facet normal -0 -0.740734 -0.671798
    outer loop
      vertex 39.5715 0.579758 13.9258
      vertex 36.4739 0.53033 13.9803
      vertex 36.4715 0.579758 13.9258
    endloop
  endfacet
  facet normal 0 -0.740734 -0.671798
    outer loop
      vertex 36.4739 0.53033 13.9803
      vertex 39.5715 0.579758 13.9258
      vertex 39.5739 0.53033 13.9803
    endloop
  endfacet
  facet normal -0 -0.803127 -0.595808
    outer loop
      vertex 39.5694 0.623602 13.8667
      vertex 36.4715 0.579758 13.9258
      vertex 36.4694 0.623602 13.8667
    endloop
  endfacet
  facet normal 0 -0.803127 -0.595808
    outer loop
      vertex 36.4715 0.579758 13.9258
      vertex 39.5694 0.623602 13.8667
      vertex 39.5715 0.579758 13.9258
    endloop
  endfacet
  facet normal 0 -0.970037 0.242958
    outer loop
      vertex 36.4647 0.717705 13.2323
      vertex 39.5639 0.735588 13.3037
      vertex 36.4639 0.735588 13.3037
    endloop
  endfacet
  facet normal 0 -0.970037 0.242958
    outer loop
      vertex 39.5639 0.735588 13.3037
      vertex 36.4647 0.717705 13.2323
      vertex 39.5647 0.717705 13.2323
    endloop
  endfacet
  facet normal 0 -0.672098 -0.740462
    outer loop
      vertex 36.4766 0.475795 14.0298
      vertex 39.5739 0.53033 13.9803
      vertex 39.5766 0.475795 14.0298
    endloop
  endfacet
  facet normal -0 -0.672098 -0.740462
    outer loop
      vertex 39.5739 0.53033 13.9803
      vertex 36.4766 0.475795 14.0298
      vertex 36.4739 0.53033 13.9803
    endloop
  endfacet
  facet normal -0 0.0489129 0.998803
    outer loop
      vertex 36.5 0 12.7
      vertex 39.5964 -0.0735121 12.7036
      vertex 39.6 0 12.7
    endloop
  endfacet
  facet normal 0 0.0489129 0.998803
    outer loop
      vertex 39.5964 -0.0735121 12.7036
      vertex 36.5 0 12.7
      vertex 36.4964 -0.0735121 12.7036
    endloop
  endfacet
  facet normal -0 -0.903906 -0.427731
    outer loop
      vertex 39.566 0.692909 13.737
      vertex 36.4675 0.661441 13.8035
      vertex 36.466 0.692909 13.737
    endloop
  endfacet
  facet normal 0 -0.903906 -0.427731
    outer loop
      vertex 36.4675 0.661441 13.8035
      vertex 39.566 0.692909 13.737
      vertex 39.5675 0.661441 13.8035
    endloop
  endfacet
  facet normal 0 -0.857978 0.513687
    outer loop
      vertex 36.4694 0.623602 13.0333
      vertex 39.5675 0.661441 13.0965
      vertex 36.4675 0.661441 13.0965
    endloop
  endfacet
  facet normal 0 -0.857978 0.513687
    outer loop
      vertex 39.5675 0.661441 13.0965
      vertex 36.4694 0.623602 13.0333
      vertex 39.5694 0.623602 13.0333
    endloop
  endfacet
  facet normal -0 0.989174 0.146746
    outer loop
      vertex 36.4639 -0.735588 13.3037
      vertex 39.5633 -0.746388 13.3765
      vertex 39.5639 -0.735588 13.3037
    endloop
  endfacet
  facet normal 0 0.989174 0.146746
    outer loop
      vertex 39.5633 -0.746388 13.3765
      vertex 36.4639 -0.735588 13.3037
      vertex 36.4633 -0.746388 13.3765
    endloop
  endfacet
  facet normal -0 0.672098 0.740462
    outer loop
      vertex 36.4766 -0.475795 12.8702
      vertex 39.5739 -0.53033 12.9197
      vertex 39.5766 -0.475795 12.8702
    endloop
  endfacet
  facet normal 0 0.672098 0.740462
    outer loop
      vertex 39.5739 -0.53033 12.9197
      vertex 36.4766 -0.475795 12.8702
      vertex 36.4739 -0.53033 12.9197
    endloop
  endfacet
  facet normal -0 0.595306 0.803499
    outer loop
      vertex 36.4795 -0.416677 12.8264
      vertex 39.5766 -0.475795 12.8702
      vertex 39.5795 -0.416677 12.8264
    endloop
  endfacet
  facet normal 0 0.595306 0.803499
    outer loop
      vertex 39.5766 -0.475795 12.8702
      vertex 36.4795 -0.416677 12.8264
      vertex 36.4766 -0.475795 12.8702
    endloop
  endfacet
  facet normal -0 0.970037 0.242958
    outer loop
      vertex 36.4647 -0.717705 13.2323
      vertex 39.5639 -0.735588 13.3037
      vertex 39.5647 -0.717705 13.2323
    endloop
  endfacet
  facet normal 0 0.970037 0.242958
    outer loop
      vertex 39.5639 -0.735588 13.3037
      vertex 36.4647 -0.717705 13.2323
      vertex 36.4639 -0.735588 13.3037
    endloop
  endfacet
  facet normal -0 0.336943 0.941525
    outer loop
      vertex 36.4893 -0.217713 12.7323
      vertex 39.5859 -0.287012 12.7571
      vertex 39.5893 -0.217713 12.7323
    endloop
  endfacet
  facet normal 0 0.336943 0.941525
    outer loop
      vertex 39.5859 -0.287012 12.7571
      vertex 36.4893 -0.217713 12.7323
      vertex 36.4859 -0.287012 12.7571
    endloop
  endfacet
  facet normal -0 -0.970037 -0.242958
    outer loop
      vertex 39.5639 0.735588 13.5963
      vertex 36.4647 0.717705 13.6677
      vertex 36.4639 0.735588 13.5963
    endloop
  endfacet
  facet normal 0 -0.970037 -0.242958
    outer loop
      vertex 36.4647 0.717705 13.6677
      vertex 39.5639 0.735588 13.5963
      vertex 39.5647 0.717705 13.6677
    endloop
  endfacet
  facet normal 0 -0.989174 0.146746
    outer loop
      vertex 36.4639 0.735588 13.3037
      vertex 39.5633 0.746388 13.3765
      vertex 36.4633 0.746388 13.3765
    endloop
  endfacet
  facet normal 0 -0.989174 0.146746
    outer loop
      vertex 39.5633 0.746388 13.3765
      vertex 36.4639 0.735588 13.3037
      vertex 39.5639 0.735588 13.3037
    endloop
  endfacet
  facet normal 0 -0.146736 -0.989176
    outer loop
      vertex 36.4964 0.0735121 14.1964
      vertex 39.5928 0.146317 14.1856
      vertex 39.5964 0.0735121 14.1964
    endloop
  endfacet
  facet normal -0 -0.146736 -0.989176
    outer loop
      vertex 39.5928 0.146317 14.1856
      vertex 36.4964 0.0735121 14.1964
      vertex 36.4928 0.146317 14.1856
    endloop
  endfacet
  facet normal 0 0.427902 -0.903825
    outer loop
      vertex 39.5826 -0.353547 14.1114
      vertex 36.4859 -0.287012 14.1429
      vertex 39.5859 -0.287012 14.1429
    endloop
  endfacet
  facet normal 0 0.427902 -0.903825
    outer loop
      vertex 36.4859 -0.287012 14.1429
      vertex 39.5826 -0.353547 14.1114
      vertex 36.4826 -0.353547 14.1114
    endloop
  endfacet
  facet normal 0 0.513716 -0.85796
    outer loop
      vertex 39.5795 -0.416677 14.0736
      vertex 36.4826 -0.353547 14.1114
      vertex 39.5826 -0.353547 14.1114
    endloop
  endfacet
  facet normal 0 0.513716 -0.85796
    outer loop
      vertex 36.4826 -0.353547 14.1114
      vertex 39.5795 -0.416677 14.0736
      vertex 36.4795 -0.416677 14.0736
    endloop
  endfacet
  facet normal -0 -0.941544 -0.336891
    outer loop
      vertex 39.5647 0.717705 13.6677
      vertex 36.466 0.692909 13.737
      vertex 36.4647 0.717705 13.6677
    endloop
  endfacet
  facet normal 0 -0.941544 -0.336891
    outer loop
      vertex 36.466 0.692909 13.737
      vertex 39.5647 0.717705 13.6677
      vertex 39.566 0.692909 13.737
    endloop
  endfacet
  facet normal 0 -0.336943 -0.941525
    outer loop
      vertex 36.4893 0.217713 14.1677
      vertex 39.5859 0.287012 14.1429
      vertex 39.5893 0.217713 14.1677
    endloop
  endfacet
  facet normal -0 -0.336943 -0.941525
    outer loop
      vertex 39.5859 0.287012 14.1429
      vertex 36.4893 0.217713 14.1677
      vertex 36.4859 0.287012 14.1429
    endloop
  endfacet
  facet normal -0 0.803127 0.595808
    outer loop
      vertex 36.4715 -0.579758 12.9742
      vertex 39.5694 -0.623602 13.0333
      vertex 39.5715 -0.579758 12.9742
    endloop
  endfacet
  facet normal 0 0.803127 0.595808
    outer loop
      vertex 39.5694 -0.623602 13.0333
      vertex 36.4715 -0.579758 12.9742
      vertex 36.4694 -0.623602 13.0333
    endloop
  endfacet
  facet normal 0 -0.672098 0.740462
    outer loop
      vertex 39.5739 0.53033 12.9197
      vertex 36.4766 0.475795 12.8702
      vertex 39.5766 0.475795 12.8702
    endloop
  endfacet
  facet normal 0 -0.672098 0.740462
    outer loop
      vertex 36.4766 0.475795 12.8702
      vertex 39.5739 0.53033 12.9197
      vertex 36.4739 0.53033 12.9197
    endloop
  endfacet
  facet normal 0 0.146736 -0.989176
    outer loop
      vertex 39.5928 -0.146317 14.1856
      vertex 36.4964 -0.0735121 14.1964
      vertex 39.5964 -0.0735121 14.1964
    endloop
  endfacet
  facet normal 0 0.146736 -0.989176
    outer loop
      vertex 36.4964 -0.0735121 14.1964
      vertex 39.5928 -0.146317 14.1856
      vertex 36.4928 -0.146317 14.1856
    endloop
  endfacet
  facet normal 0 0.672098 -0.740462
    outer loop
      vertex 39.5739 -0.53033 13.9803
      vertex 36.4766 -0.475795 14.0298
      vertex 39.5766 -0.475795 14.0298
    endloop
  endfacet
  facet normal 0 0.672098 -0.740462
    outer loop
      vertex 36.4766 -0.475795 14.0298
      vertex 39.5739 -0.53033 13.9803
      vertex 36.4739 -0.53033 13.9803
    endloop
  endfacet
  facet normal 0 0.595306 -0.803499
    outer loop
      vertex 39.5766 -0.475795 14.0298
      vertex 36.4795 -0.416677 14.0736
      vertex 39.5795 -0.416677 14.0736
    endloop
  endfacet
  facet normal 0 0.595306 -0.803499
    outer loop
      vertex 36.4795 -0.416677 14.0736
      vertex 39.5766 -0.475795 14.0298
      vertex 36.4766 -0.475795 14.0298
    endloop
  endfacet
  facet normal -0 -0.857978 -0.513687
    outer loop
      vertex 39.5675 0.661441 13.8035
      vertex 36.4694 0.623602 13.8667
      vertex 36.4675 0.661441 13.8035
    endloop
  endfacet
  facet normal 0 -0.857978 -0.513687
    outer loop
      vertex 36.4694 0.623602 13.8667
      vertex 39.5675 0.661441 13.8035
      vertex 39.5694 0.623602 13.8667
    endloop
  endfacet
  facet normal 0 -0.427902 -0.903825
    outer loop
      vertex 36.4859 0.287012 14.1429
      vertex 39.5826 0.353547 14.1114
      vertex 39.5859 0.287012 14.1429
    endloop
  endfacet
  facet normal -0 -0.427902 -0.903825
    outer loop
      vertex 39.5826 0.353547 14.1114
      vertex 36.4859 0.287012 14.1429
      vertex 36.4826 0.353547 14.1114
    endloop
  endfacet
  facet normal -0 0.857978 0.513687
    outer loop
      vertex 36.4694 -0.623602 13.0333
      vertex 39.5675 -0.661441 13.0965
      vertex 39.5694 -0.623602 13.0333
    endloop
  endfacet
  facet normal 0 0.857978 0.513687
    outer loop
      vertex 39.5675 -0.661441 13.0965
      vertex 36.4694 -0.623602 13.0333
      vertex 36.4675 -0.661441 13.0965
    endloop
  endfacet
  facet normal 0 0.803127 -0.595808
    outer loop
      vertex 39.5694 -0.623602 13.8667
      vertex 36.4715 -0.579758 13.9258
      vertex 39.5715 -0.579758 13.9258
    endloop
  endfacet
  facet normal 0 0.803127 -0.595808
    outer loop
      vertex 36.4715 -0.579758 13.9258
      vertex 39.5694 -0.623602 13.8667
      vertex 36.4694 -0.623602 13.8667
    endloop
  endfacet
  facet normal 0 0.740734 -0.671798
    outer loop
      vertex 39.5715 -0.579758 13.9258
      vertex 36.4739 -0.53033 13.9803
      vertex 39.5739 -0.53033 13.9803
    endloop
  endfacet
  facet normal 0 0.740734 -0.671798
    outer loop
      vertex 36.4739 -0.53033 13.9803
      vertex 39.5715 -0.579758 13.9258
      vertex 36.4715 -0.579758 13.9258
    endloop
  endfacet
  facet normal 0 -0.595306 -0.803499
    outer loop
      vertex 36.4795 0.416677 14.0736
      vertex 39.5766 0.475795 14.0298
      vertex 39.5795 0.416677 14.0736
    endloop
  endfacet
  facet normal -0 -0.595306 -0.803499
    outer loop
      vertex 39.5766 0.475795 14.0298
      vertex 36.4795 0.416677 14.0736
      vertex 36.4766 0.475795 14.0298
    endloop
  endfacet
  facet normal 0 0.998795 -0.0490836
    outer loop
      vertex 39.5632 -0.75 13.45
      vertex 36.4633 -0.746388 13.5235
      vertex 39.5633 -0.746388 13.5235
    endloop
  endfacet
  facet normal 0 0.998795 -0.0490836
    outer loop
      vertex 36.4633 -0.746388 13.5235
      vertex 39.5632 -0.75 13.45
      vertex 36.4632 -0.75 13.45
    endloop
  endfacet
  facet normal 0 0.989174 -0.146746
    outer loop
      vertex 39.5633 -0.746388 13.5235
      vertex 36.4639 -0.735588 13.5963
      vertex 39.5639 -0.735588 13.5963
    endloop
  endfacet
  facet normal 0 0.989174 -0.146746
    outer loop
      vertex 36.4639 -0.735588 13.5963
      vertex 39.5633 -0.746388 13.5235
      vertex 36.4633 -0.746388 13.5235
    endloop
  endfacet
  facet normal 0 -0.0489129 -0.998803
    outer loop
      vertex 36.5 0 14.2
      vertex 39.5964 0.0735121 14.1964
      vertex 39.6 0 14.2
    endloop
  endfacet
  facet normal -0 -0.0489129 -0.998803
    outer loop
      vertex 39.5964 0.0735121 14.1964
      vertex 36.5 0 14.2
      vertex 36.4964 0.0735121 14.1964
    endloop
  endfacet
  facet normal 0 0.941544 -0.336891
    outer loop
      vertex 39.5647 -0.717705 13.6677
      vertex 36.466 -0.692909 13.737
      vertex 39.566 -0.692909 13.737
    endloop
  endfacet
  facet normal 0 0.941544 -0.336891
    outer loop
      vertex 36.466 -0.692909 13.737
      vertex 39.5647 -0.717705 13.6677
      vertex 36.4647 -0.717705 13.6677
    endloop
  endfacet
  facet normal -0 0.740734 0.671798
    outer loop
      vertex 36.4739 -0.53033 12.9197
      vertex 39.5715 -0.579758 12.9742
      vertex 39.5739 -0.53033 12.9197
    endloop
  endfacet
  facet normal 0 0.740734 0.671798
    outer loop
      vertex 39.5715 -0.579758 12.9742
      vertex 36.4739 -0.53033 12.9197
      vertex 36.4715 -0.579758 12.9742
    endloop
  endfacet
  facet normal -0 -0.903906 -0.427731
    outer loop
      vertex 39.566 0.692909 40.837
      vertex 36.4675 0.661441 40.9035
      vertex 36.466 0.692909 40.837
    endloop
  endfacet
  facet normal 0 -0.903906 -0.427731
    outer loop
      vertex 36.4675 0.661441 40.9035
      vertex 39.566 0.692909 40.837
      vertex 39.5675 0.661441 40.9035
    endloop
  endfacet
  facet normal 0 -0.243188 0.969979
    outer loop
      vertex 39.5893 0.217713 39.8323
      vertex 36.4928 0.146317 39.8144
      vertex 39.5928 0.146317 39.8144
    endloop
  endfacet
  facet normal 0 -0.243188 0.969979
    outer loop
      vertex 36.4928 0.146317 39.8144
      vertex 39.5893 0.217713 39.8323
      vertex 36.4893 0.217713 39.8323
    endloop
  endfacet
  facet normal -0 0.903906 0.427731
    outer loop
      vertex 36.4675 -0.661441 40.1965
      vertex 39.566 -0.692909 40.263
      vertex 39.5675 -0.661441 40.1965
    endloop
  endfacet
  facet normal 0 0.903906 0.427731
    outer loop
      vertex 39.566 -0.692909 40.263
      vertex 36.4675 -0.661441 40.1965
      vertex 36.466 -0.692909 40.263
    endloop
  endfacet
  facet normal -0 0.970037 0.242958
    outer loop
      vertex 36.4647 -0.717705 40.3323
      vertex 39.5639 -0.735588 40.4037
      vertex 39.5647 -0.717705 40.3323
    endloop
  endfacet
  facet normal 0 0.970037 0.242958
    outer loop
      vertex 39.5639 -0.735588 40.4037
      vertex 36.4647 -0.717705 40.3323
      vertex 36.4639 -0.735588 40.4037
    endloop
  endfacet
  facet normal 0 -0.595306 0.803499
    outer loop
      vertex 39.5766 0.475795 39.9702
      vertex 36.4795 0.416677 39.9264
      vertex 39.5795 0.416677 39.9264
    endloop
  endfacet
  facet normal 0 -0.595306 0.803499
    outer loop
      vertex 36.4795 0.416677 39.9264
      vertex 39.5766 0.475795 39.9702
      vertex 36.4766 0.475795 39.9702
    endloop
  endfacet
  facet normal 0 -0.0489129 0.998803
    outer loop
      vertex 39.5964 0.0735121 39.8036
      vertex 36.5 0 39.8
      vertex 39.6 0 39.8
    endloop
  endfacet
  facet normal 0 -0.0489129 0.998803
    outer loop
      vertex 36.5 0 39.8
      vertex 39.5964 0.0735121 39.8036
      vertex 36.4964 0.0735121 39.8036
    endloop
  endfacet
  facet normal 0 -0.998795 0.0490836
    outer loop
      vertex 36.4633 0.746388 40.4765
      vertex 39.5632 0.75 40.55
      vertex 36.4632 0.75 40.55
    endloop
  endfacet
  facet normal 0 -0.998795 0.0490836
    outer loop
      vertex 39.5632 0.75 40.55
      vertex 36.4633 0.746388 40.4765
      vertex 39.5633 0.746388 40.4765
    endloop
  endfacet
  facet normal 0 -0.803127 0.595808
    outer loop
      vertex 36.4715 0.579758 40.0742
      vertex 39.5694 0.623602 40.1333
      vertex 36.4694 0.623602 40.1333
    endloop
  endfacet
  facet normal 0 -0.803127 0.595808
    outer loop
      vertex 39.5694 0.623602 40.1333
      vertex 36.4715 0.579758 40.0742
      vertex 39.5715 0.579758 40.0742
    endloop
  endfacet
  facet normal 0 0.998795 0.0490836
    outer loop
      vertex 39.5633 -0.746388 40.4765
      vertex 36.4632 -0.75 40.55
      vertex 39.5632 -0.75 40.55
    endloop
  endfacet
  facet normal 0 0.998795 0.0490836
    outer loop
      vertex 36.4632 -0.75 40.55
      vertex 39.5633 -0.746388 40.4765
      vertex 36.4633 -0.746388 40.4765
    endloop
  endfacet
  facet normal -0 0.857978 0.513687
    outer loop
      vertex 36.4694 -0.623602 40.1333
      vertex 39.5675 -0.661441 40.1965
      vertex 39.5694 -0.623602 40.1333
    endloop
  endfacet
  facet normal 0 0.857978 0.513687
    outer loop
      vertex 39.5675 -0.661441 40.1965
      vertex 36.4694 -0.623602 40.1333
      vertex 36.4675 -0.661441 40.1965
    endloop
  endfacet
  facet normal -0 0.803127 0.595808
    outer loop
      vertex 36.4715 -0.579758 40.0742
      vertex 39.5694 -0.623602 40.1333
      vertex 39.5715 -0.579758 40.0742
    endloop
  endfacet
  facet normal 0 0.803127 0.595808
    outer loop
      vertex 39.5694 -0.623602 40.1333
      vertex 36.4715 -0.579758 40.0742
      vertex 36.4694 -0.623602 40.1333
    endloop
  endfacet
  facet normal -0 -0.970037 -0.242958
    outer loop
      vertex 39.5639 0.735588 40.6963
      vertex 36.4647 0.717705 40.7677
      vertex 36.4639 0.735588 40.6963
    endloop
  endfacet
  facet normal 0 -0.970037 -0.242958
    outer loop
      vertex 36.4647 0.717705 40.7677
      vertex 39.5639 0.735588 40.6963
      vertex 39.5647 0.717705 40.7677
    endloop
  endfacet
  facet normal 0 0.427902 -0.903825
    outer loop
      vertex 39.5826 -0.353547 41.2114
      vertex 36.4859 -0.287012 41.2429
      vertex 39.5859 -0.287012 41.2429
    endloop
  endfacet
  facet normal 0 0.427902 -0.903825
    outer loop
      vertex 36.4859 -0.287012 41.2429
      vertex 39.5826 -0.353547 41.2114
      vertex 36.4826 -0.353547 41.2114
    endloop
  endfacet
  facet normal -0 0.595306 0.803499
    outer loop
      vertex 36.4795 -0.416677 39.9264
      vertex 39.5766 -0.475795 39.9702
      vertex 39.5795 -0.416677 39.9264
    endloop
  endfacet
  facet normal 0 0.595306 0.803499
    outer loop
      vertex 39.5766 -0.475795 39.9702
      vertex 36.4795 -0.416677 39.9264
      vertex 36.4766 -0.475795 39.9702
    endloop
  endfacet
  facet normal 0 0.857978 -0.513687
    outer loop
      vertex 39.5675 -0.661441 40.9035
      vertex 36.4694 -0.623602 40.9667
      vertex 39.5694 -0.623602 40.9667
    endloop
  endfacet
  facet normal 0 0.857978 -0.513687
    outer loop
      vertex 36.4694 -0.623602 40.9667
      vertex 39.5675 -0.661441 40.9035
      vertex 36.4675 -0.661441 40.9035
    endloop
  endfacet
  facet normal -0 0.427902 0.903825
    outer loop
      vertex 36.4859 -0.287012 39.8571
      vertex 39.5826 -0.353547 39.8886
      vertex 39.5859 -0.287012 39.8571
    endloop
  endfacet
  facet normal 0 0.427902 0.903825
    outer loop
      vertex 39.5826 -0.353547 39.8886
      vertex 36.4859 -0.287012 39.8571
      vertex 36.4826 -0.353547 39.8886
    endloop
  endfacet
  facet normal 0 -0.903906 0.427731
    outer loop
      vertex 36.4675 0.661441 40.1965
      vertex 39.566 0.692909 40.263
      vertex 36.466 0.692909 40.263
    endloop
  endfacet
  facet normal 0 -0.903906 0.427731
    outer loop
      vertex 39.566 0.692909 40.263
      vertex 36.4675 0.661441 40.1965
      vertex 39.5675 0.661441 40.1965
    endloop
  endfacet
  facet normal 0 -0.146736 -0.989176
    outer loop
      vertex 36.4964 0.0735121 41.2964
      vertex 39.5928 0.146317 41.2856
      vertex 39.5964 0.0735121 41.2964
    endloop
  endfacet
  facet normal -0 -0.146736 -0.989176
    outer loop
      vertex 39.5928 0.146317 41.2856
      vertex 36.4964 0.0735121 41.2964
      vertex 36.4928 0.146317 41.2856
    endloop
  endfacet
  facet normal -0 -0.803127 -0.595808
    outer loop
      vertex 39.5694 0.623602 40.9667
      vertex 36.4715 0.579758 41.0258
      vertex 36.4694 0.623602 40.9667
    endloop
  endfacet
  facet normal 0 -0.803127 -0.595808
    outer loop
      vertex 36.4715 0.579758 41.0258
      vertex 39.5694 0.623602 40.9667
      vertex 39.5715 0.579758 41.0258
    endloop
  endfacet
  facet normal 0 0.243188 -0.969979
    outer loop
      vertex 39.5893 -0.217713 41.2677
      vertex 36.4928 -0.146317 41.2856
      vertex 39.5928 -0.146317 41.2856
    endloop
  endfacet
  facet normal 0 0.243188 -0.969979
    outer loop
      vertex 36.4928 -0.146317 41.2856
      vertex 39.5893 -0.217713 41.2677
      vertex 36.4893 -0.217713 41.2677
    endloop
  endfacet
  facet normal 0 0.998795 -0.0490836
    outer loop
      vertex 39.5632 -0.75 40.55
      vertex 36.4633 -0.746388 40.6235
      vertex 39.5633 -0.746388 40.6235
    endloop
  endfacet
  facet normal 0 0.998795 -0.0490836
    outer loop
      vertex 36.4633 -0.746388 40.6235
      vertex 39.5632 -0.75 40.55
      vertex 36.4632 -0.75 40.55
    endloop
  endfacet
  facet normal 0 -0.146736 0.989176
    outer loop
      vertex 39.5928 0.146317 39.8144
      vertex 36.4964 0.0735121 39.8036
      vertex 39.5964 0.0735121 39.8036
    endloop
  endfacet
  facet normal 0 -0.146736 0.989176
    outer loop
      vertex 36.4964 0.0735121 39.8036
      vertex 39.5928 0.146317 39.8144
      vertex 36.4928 0.146317 39.8144
    endloop
  endfacet
  facet normal 0 -0.672098 0.740462
    outer loop
      vertex 39.5739 0.53033 40.0197
      vertex 36.4766 0.475795 39.9702
      vertex 39.5766 0.475795 39.9702
    endloop
  endfacet
  facet normal 0 -0.672098 0.740462
    outer loop
      vertex 36.4766 0.475795 39.9702
      vertex 39.5739 0.53033 40.0197
      vertex 36.4739 0.53033 40.0197
    endloop
  endfacet
  facet normal -0 0.0489129 0.998803
    outer loop
      vertex 36.5 0 39.8
      vertex 39.5964 -0.0735121 39.8036
      vertex 39.6 0 39.8
    endloop
  endfacet
  facet normal 0 0.0489129 0.998803
    outer loop
      vertex 39.5964 -0.0735121 39.8036
      vertex 36.5 0 39.8
      vertex 36.4964 -0.0735121 39.8036
    endloop
  endfacet
  facet normal 0 0.0489129 -0.998803
    outer loop
      vertex 39.5964 -0.0735121 41.2964
      vertex 36.5 0 41.3
      vertex 39.6 0 41.3
    endloop
  endfacet
  facet normal 0 0.0489129 -0.998803
    outer loop
      vertex 36.5 0 41.3
      vertex 39.5964 -0.0735121 41.2964
      vertex 36.4964 -0.0735121 41.2964
    endloop
  endfacet
  facet normal 0 -0.336943 0.941525
    outer loop
      vertex 39.5859 0.287012 39.8571
      vertex 36.4893 0.217713 39.8323
      vertex 39.5893 0.217713 39.8323
    endloop
  endfacet
  facet normal 0 -0.336943 0.941525
    outer loop
      vertex 36.4893 0.217713 39.8323
      vertex 39.5859 0.287012 39.8571
      vertex 36.4859 0.287012 39.8571
    endloop
  endfacet
  facet normal 0 -0.989174 0.146746
    outer loop
      vertex 36.4639 0.735588 40.4037
      vertex 39.5633 0.746388 40.4765
      vertex 36.4633 0.746388 40.4765
    endloop
  endfacet
  facet normal 0 -0.989174 0.146746
    outer loop
      vertex 39.5633 0.746388 40.4765
      vertex 36.4639 0.735588 40.4037
      vertex 39.5639 0.735588 40.4037
    endloop
  endfacet
  facet normal 0 -0.740734 0.671798
    outer loop
      vertex 36.4739 0.53033 40.0197
      vertex 39.5715 0.579758 40.0742
      vertex 36.4715 0.579758 40.0742
    endloop
  endfacet
  facet normal 0 -0.740734 0.671798
    outer loop
      vertex 39.5715 0.579758 40.0742
      vertex 36.4739 0.53033 40.0197
      vertex 39.5739 0.53033 40.0197
    endloop
  endfacet
  facet normal 0 -0.998795 -0.0490836
    outer loop
      vertex 36.4632 0.75 40.55
      vertex 39.5633 0.746388 40.6235
      vertex 36.4633 0.746388 40.6235
    endloop
  endfacet
  facet normal 0 -0.998795 -0.0490836
    outer loop
      vertex 39.5633 0.746388 40.6235
      vertex 36.4632 0.75 40.55
      vertex 39.5632 0.75 40.55
    endloop
  endfacet
  facet normal 0 -0.672098 -0.740462
    outer loop
      vertex 36.4766 0.475795 41.1298
      vertex 39.5739 0.53033 41.0803
      vertex 39.5766 0.475795 41.1298
    endloop
  endfacet
  facet normal -0 -0.672098 -0.740462
    outer loop
      vertex 39.5739 0.53033 41.0803
      vertex 36.4766 0.475795 41.1298
      vertex 36.4739 0.53033 41.0803
    endloop
  endfacet
  facet normal -0 0.243188 0.969979
    outer loop
      vertex 36.4928 -0.146317 39.8144
      vertex 39.5893 -0.217713 39.8323
      vertex 39.5928 -0.146317 39.8144
    endloop
  endfacet
  facet normal 0 0.243188 0.969979
    outer loop
      vertex 39.5893 -0.217713 39.8323
      vertex 36.4928 -0.146317 39.8144
      vertex 36.4893 -0.217713 39.8323
    endloop
  endfacet
  facet normal 0 -0.513716 -0.85796
    outer loop
      vertex 36.4826 0.353547 41.2114
      vertex 39.5795 0.416677 41.1736
      vertex 39.5826 0.353547 41.2114
    endloop
  endfacet
  facet normal -0 -0.513716 -0.85796
    outer loop
      vertex 39.5795 0.416677 41.1736
      vertex 36.4826 0.353547 41.2114
      vertex 36.4795 0.416677 41.1736
    endloop
  endfacet
  facet normal 0 -0.427902 0.903825
    outer loop
      vertex 39.5826 0.353547 39.8886
      vertex 36.4859 0.287012 39.8571
      vertex 39.5859 0.287012 39.8571
    endloop
  endfacet
  facet normal 0 -0.427902 0.903825
    outer loop
      vertex 36.4859 0.287012 39.8571
      vertex 39.5826 0.353547 39.8886
      vertex 36.4826 0.353547 39.8886
    endloop
  endfacet
  facet normal -0 0.941544 0.336891
    outer loop
      vertex 36.466 -0.692909 40.263
      vertex 39.5647 -0.717705 40.3323
      vertex 39.566 -0.692909 40.263
    endloop
  endfacet
  facet normal 0 0.941544 0.336891
    outer loop
      vertex 39.5647 -0.717705 40.3323
      vertex 36.466 -0.692909 40.263
      vertex 36.4647 -0.717705 40.3323
    endloop
  endfacet
  facet normal -0 -0.989174 -0.146746
    outer loop
      vertex 39.5633 0.746388 40.6235
      vertex 36.4639 0.735588 40.6963
      vertex 36.4633 0.746388 40.6235
    endloop
  endfacet
  facet normal 0 -0.989174 -0.146746
    outer loop
      vertex 36.4639 0.735588 40.6963
      vertex 39.5633 0.746388 40.6235
      vertex 39.5639 0.735588 40.6963
    endloop
  endfacet
  facet normal 0 -0.427902 -0.903825
    outer loop
      vertex 36.4859 0.287012 41.2429
      vertex 39.5826 0.353547 41.2114
      vertex 39.5859 0.287012 41.2429
    endloop
  endfacet
  facet normal -0 -0.427902 -0.903825
    outer loop
      vertex 39.5826 0.353547 41.2114
      vertex 36.4859 0.287012 41.2429
      vertex 36.4826 0.353547 41.2114
    endloop
  endfacet
  facet normal 0 0.740734 -0.671798
    outer loop
      vertex 39.5715 -0.579758 41.0258
      vertex 36.4739 -0.53033 41.0803
      vertex 39.5739 -0.53033 41.0803
    endloop
  endfacet
  facet normal 0 0.740734 -0.671798
    outer loop
      vertex 36.4739 -0.53033 41.0803
      vertex 39.5715 -0.579758 41.0258
      vertex 36.4715 -0.579758 41.0258
    endloop
  endfacet
  facet normal 0 -0.243188 -0.969979
    outer loop
      vertex 36.4928 0.146317 41.2856
      vertex 39.5893 0.217713 41.2677
      vertex 39.5928 0.146317 41.2856
    endloop
  endfacet
  facet normal -0 -0.243188 -0.969979
    outer loop
      vertex 39.5893 0.217713 41.2677
      vertex 36.4928 0.146317 41.2856
      vertex 36.4893 0.217713 41.2677
    endloop
  endfacet
  facet normal -0 0.989174 0.146746
    outer loop
      vertex 36.4639 -0.735588 40.4037
      vertex 39.5633 -0.746388 40.4765
      vertex 39.5639 -0.735588 40.4037
    endloop
  endfacet
  facet normal 0 0.989174 0.146746
    outer loop
      vertex 39.5633 -0.746388 40.4765
      vertex 36.4639 -0.735588 40.4037
      vertex 36.4633 -0.746388 40.4765
    endloop
  endfacet
  facet normal -0 0.513716 0.85796
    outer loop
      vertex 36.4826 -0.353547 39.8886
      vertex 39.5795 -0.416677 39.9264
      vertex 39.5826 -0.353547 39.8886
    endloop
  endfacet
  facet normal 0 0.513716 0.85796
    outer loop
      vertex 39.5795 -0.416677 39.9264
      vertex 36.4826 -0.353547 39.8886
      vertex 36.4795 -0.416677 39.9264
    endloop
  endfacet
  facet normal 0 -0.857978 0.513687
    outer loop
      vertex 36.4694 0.623602 40.1333
      vertex 39.5675 0.661441 40.1965
      vertex 36.4675 0.661441 40.1965
    endloop
  endfacet
  facet normal 0 -0.857978 0.513687
    outer loop
      vertex 39.5675 0.661441 40.1965
      vertex 36.4694 0.623602 40.1333
      vertex 39.5694 0.623602 40.1333
    endloop
  endfacet
  facet normal 0 0.903906 -0.427731
    outer loop
      vertex 39.566 -0.692909 40.837
      vertex 36.4675 -0.661441 40.9035
      vertex 39.5675 -0.661441 40.9035
    endloop
  endfacet
  facet normal 0 0.903906 -0.427731
    outer loop
      vertex 36.4675 -0.661441 40.9035
      vertex 39.566 -0.692909 40.837
      vertex 36.466 -0.692909 40.837
    endloop
  endfacet
  facet normal -0 -0.857978 -0.513687
    outer loop
      vertex 39.5675 0.661441 40.9035
      vertex 36.4694 0.623602 40.9667
      vertex 36.4675 0.661441 40.9035
    endloop
  endfacet
  facet normal 0 -0.857978 -0.513687
    outer loop
      vertex 36.4694 0.623602 40.9667
      vertex 39.5675 0.661441 40.9035
      vertex 39.5694 0.623602 40.9667
    endloop
  endfacet
  facet normal -0 0.740734 0.671798
    outer loop
      vertex 36.4739 -0.53033 40.0197
      vertex 39.5715 -0.579758 40.0742
      vertex 39.5739 -0.53033 40.0197
    endloop
  endfacet
  facet normal 0 0.740734 0.671798
    outer loop
      vertex 39.5715 -0.579758 40.0742
      vertex 36.4739 -0.53033 40.0197
      vertex 36.4715 -0.579758 40.0742
    endloop
  endfacet
  facet normal -0 -0.740734 -0.671798
    outer loop
      vertex 39.5715 0.579758 41.0258
      vertex 36.4739 0.53033 41.0803
      vertex 36.4715 0.579758 41.0258
    endloop
  endfacet
  facet normal 0 -0.740734 -0.671798
    outer loop
      vertex 36.4739 0.53033 41.0803
      vertex 39.5715 0.579758 41.0258
      vertex 39.5739 0.53033 41.0803
    endloop
  endfacet
  facet normal 0 -0.513716 0.85796
    outer loop
      vertex 39.5795 0.416677 39.9264
      vertex 36.4826 0.353547 39.8886
      vertex 39.5826 0.353547 39.8886
    endloop
  endfacet
  facet normal 0 -0.513716 0.85796
    outer loop
      vertex 36.4826 0.353547 39.8886
      vertex 39.5795 0.416677 39.9264
      vertex 36.4795 0.416677 39.9264
    endloop
  endfacet
  facet normal 0 0.970037 -0.242958
    outer loop
      vertex 39.5639 -0.735588 40.6963
      vertex 36.4647 -0.717705 40.7677
      vertex 39.5647 -0.717705 40.7677
    endloop
  endfacet
  facet normal 0 0.970037 -0.242958
    outer loop
      vertex 36.4647 -0.717705 40.7677
      vertex 39.5639 -0.735588 40.6963
      vertex 36.4639 -0.735588 40.6963
    endloop
  endfacet
  facet normal 0 -0.941544 0.336891
    outer loop
      vertex 36.466 0.692909 40.263
      vertex 39.5647 0.717705 40.3323
      vertex 36.4647 0.717705 40.3323
    endloop
  endfacet
  facet normal 0 -0.941544 0.336891
    outer loop
      vertex 39.5647 0.717705 40.3323
      vertex 36.466 0.692909 40.263
      vertex 39.566 0.692909 40.263
    endloop
  endfacet
  facet normal -0 -0.941544 -0.336891
    outer loop
      vertex 39.5647 0.717705 40.7677
      vertex 36.466 0.692909 40.837
      vertex 36.4647 0.717705 40.7677
    endloop
  endfacet
  facet normal 0 -0.941544 -0.336891
    outer loop
      vertex 36.466 0.692909 40.837
      vertex 39.5647 0.717705 40.7677
      vertex 39.566 0.692909 40.837
    endloop
  endfacet
  facet normal 0 0.513716 -0.85796
    outer loop
      vertex 39.5795 -0.416677 41.1736
      vertex 36.4826 -0.353547 41.2114
      vertex 39.5826 -0.353547 41.2114
    endloop
  endfacet
  facet normal 0 0.513716 -0.85796
    outer loop
      vertex 36.4826 -0.353547 41.2114
      vertex 39.5795 -0.416677 41.1736
      vertex 36.4795 -0.416677 41.1736
    endloop
  endfacet
  facet normal 0 0.336943 -0.941525
    outer loop
      vertex 39.5859 -0.287012 41.2429
      vertex 36.4893 -0.217713 41.2677
      vertex 39.5893 -0.217713 41.2677
    endloop
  endfacet
  facet normal 0 0.336943 -0.941525
    outer loop
      vertex 36.4893 -0.217713 41.2677
      vertex 39.5859 -0.287012 41.2429
      vertex 36.4859 -0.287012 41.2429
    endloop
  endfacet
  facet normal 0 0.146736 -0.989176
    outer loop
      vertex 39.5928 -0.146317 41.2856
      vertex 36.4964 -0.0735121 41.2964
      vertex 39.5964 -0.0735121 41.2964
    endloop
  endfacet
  facet normal 0 0.146736 -0.989176
    outer loop
      vertex 36.4964 -0.0735121 41.2964
      vertex 39.5928 -0.146317 41.2856
      vertex 36.4928 -0.146317 41.2856
    endloop
  endfacet
  facet normal 0 0.672098 -0.740462
    outer loop
      vertex 39.5739 -0.53033 41.0803
      vertex 36.4766 -0.475795 41.1298
      vertex 39.5766 -0.475795 41.1298
    endloop
  endfacet
  facet normal 0 0.672098 -0.740462
    outer loop
      vertex 36.4766 -0.475795 41.1298
      vertex 39.5739 -0.53033 41.0803
      vertex 36.4739 -0.53033 41.0803
    endloop
  endfacet
  facet normal 0 -0.970037 0.242958
    outer loop
      vertex 36.4647 0.717705 40.3323
      vertex 39.5639 0.735588 40.4037
      vertex 36.4639 0.735588 40.4037
    endloop
  endfacet
  facet normal 0 -0.970037 0.242958
    outer loop
      vertex 39.5639 0.735588 40.4037
      vertex 36.4647 0.717705 40.3323
      vertex 39.5647 0.717705 40.3323
    endloop
  endfacet
  facet normal 0 0.803127 -0.595808
    outer loop
      vertex 39.5694 -0.623602 40.9667
      vertex 36.4715 -0.579758 41.0258
      vertex 39.5715 -0.579758 41.0258
    endloop
  endfacet
  facet normal 0 0.803127 -0.595808
    outer loop
      vertex 36.4715 -0.579758 41.0258
      vertex 39.5694 -0.623602 40.9667
      vertex 36.4694 -0.623602 40.9667
    endloop
  endfacet
  facet normal 0 0.595306 -0.803499
    outer loop
      vertex 39.5766 -0.475795 41.1298
      vertex 36.4795 -0.416677 41.1736
      vertex 39.5795 -0.416677 41.1736
    endloop
  endfacet
  facet normal 0 0.595306 -0.803499
    outer loop
      vertex 36.4795 -0.416677 41.1736
      vertex 39.5766 -0.475795 41.1298
      vertex 36.4766 -0.475795 41.1298
    endloop
  endfacet
  facet normal -0 0.146736 0.989176
    outer loop
      vertex 36.4964 -0.0735121 39.8036
      vertex 39.5928 -0.146317 39.8144
      vertex 39.5964 -0.0735121 39.8036
    endloop
  endfacet
  facet normal 0 0.146736 0.989176
    outer loop
      vertex 39.5928 -0.146317 39.8144
      vertex 36.4964 -0.0735121 39.8036
      vertex 36.4928 -0.146317 39.8144
    endloop
  endfacet
  facet normal -0 0.336943 0.941525
    outer loop
      vertex 36.4893 -0.217713 39.8323
      vertex 39.5859 -0.287012 39.8571
      vertex 39.5893 -0.217713 39.8323
    endloop
  endfacet
  facet normal 0 0.336943 0.941525
    outer loop
      vertex 39.5859 -0.287012 39.8571
      vertex 36.4893 -0.217713 39.8323
      vertex 36.4859 -0.287012 39.8571
    endloop
  endfacet
  facet normal 0 -0.595306 -0.803499
    outer loop
      vertex 36.4795 0.416677 41.1736
      vertex 39.5766 0.475795 41.1298
      vertex 39.5795 0.416677 41.1736
    endloop
  endfacet
  facet normal -0 -0.595306 -0.803499
    outer loop
      vertex 39.5766 0.475795 41.1298
      vertex 36.4795 0.416677 41.1736
      vertex 36.4766 0.475795 41.1298
    endloop
  endfacet
  facet normal 0 -0.336943 -0.941525
    outer loop
      vertex 36.4893 0.217713 41.2677
      vertex 39.5859 0.287012 41.2429
      vertex 39.5893 0.217713 41.2677
    endloop
  endfacet
  facet normal -0 -0.336943 -0.941525
    outer loop
      vertex 39.5859 0.287012 41.2429
      vertex 36.4893 0.217713 41.2677
      vertex 36.4859 0.287012 41.2429
    endloop
  endfacet
  facet normal 0 0.989174 -0.146746
    outer loop
      vertex 39.5633 -0.746388 40.6235
      vertex 36.4639 -0.735588 40.6963
      vertex 39.5639 -0.735588 40.6963
    endloop
  endfacet
  facet normal 0 0.989174 -0.146746
    outer loop
      vertex 36.4639 -0.735588 40.6963
      vertex 39.5633 -0.746388 40.6235
      vertex 36.4633 -0.746388 40.6235
    endloop
  endfacet
  facet normal 0 -0.0489129 -0.998803
    outer loop
      vertex 36.5 0 41.3
      vertex 39.5964 0.0735121 41.2964
      vertex 39.6 0 41.3
    endloop
  endfacet
  facet normal -0 -0.0489129 -0.998803
    outer loop
      vertex 39.5964 0.0735121 41.2964
      vertex 36.5 0 41.3
      vertex 36.4964 0.0735121 41.2964
    endloop
  endfacet
  facet normal 0 0.941544 -0.336891
    outer loop
      vertex 39.5647 -0.717705 40.7677
      vertex 36.466 -0.692909 40.837
      vertex 39.566 -0.692909 40.837
    endloop
  endfacet
  facet normal 0 0.941544 -0.336891
    outer loop
      vertex 36.466 -0.692909 40.837
      vertex 39.5647 -0.717705 40.7677
      vertex 36.4647 -0.717705 40.7677
    endloop
  endfacet
  facet normal -0 0.672098 0.740462
    outer loop
      vertex 36.4766 -0.475795 39.9702
      vertex 39.5739 -0.53033 40.0197
      vertex 39.5766 -0.475795 39.9702
    endloop
  endfacet
  facet normal 0 0.672098 0.740462
    outer loop
      vertex 39.5739 -0.53033 40.0197
      vertex 36.4766 -0.475795 39.9702
      vertex 36.4739 -0.53033 40.0197
    endloop
  endfacet
  facet normal 0.243188 0 0.969979
    outer loop
      vertex -0.217713 39.5893 12.7323
      vertex -0.146317 36.4928 12.7144
      vertex -0.146317 39.5928 12.7144
    endloop
  endfacet
  facet normal 0.243188 0 0.969979
    outer loop
      vertex -0.146317 36.4928 12.7144
      vertex -0.217713 39.5893 12.7323
      vertex -0.217713 36.4893 12.7323
    endloop
  endfacet
  facet normal -0.941544 0 0.336891
    outer loop
      vertex 0.692909 36.466 13.163
      vertex 0.717705 39.5647 13.2323
      vertex 0.692909 39.566 13.163
    endloop
  endfacet
  facet normal -0.941544 0 0.336891
    outer loop
      vertex 0.717705 39.5647 13.2323
      vertex 0.692909 36.466 13.163
      vertex 0.717705 36.4647 13.2323
    endloop
  endfacet
  facet normal -0.427902 0 0.903825
    outer loop
      vertex 0.287012 36.4859 12.7571
      vertex 0.353547 39.5826 12.7886
      vertex 0.287012 39.5859 12.7571
    endloop
  endfacet
  facet normal -0.427902 0 0.903825
    outer loop
      vertex 0.353547 39.5826 12.7886
      vertex 0.287012 36.4859 12.7571
      vertex 0.353547 36.4826 12.7886
    endloop
  endfacet
  facet normal 0.0489129 0 0.998803
    outer loop
      vertex -0.0735121 39.5964 12.7036
      vertex 0 36.5 12.7
      vertex 0 39.6 12.7
    endloop
  endfacet
  facet normal 0.0489129 0 0.998803
    outer loop
      vertex 0 36.5 12.7
      vertex -0.0735121 39.5964 12.7036
      vertex -0.0735121 36.4964 12.7036
    endloop
  endfacet
  facet normal 0.803127 0 0.595808
    outer loop
      vertex -0.623602 39.5694 13.0333
      vertex -0.579758 36.4715 12.9742
      vertex -0.579758 39.5715 12.9742
    endloop
  endfacet
  facet normal 0.803127 0 0.595808
    outer loop
      vertex -0.579758 36.4715 12.9742
      vertex -0.623602 39.5694 13.0333
      vertex -0.623602 36.4694 13.0333
    endloop
  endfacet
  facet normal 0.740734 0 0.671798
    outer loop
      vertex -0.579758 39.5715 12.9742
      vertex -0.53033 36.4739 12.9197
      vertex -0.53033 39.5739 12.9197
    endloop
  endfacet
  facet normal 0.740734 0 0.671798
    outer loop
      vertex -0.53033 36.4739 12.9197
      vertex -0.579758 39.5715 12.9742
      vertex -0.579758 36.4715 12.9742
    endloop
  endfacet
  facet normal -0.857978 0 -0.513687
    outer loop
      vertex 0.661441 39.5675 13.8035
      vertex 0.623602 36.4694 13.8667
      vertex 0.623602 39.5694 13.8667
    endloop
  endfacet
  facet normal -0.857978 0 -0.513687
    outer loop
      vertex 0.623602 36.4694 13.8667
      vertex 0.661441 39.5675 13.8035
      vertex 0.661441 36.4675 13.8035
    endloop
  endfacet
  facet normal -0.336943 0 -0.941525
    outer loop
      vertex 0.217713 36.4893 14.1677
      vertex 0.287012 39.5859 14.1429
      vertex 0.287012 36.4859 14.1429
    endloop
  endfacet
  facet normal -0.336943 0 -0.941525
    outer loop
      vertex 0.287012 39.5859 14.1429
      vertex 0.217713 36.4893 14.1677
      vertex 0.217713 39.5893 14.1677
    endloop
  endfacet
  facet normal 0.336943 0 0.941525
    outer loop
      vertex -0.287012 39.5859 12.7571
      vertex -0.217713 36.4893 12.7323
      vertex -0.217713 39.5893 12.7323
    endloop
  endfacet
  facet normal 0.336943 0 0.941525
    outer loop
      vertex -0.217713 36.4893 12.7323
      vertex -0.287012 39.5859 12.7571
      vertex -0.287012 36.4859 12.7571
    endloop
  endfacet
  facet normal 0.998795 0 -0.0490836
    outer loop
      vertex -0.746388 36.4633 13.5235
      vertex -0.75 39.5632 13.45
      vertex -0.746388 39.5633 13.5235
    endloop
  endfacet
  facet normal 0.998795 0 -0.0490836
    outer loop
      vertex -0.75 39.5632 13.45
      vertex -0.746388 36.4633 13.5235
      vertex -0.75 36.4632 13.45
    endloop
  endfacet
  facet normal -0.998795 0 0.0490836
    outer loop
      vertex 0.746388 36.4633 13.3765
      vertex 0.75 39.5632 13.45
      vertex 0.746388 39.5633 13.3765
    endloop
  endfacet
  facet normal -0.998795 0 0.0490836
    outer loop
      vertex 0.75 39.5632 13.45
      vertex 0.746388 36.4633 13.3765
      vertex 0.75 36.4632 13.45
    endloop
  endfacet
  facet normal 0.998795 0 0.0490836
    outer loop
      vertex -0.75 39.5632 13.45
      vertex -0.746388 36.4633 13.3765
      vertex -0.746388 39.5633 13.3765
    endloop
  endfacet
  facet normal 0.998795 0 0.0490836
    outer loop
      vertex -0.746388 36.4633 13.3765
      vertex -0.75 39.5632 13.45
      vertex -0.75 36.4632 13.45
    endloop
  endfacet
  facet normal -0.513716 0 0.85796
    outer loop
      vertex 0.353547 36.4826 12.7886
      vertex 0.416677 39.5795 12.8264
      vertex 0.353547 39.5826 12.7886
    endloop
  endfacet
  facet normal -0.513716 0 0.85796
    outer loop
      vertex 0.416677 39.5795 12.8264
      vertex 0.353547 36.4826 12.7886
      vertex 0.416677 36.4795 12.8264
    endloop
  endfacet
  facet normal 0.513716 0 -0.85796
    outer loop
      vertex -0.416677 39.5795 14.0736
      vertex -0.353547 36.4826 14.1114
      vertex -0.416677 36.4795 14.0736
    endloop
  endfacet
  facet normal 0.513716 0 -0.85796
    outer loop
      vertex -0.353547 36.4826 14.1114
      vertex -0.416677 39.5795 14.0736
      vertex -0.353547 39.5826 14.1114
    endloop
  endfacet
  facet normal -0.970037 0 -0.242958
    outer loop
      vertex 0.735588 39.5639 13.5963
      vertex 0.717705 36.4647 13.6677
      vertex 0.717705 39.5647 13.6677
    endloop
  endfacet
  facet normal -0.970037 0 -0.242958
    outer loop
      vertex 0.717705 36.4647 13.6677
      vertex 0.735588 39.5639 13.5963
      vertex 0.735588 36.4639 13.5963
    endloop
  endfacet
  facet normal 0.513716 0 0.85796
    outer loop
      vertex -0.416677 39.5795 12.8264
      vertex -0.353547 36.4826 12.7886
      vertex -0.353547 39.5826 12.7886
    endloop
  endfacet
  facet normal 0.513716 0 0.85796
    outer loop
      vertex -0.353547 36.4826 12.7886
      vertex -0.416677 39.5795 12.8264
      vertex -0.416677 36.4795 12.8264
    endloop
  endfacet
  facet normal -0.0489129 0 -0.998803
    outer loop
      vertex 0 36.5 14.2
      vertex 0.0735121 39.5964 14.1964
      vertex 0.0735121 36.4964 14.1964
    endloop
  endfacet
  facet normal -0.0489129 0 -0.998803
    outer loop
      vertex 0.0735121 39.5964 14.1964
      vertex 0 36.5 14.2
      vertex 0 39.6 14.2
    endloop
  endfacet
  facet normal 0.595306 0 0.803499
    outer loop
      vertex -0.475795 39.5766 12.8702
      vertex -0.416677 36.4795 12.8264
      vertex -0.416677 39.5795 12.8264
    endloop
  endfacet
  facet normal 0.595306 0 0.803499
    outer loop
      vertex -0.416677 36.4795 12.8264
      vertex -0.475795 39.5766 12.8702
      vertex -0.475795 36.4766 12.8702
    endloop
  endfacet
  facet normal 0.427902 0 0.903825
    outer loop
      vertex -0.353547 39.5826 12.7886
      vertex -0.287012 36.4859 12.7571
      vertex -0.287012 39.5859 12.7571
    endloop
  endfacet
  facet normal 0.427902 0 0.903825
    outer loop
      vertex -0.287012 36.4859 12.7571
      vertex -0.353547 39.5826 12.7886
      vertex -0.353547 36.4826 12.7886
    endloop
  endfacet
  facet normal -0.243188 0 0.969979
    outer loop
      vertex 0.146317 36.4928 12.7144
      vertex 0.217713 39.5893 12.7323
      vertex 0.146317 39.5928 12.7144
    endloop
  endfacet
  facet normal -0.243188 0 0.969979
    outer loop
      vertex 0.217713 39.5893 12.7323
      vertex 0.146317 36.4928 12.7144
      vertex 0.217713 36.4893 12.7323
    endloop
  endfacet
  facet normal 0.243188 0 -0.969979
    outer loop
      vertex -0.217713 39.5893 14.1677
      vertex -0.146317 36.4928 14.1856
      vertex -0.217713 36.4893 14.1677
    endloop
  endfacet
  facet normal 0.243188 0 -0.969979
    outer loop
      vertex -0.146317 36.4928 14.1856
      vertex -0.217713 39.5893 14.1677
      vertex -0.146317 39.5928 14.1856
    endloop
  endfacet
  facet normal 0.903906 0 0.427731
    outer loop
      vertex -0.692909 39.566 13.163
      vertex -0.661441 36.4675 13.0965
      vertex -0.661441 39.5675 13.0965
    endloop
  endfacet
  facet normal 0.903906 0 0.427731
    outer loop
      vertex -0.661441 36.4675 13.0965
      vertex -0.692909 39.566 13.163
      vertex -0.692909 36.466 13.163
    endloop
  endfacet
  facet normal -0.903906 0 -0.427731
    outer loop
      vertex 0.692909 39.566 13.737
      vertex 0.661441 36.4675 13.8035
      vertex 0.661441 39.5675 13.8035
    endloop
  endfacet
  facet normal -0.903906 0 -0.427731
    outer loop
      vertex 0.661441 36.4675 13.8035
      vertex 0.692909 39.566 13.737
      vertex 0.692909 36.466 13.737
    endloop
  endfacet
  facet normal -0.243188 0 -0.969979
    outer loop
      vertex 0.146317 36.4928 14.1856
      vertex 0.217713 39.5893 14.1677
      vertex 0.217713 36.4893 14.1677
    endloop
  endfacet
  facet normal -0.243188 0 -0.969979
    outer loop
      vertex 0.217713 39.5893 14.1677
      vertex 0.146317 36.4928 14.1856
      vertex 0.146317 39.5928 14.1856
    endloop
  endfacet
  facet normal 0.941544 0 0.336891
    outer loop
      vertex -0.717705 39.5647 13.2323
      vertex -0.692909 36.466 13.163
      vertex -0.692909 39.566 13.163
    endloop
  endfacet
  facet normal 0.941544 0 0.336891
    outer loop
      vertex -0.692909 36.466 13.163
      vertex -0.717705 39.5647 13.2323
      vertex -0.717705 36.4647 13.2323
    endloop
  endfacet
  facet normal -0.146736 0 0.989176
    outer loop
      vertex 0.0735121 36.4964 12.7036
      vertex 0.146317 39.5928 12.7144
      vertex 0.0735121 39.5964 12.7036
    endloop
  endfacet
  facet normal -0.146736 0 0.989176
    outer loop
      vertex 0.146317 39.5928 12.7144
      vertex 0.0735121 36.4964 12.7036
      vertex 0.146317 36.4928 12.7144
    endloop
  endfacet
  facet normal 0.146736 0 0.989176
    outer loop
      vertex -0.146317 39.5928 12.7144
      vertex -0.0735121 36.4964 12.7036
      vertex -0.0735121 39.5964 12.7036
    endloop
  endfacet
  facet normal 0.146736 0 0.989176
    outer loop
      vertex -0.0735121 36.4964 12.7036
      vertex -0.146317 39.5928 12.7144
      vertex -0.146317 36.4928 12.7144
    endloop
  endfacet
  facet normal 0.989174 0 -0.146746
    outer loop
      vertex -0.735588 36.4639 13.5963
      vertex -0.746388 39.5633 13.5235
      vertex -0.735588 39.5639 13.5963
    endloop
  endfacet
  facet normal 0.989174 0 -0.146746
    outer loop
      vertex -0.746388 39.5633 13.5235
      vertex -0.735588 36.4639 13.5963
      vertex -0.746388 36.4633 13.5235
    endloop
  endfacet
  facet normal -0.903906 0 0.427731
    outer loop
      vertex 0.661441 36.4675 13.0965
      vertex 0.692909 39.566 13.163
      vertex 0.661441 39.5675 13.0965
    endloop
  endfacet
  facet normal -0.903906 0 0.427731
    outer loop
      vertex 0.692909 39.566 13.163
      vertex 0.661441 36.4675 13.0965
      vertex 0.692909 36.466 13.163
    endloop
  endfacet
  facet normal 0.740734 0 -0.671798
    outer loop
      vertex -0.53033 36.4739 13.9803
      vertex -0.579758 39.5715 13.9258
      vertex -0.53033 39.5739 13.9803
    endloop
  endfacet
  facet normal 0.740734 0 -0.671798
    outer loop
      vertex -0.579758 39.5715 13.9258
      vertex -0.53033 36.4739 13.9803
      vertex -0.579758 36.4715 13.9258
    endloop
  endfacet
  facet normal 0.803127 0 -0.595808
    outer loop
      vertex -0.579758 36.4715 13.9258
      vertex -0.623602 39.5694 13.8667
      vertex -0.579758 39.5715 13.9258
    endloop
  endfacet
  facet normal 0.803127 0 -0.595808
    outer loop
      vertex -0.623602 39.5694 13.8667
      vertex -0.579758 36.4715 13.9258
      vertex -0.623602 36.4694 13.8667
    endloop
  endfacet
  facet normal 0.970037 0 0.242958
    outer loop
      vertex -0.735588 39.5639 13.3037
      vertex -0.717705 36.4647 13.2323
      vertex -0.717705 39.5647 13.2323
    endloop
  endfacet
  facet normal 0.970037 0 0.242958
    outer loop
      vertex -0.717705 36.4647 13.2323
      vertex -0.735588 39.5639 13.3037
      vertex -0.735588 36.4639 13.3037
    endloop
  endfacet
  facet normal 0.672098 0 -0.740462
    outer loop
      vertex -0.53033 39.5739 13.9803
      vertex -0.475795 36.4766 14.0298
      vertex -0.53033 36.4739 13.9803
    endloop
  endfacet
  facet normal 0.672098 0 -0.740462
    outer loop
      vertex -0.475795 36.4766 14.0298
      vertex -0.53033 39.5739 13.9803
      vertex -0.475795 39.5766 14.0298
    endloop
  endfacet
  facet normal -0.0489129 0 0.998803
    outer loop
      vertex 0 36.5 12.7
      vertex 0.0735121 39.5964 12.7036
      vertex 0 39.6 12.7
    endloop
  endfacet
  facet normal -0.0489129 0 0.998803
    outer loop
      vertex 0.0735121 39.5964 12.7036
      vertex 0 36.5 12.7
      vertex 0.0735121 36.4964 12.7036
    endloop
  endfacet
  facet normal 0.903906 0 -0.427731
    outer loop
      vertex -0.661441 36.4675 13.8035
      vertex -0.692909 39.566 13.737
      vertex -0.661441 39.5675 13.8035
    endloop
  endfacet
  facet normal 0.903906 0 -0.427731
    outer loop
      vertex -0.692909 39.566 13.737
      vertex -0.661441 36.4675 13.8035
      vertex -0.692909 36.466 13.737
    endloop
  endfacet
  facet normal 0.857978 0 0.513687
    outer loop
      vertex -0.661441 39.5675 13.0965
      vertex -0.623602 36.4694 13.0333
      vertex -0.623602 39.5694 13.0333
    endloop
  endfacet
  facet normal 0.857978 0 0.513687
    outer loop
      vertex -0.623602 36.4694 13.0333
      vertex -0.661441 39.5675 13.0965
      vertex -0.661441 36.4675 13.0965
    endloop
  endfacet
  facet normal -0.989174 0 0.146746
    outer loop
      vertex 0.735588 36.4639 13.3037
      vertex 0.746388 39.5633 13.3765
      vertex 0.735588 39.5639 13.3037
    endloop
  endfacet
  facet normal -0.989174 0 0.146746
    outer loop
      vertex 0.746388 39.5633 13.3765
      vertex 0.735588 36.4639 13.3037
      vertex 0.746388 36.4633 13.3765
    endloop
  endfacet
  facet normal -0.672098 0 0.740462
    outer loop
      vertex 0.475795 36.4766 12.8702
      vertex 0.53033 39.5739 12.9197
      vertex 0.475795 39.5766 12.8702
    endloop
  endfacet
  facet normal -0.672098 0 0.740462
    outer loop
      vertex 0.53033 39.5739 12.9197
      vertex 0.475795 36.4766 12.8702
      vertex 0.53033 36.4739 12.9197
    endloop
  endfacet
  facet normal -0.595306 0 0.803499
    outer loop
      vertex 0.416677 36.4795 12.8264
      vertex 0.475795 39.5766 12.8702
      vertex 0.416677 39.5795 12.8264
    endloop
  endfacet
  facet normal -0.595306 0 0.803499
    outer loop
      vertex 0.475795 39.5766 12.8702
      vertex 0.416677 36.4795 12.8264
      vertex 0.475795 36.4766 12.8702
    endloop
  endfacet
  facet normal -0.970037 0 0.242958
    outer loop
      vertex 0.717705 36.4647 13.2323
      vertex 0.735588 39.5639 13.3037
      vertex 0.717705 39.5647 13.2323
    endloop
  endfacet
  facet normal -0.970037 0 0.242958
    outer loop
      vertex 0.735588 39.5639 13.3037
      vertex 0.717705 36.4647 13.2323
      vertex 0.735588 36.4639 13.3037
    endloop
  endfacet
  facet normal -0.336943 0 0.941525
    outer loop
      vertex 0.217713 36.4893 12.7323
      vertex 0.287012 39.5859 12.7571
      vertex 0.217713 39.5893 12.7323
    endloop
  endfacet
  facet normal -0.336943 0 0.941525
    outer loop
      vertex 0.287012 39.5859 12.7571
      vertex 0.217713 36.4893 12.7323
      vertex 0.287012 36.4859 12.7571
    endloop
  endfacet
  facet normal 0.970037 0 -0.242958
    outer loop
      vertex -0.717705 36.4647 13.6677
      vertex -0.735588 39.5639 13.5963
      vertex -0.717705 39.5647 13.6677
    endloop
  endfacet
  facet normal 0.970037 0 -0.242958
    outer loop
      vertex -0.735588 39.5639 13.5963
      vertex -0.717705 36.4647 13.6677
      vertex -0.735588 36.4639 13.5963
    endloop
  endfacet
  facet normal 0.989174 0 0.146746
    outer loop
      vertex -0.746388 39.5633 13.3765
      vertex -0.735588 36.4639 13.3037
      vertex -0.735588 39.5639 13.3037
    endloop
  endfacet
  facet normal 0.989174 0 0.146746
    outer loop
      vertex -0.735588 36.4639 13.3037
      vertex -0.746388 39.5633 13.3765
      vertex -0.746388 36.4633 13.3765
    endloop
  endfacet
  facet normal 0.146736 0 -0.989176
    outer loop
      vertex -0.146317 39.5928 14.1856
      vertex -0.0735121 36.4964 14.1964
      vertex -0.146317 36.4928 14.1856
    endloop
  endfacet
  facet normal 0.146736 0 -0.989176
    outer loop
      vertex -0.0735121 36.4964 14.1964
      vertex -0.146317 39.5928 14.1856
      vertex -0.0735121 39.5964 14.1964
    endloop
  endfacet
  facet normal -0.427902 0 -0.903825
    outer loop
      vertex 0.287012 36.4859 14.1429
      vertex 0.353547 39.5826 14.1114
      vertex 0.353547 36.4826 14.1114
    endloop
  endfacet
  facet normal -0.427902 0 -0.903825
    outer loop
      vertex 0.353547 39.5826 14.1114
      vertex 0.287012 36.4859 14.1429
      vertex 0.287012 39.5859 14.1429
    endloop
  endfacet
  facet normal -0.513716 0 -0.85796
    outer loop
      vertex 0.353547 36.4826 14.1114
      vertex 0.416677 39.5795 14.0736
      vertex 0.416677 36.4795 14.0736
    endloop
  endfacet
  facet normal -0.513716 0 -0.85796
    outer loop
      vertex 0.416677 39.5795 14.0736
      vertex 0.353547 36.4826 14.1114
      vertex 0.353547 39.5826 14.1114
    endloop
  endfacet
  facet normal 0.941544 0 -0.336891
    outer loop
      vertex -0.692909 36.466 13.737
      vertex -0.717705 39.5647 13.6677
      vertex -0.692909 39.566 13.737
    endloop
  endfacet
  facet normal 0.941544 0 -0.336891
    outer loop
      vertex -0.717705 39.5647 13.6677
      vertex -0.692909 36.466 13.737
      vertex -0.717705 36.4647 13.6677
    endloop
  endfacet
  facet normal 0.336943 0 -0.941525
    outer loop
      vertex -0.287012 39.5859 14.1429
      vertex -0.217713 36.4893 14.1677
      vertex -0.287012 36.4859 14.1429
    endloop
  endfacet
  facet normal 0.336943 0 -0.941525
    outer loop
      vertex -0.217713 36.4893 14.1677
      vertex -0.287012 39.5859 14.1429
      vertex -0.217713 39.5893 14.1677
    endloop
  endfacet
  facet normal -0.803127 0 0.595808
    outer loop
      vertex 0.579758 36.4715 12.9742
      vertex 0.623602 39.5694 13.0333
      vertex 0.579758 39.5715 12.9742
    endloop
  endfacet
  facet normal -0.803127 0 0.595808
    outer loop
      vertex 0.623602 39.5694 13.0333
      vertex 0.579758 36.4715 12.9742
      vertex 0.623602 36.4694 13.0333
    endloop
  endfacet
  facet normal 0.672098 0 0.740462
    outer loop
      vertex -0.53033 39.5739 12.9197
      vertex -0.475795 36.4766 12.8702
      vertex -0.475795 39.5766 12.8702
    endloop
  endfacet
  facet normal 0.672098 0 0.740462
    outer loop
      vertex -0.475795 36.4766 12.8702
      vertex -0.53033 39.5739 12.9197
      vertex -0.53033 36.4739 12.9197
    endloop
  endfacet
  facet normal -0.146736 0 -0.989176
    outer loop
      vertex 0.0735121 36.4964 14.1964
      vertex 0.146317 39.5928 14.1856
      vertex 0.146317 36.4928 14.1856
    endloop
  endfacet
  facet normal -0.146736 0 -0.989176
    outer loop
      vertex 0.146317 39.5928 14.1856
      vertex 0.0735121 36.4964 14.1964
      vertex 0.0735121 39.5964 14.1964
    endloop
  endfacet
  facet normal -0.672098 0 -0.740462
    outer loop
      vertex 0.475795 36.4766 14.0298
      vertex 0.53033 39.5739 13.9803
      vertex 0.53033 36.4739 13.9803
    endloop
  endfacet
  facet normal -0.672098 0 -0.740462
    outer loop
      vertex 0.53033 39.5739 13.9803
      vertex 0.475795 36.4766 14.0298
      vertex 0.475795 39.5766 14.0298
    endloop
  endfacet
  facet normal -0.595306 0 -0.803499
    outer loop
      vertex 0.416677 36.4795 14.0736
      vertex 0.475795 39.5766 14.0298
      vertex 0.475795 36.4766 14.0298
    endloop
  endfacet
  facet normal -0.595306 0 -0.803499
    outer loop
      vertex 0.475795 39.5766 14.0298
      vertex 0.416677 36.4795 14.0736
      vertex 0.416677 39.5795 14.0736
    endloop
  endfacet
  facet normal 0.857978 0 -0.513687
    outer loop
      vertex -0.623602 36.4694 13.8667
      vertex -0.661441 39.5675 13.8035
      vertex -0.623602 39.5694 13.8667
    endloop
  endfacet
  facet normal 0.857978 0 -0.513687
    outer loop
      vertex -0.661441 39.5675 13.8035
      vertex -0.623602 36.4694 13.8667
      vertex -0.661441 36.4675 13.8035
    endloop
  endfacet
  facet normal 0.427902 0 -0.903825
    outer loop
      vertex -0.353547 39.5826 14.1114
      vertex -0.287012 36.4859 14.1429
      vertex -0.353547 36.4826 14.1114
    endloop
  endfacet
  facet normal 0.427902 0 -0.903825
    outer loop
      vertex -0.287012 36.4859 14.1429
      vertex -0.353547 39.5826 14.1114
      vertex -0.287012 39.5859 14.1429
    endloop
  endfacet
  facet normal -0.857978 0 0.513687
    outer loop
      vertex 0.623602 36.4694 13.0333
      vertex 0.661441 39.5675 13.0965
      vertex 0.623602 39.5694 13.0333
    endloop
  endfacet
  facet normal -0.857978 0 0.513687
    outer loop
      vertex 0.661441 39.5675 13.0965
      vertex 0.623602 36.4694 13.0333
      vertex 0.661441 36.4675 13.0965
    endloop
  endfacet
  facet normal -0.803127 0 -0.595808
    outer loop
      vertex 0.623602 39.5694 13.8667
      vertex 0.579758 36.4715 13.9258
      vertex 0.579758 39.5715 13.9258
    endloop
  endfacet
  facet normal -0.803127 0 -0.595808
    outer loop
      vertex 0.579758 36.4715 13.9258
      vertex 0.623602 39.5694 13.8667
      vertex 0.623602 36.4694 13.8667
    endloop
  endfacet
  facet normal -0.740734 0 -0.671798
    outer loop
      vertex 0.579758 39.5715 13.9258
      vertex 0.53033 36.4739 13.9803
      vertex 0.53033 39.5739 13.9803
    endloop
  endfacet
  facet normal -0.740734 0 -0.671798
    outer loop
      vertex 0.53033 36.4739 13.9803
      vertex 0.579758 39.5715 13.9258
      vertex 0.579758 36.4715 13.9258
    endloop
  endfacet
  facet normal 0.595306 0 -0.803499
    outer loop
      vertex -0.475795 39.5766 14.0298
      vertex -0.416677 36.4795 14.0736
      vertex -0.475795 36.4766 14.0298
    endloop
  endfacet
  facet normal 0.595306 0 -0.803499
    outer loop
      vertex -0.416677 36.4795 14.0736
      vertex -0.475795 39.5766 14.0298
      vertex -0.416677 39.5795 14.0736
    endloop
  endfacet
  facet normal -0.998795 0 -0.0490836
    outer loop
      vertex 0.75 39.5632 13.45
      vertex 0.746388 36.4633 13.5235
      vertex 0.746388 39.5633 13.5235
    endloop
  endfacet
  facet normal -0.998795 0 -0.0490836
    outer loop
      vertex 0.746388 36.4633 13.5235
      vertex 0.75 39.5632 13.45
      vertex 0.75 36.4632 13.45
    endloop
  endfacet
  facet normal -0.989174 0 -0.146746
    outer loop
      vertex 0.746388 39.5633 13.5235
      vertex 0.735588 36.4639 13.5963
      vertex 0.735588 39.5639 13.5963
    endloop
  endfacet
  facet normal -0.989174 0 -0.146746
    outer loop
      vertex 0.735588 36.4639 13.5963
      vertex 0.746388 39.5633 13.5235
      vertex 0.746388 36.4633 13.5235
    endloop
  endfacet
  facet normal 0.0489129 0 -0.998803
    outer loop
      vertex -0.0735121 39.5964 14.1964
      vertex 0 36.5 14.2
      vertex -0.0735121 36.4964 14.1964
    endloop
  endfacet
  facet normal 0.0489129 0 -0.998803
    outer loop
      vertex 0 36.5 14.2
      vertex -0.0735121 39.5964 14.1964
      vertex 0 39.6 14.2
    endloop
  endfacet
  facet normal -0.941544 0 -0.336891
    outer loop
      vertex 0.717705 39.5647 13.6677
      vertex 0.692909 36.466 13.737
      vertex 0.692909 39.566 13.737
    endloop
  endfacet
  facet normal -0.941544 0 -0.336891
    outer loop
      vertex 0.692909 36.466 13.737
      vertex 0.717705 39.5647 13.6677
      vertex 0.717705 36.4647 13.6677
    endloop
  endfacet
  facet normal -0.740734 0 0.671798
    outer loop
      vertex 0.53033 36.4739 12.9197
      vertex 0.579758 39.5715 12.9742
      vertex 0.53033 39.5739 12.9197
    endloop
  endfacet
  facet normal -0.740734 0 0.671798
    outer loop
      vertex 0.579758 39.5715 12.9742
      vertex 0.53033 36.4739 12.9197
      vertex 0.579758 36.4715 12.9742
    endloop
  endfacet
  facet normal 0.903906 0 -0.427731
    outer loop
      vertex -0.661441 36.4675 40.9035
      vertex -0.692909 39.566 40.837
      vertex -0.661441 39.5675 40.9035
    endloop
  endfacet
  facet normal 0.903906 0 -0.427731
    outer loop
      vertex -0.692909 39.566 40.837
      vertex -0.661441 36.4675 40.9035
      vertex -0.692909 36.466 40.837
    endloop
  endfacet
  facet normal 0.243188 0 0.969979
    outer loop
      vertex -0.217713 39.5893 39.8323
      vertex -0.146317 36.4928 39.8144
      vertex -0.146317 39.5928 39.8144
    endloop
  endfacet
  facet normal 0.243188 0 0.969979
    outer loop
      vertex -0.146317 36.4928 39.8144
      vertex -0.217713 39.5893 39.8323
      vertex -0.217713 36.4893 39.8323
    endloop
  endfacet
  facet normal -0.903906 0 0.427731
    outer loop
      vertex 0.661441 36.4675 40.1965
      vertex 0.692909 39.566 40.263
      vertex 0.661441 39.5675 40.1965
    endloop
  endfacet
  facet normal -0.903906 0 0.427731
    outer loop
      vertex 0.692909 39.566 40.263
      vertex 0.661441 36.4675 40.1965
      vertex 0.692909 36.466 40.263
    endloop
  endfacet
  facet normal -0.970037 0 0.242958
    outer loop
      vertex 0.717705 36.4647 40.3323
      vertex 0.735588 39.5639 40.4037
      vertex 0.717705 39.5647 40.3323
    endloop
  endfacet
  facet normal -0.970037 0 0.242958
    outer loop
      vertex 0.735588 39.5639 40.4037
      vertex 0.717705 36.4647 40.3323
      vertex 0.735588 36.4639 40.4037
    endloop
  endfacet
  facet normal 0.595306 0 0.803499
    outer loop
      vertex -0.475795 39.5766 39.9702
      vertex -0.416677 36.4795 39.9264
      vertex -0.416677 39.5795 39.9264
    endloop
  endfacet
  facet normal 0.595306 0 0.803499
    outer loop
      vertex -0.416677 36.4795 39.9264
      vertex -0.475795 39.5766 39.9702
      vertex -0.475795 36.4766 39.9702
    endloop
  endfacet
  facet normal 0.0489129 0 0.998803
    outer loop
      vertex -0.0735121 39.5964 39.8036
      vertex 0 36.5 39.8
      vertex 0 39.6 39.8
    endloop
  endfacet
  facet normal 0.0489129 0 0.998803
    outer loop
      vertex 0 36.5 39.8
      vertex -0.0735121 39.5964 39.8036
      vertex -0.0735121 36.4964 39.8036
    endloop
  endfacet
  facet normal 0.998795 0 0.0490836
    outer loop
      vertex -0.75 39.5632 40.55
      vertex -0.746388 36.4633 40.4765
      vertex -0.746388 39.5633 40.4765
    endloop
  endfacet
  facet normal 0.998795 0 0.0490836
    outer loop
      vertex -0.746388 36.4633 40.4765
      vertex -0.75 39.5632 40.55
      vertex -0.75 36.4632 40.55
    endloop
  endfacet
  facet normal 0.803127 0 0.595808
    outer loop
      vertex -0.623602 39.5694 40.1333
      vertex -0.579758 36.4715 40.0742
      vertex -0.579758 39.5715 40.0742
    endloop
  endfacet
  facet normal 0.803127 0 0.595808
    outer loop
      vertex -0.579758 36.4715 40.0742
      vertex -0.623602 39.5694 40.1333
      vertex -0.623602 36.4694 40.1333
    endloop
  endfacet
  facet normal -0.998795 0 0.0490836
    outer loop
      vertex 0.746388 36.4633 40.4765
      vertex 0.75 39.5632 40.55
      vertex 0.746388 39.5633 40.4765
    endloop
  endfacet
  facet normal -0.998795 0 0.0490836
    outer loop
      vertex 0.75 39.5632 40.55
      vertex 0.746388 36.4633 40.4765
      vertex 0.75 36.4632 40.55
    endloop
  endfacet
  facet normal -0.857978 0 0.513687
    outer loop
      vertex 0.623602 36.4694 40.1333
      vertex 0.661441 39.5675 40.1965
      vertex 0.623602 39.5694 40.1333
    endloop
  endfacet
  facet normal -0.857978 0 0.513687
    outer loop
      vertex 0.661441 39.5675 40.1965
      vertex 0.623602 36.4694 40.1333
      vertex 0.661441 36.4675 40.1965
    endloop
  endfacet
  facet normal -0.803127 0 0.595808
    outer loop
      vertex 0.579758 36.4715 40.0742
      vertex 0.623602 39.5694 40.1333
      vertex 0.579758 39.5715 40.0742
    endloop
  endfacet
  facet normal -0.803127 0 0.595808
    outer loop
      vertex 0.623602 39.5694 40.1333
      vertex 0.579758 36.4715 40.0742
      vertex 0.623602 36.4694 40.1333
    endloop
  endfacet
  facet normal 0.970037 0 -0.242958
    outer loop
      vertex -0.717705 36.4647 40.7677
      vertex -0.735588 39.5639 40.6963
      vertex -0.717705 39.5647 40.7677
    endloop
  endfacet
  facet normal 0.970037 0 -0.242958
    outer loop
      vertex -0.735588 39.5639 40.6963
      vertex -0.717705 36.4647 40.7677
      vertex -0.735588 36.4639 40.6963
    endloop
  endfacet
  facet normal -0.427902 0 -0.903825
    outer loop
      vertex 0.287012 36.4859 41.2429
      vertex 0.353547 39.5826 41.2114
      vertex 0.353547 36.4826 41.2114
    endloop
  endfacet
  facet normal -0.427902 0 -0.903825
    outer loop
      vertex 0.353547 39.5826 41.2114
      vertex 0.287012 36.4859 41.2429
      vertex 0.287012 39.5859 41.2429
    endloop
  endfacet
  facet normal -0.595306 0 0.803499
    outer loop
      vertex 0.416677 36.4795 39.9264
      vertex 0.475795 39.5766 39.9702
      vertex 0.416677 39.5795 39.9264
    endloop
  endfacet
  facet normal -0.595306 0 0.803499
    outer loop
      vertex 0.475795 39.5766 39.9702
      vertex 0.416677 36.4795 39.9264
      vertex 0.475795 36.4766 39.9702
    endloop
  endfacet
  facet normal -0.857978 0 -0.513687
    outer loop
      vertex 0.661441 39.5675 40.9035
      vertex 0.623602 36.4694 40.9667
      vertex 0.623602 39.5694 40.9667
    endloop
  endfacet
  facet normal -0.857978 0 -0.513687
    outer loop
      vertex 0.623602 36.4694 40.9667
      vertex 0.661441 39.5675 40.9035
      vertex 0.661441 36.4675 40.9035
    endloop
  endfacet
  facet normal -0.427902 0 0.903825
    outer loop
      vertex 0.287012 36.4859 39.8571
      vertex 0.353547 39.5826 39.8886
      vertex 0.287012 39.5859 39.8571
    endloop
  endfacet
  facet normal -0.427902 0 0.903825
    outer loop
      vertex 0.353547 39.5826 39.8886
      vertex 0.287012 36.4859 39.8571
      vertex 0.353547 36.4826 39.8886
    endloop
  endfacet
  facet normal 0.903906 0 0.427731
    outer loop
      vertex -0.692909 39.566 40.263
      vertex -0.661441 36.4675 40.1965
      vertex -0.661441 39.5675 40.1965
    endloop
  endfacet
  facet normal 0.903906 0 0.427731
    outer loop
      vertex -0.661441 36.4675 40.1965
      vertex -0.692909 39.566 40.263
      vertex -0.692909 36.466 40.263
    endloop
  endfacet
  facet normal 0.146736 0 -0.989176
    outer loop
      vertex -0.146317 39.5928 41.2856
      vertex -0.0735121 36.4964 41.2964
      vertex -0.146317 36.4928 41.2856
    endloop
  endfacet
  facet normal 0.146736 0 -0.989176
    outer loop
      vertex -0.0735121 36.4964 41.2964
      vertex -0.146317 39.5928 41.2856
      vertex -0.0735121 39.5964 41.2964
    endloop
  endfacet
  facet normal 0.803127 0 -0.595808
    outer loop
      vertex -0.579758 36.4715 41.0258
      vertex -0.623602 39.5694 40.9667
      vertex -0.579758 39.5715 41.0258
    endloop
  endfacet
  facet normal 0.803127 0 -0.595808
    outer loop
      vertex -0.623602 39.5694 40.9667
      vertex -0.579758 36.4715 41.0258
      vertex -0.623602 36.4694 40.9667
    endloop
  endfacet
  facet normal -0.243188 0 -0.969979
    outer loop
      vertex 0.146317 36.4928 41.2856
      vertex 0.217713 39.5893 41.2677
      vertex 0.217713 36.4893 41.2677
    endloop
  endfacet
  facet normal -0.243188 0 -0.969979
    outer loop
      vertex 0.217713 39.5893 41.2677
      vertex 0.146317 36.4928 41.2856
      vertex 0.146317 39.5928 41.2856
    endloop
  endfacet
  facet normal -0.998795 0 -0.0490836
    outer loop
      vertex 0.75 39.5632 40.55
      vertex 0.746388 36.4633 40.6235
      vertex 0.746388 39.5633 40.6235
    endloop
  endfacet
  facet normal -0.998795 0 -0.0490836
    outer loop
      vertex 0.746388 36.4633 40.6235
      vertex 0.75 39.5632 40.55
      vertex 0.75 36.4632 40.55
    endloop
  endfacet
  facet normal 0.146736 0 0.989176
    outer loop
      vertex -0.146317 39.5928 39.8144
      vertex -0.0735121 36.4964 39.8036
      vertex -0.0735121 39.5964 39.8036
    endloop
  endfacet
  facet normal 0.146736 0 0.989176
    outer loop
      vertex -0.0735121 36.4964 39.8036
      vertex -0.146317 39.5928 39.8144
      vertex -0.146317 36.4928 39.8144
    endloop
  endfacet
  facet normal 0.672098 0 0.740462
    outer loop
      vertex -0.53033 39.5739 40.0197
      vertex -0.475795 36.4766 39.9702
      vertex -0.475795 39.5766 39.9702
    endloop
  endfacet
  facet normal 0.672098 0 0.740462
    outer loop
      vertex -0.475795 36.4766 39.9702
      vertex -0.53033 39.5739 40.0197
      vertex -0.53033 36.4739 40.0197
    endloop
  endfacet
  facet normal -0.0489129 0 0.998803
    outer loop
      vertex 0 36.5 39.8
      vertex 0.0735121 39.5964 39.8036
      vertex 0 39.6 39.8
    endloop
  endfacet
  facet normal -0.0489129 0 0.998803
    outer loop
      vertex 0.0735121 39.5964 39.8036
      vertex 0 36.5 39.8
      vertex 0.0735121 36.4964 39.8036
    endloop
  endfacet
  facet normal -0.0489129 0 -0.998803
    outer loop
      vertex 0 36.5 41.3
      vertex 0.0735121 39.5964 41.2964
      vertex 0.0735121 36.4964 41.2964
    endloop
  endfacet
  facet normal -0.0489129 0 -0.998803
    outer loop
      vertex 0.0735121 39.5964 41.2964
      vertex 0 36.5 41.3
      vertex 0 39.6 41.3
    endloop
  endfacet
  facet normal 0.336943 0 0.941525
    outer loop
      vertex -0.287012 39.5859 39.8571
      vertex -0.217713 36.4893 39.8323
      vertex -0.217713 39.5893 39.8323
    endloop
  endfacet
  facet normal 0.336943 0 0.941525
    outer loop
      vertex -0.217713 36.4893 39.8323
      vertex -0.287012 39.5859 39.8571
      vertex -0.287012 36.4859 39.8571
    endloop
  endfacet
  facet normal 0.989174 0 0.146746
    outer loop
      vertex -0.746388 39.5633 40.4765
      vertex -0.735588 36.4639 40.4037
      vertex -0.735588 39.5639 40.4037
    endloop
  endfacet
  facet normal 0.989174 0 0.146746
    outer loop
      vertex -0.735588 36.4639 40.4037
      vertex -0.746388 39.5633 40.4765
      vertex -0.746388 36.4633 40.4765
    endloop
  endfacet
  facet normal 0.740734 0 0.671798
    outer loop
      vertex -0.579758 39.5715 40.0742
      vertex -0.53033 36.4739 40.0197
      vertex -0.53033 39.5739 40.0197
    endloop
  endfacet
  facet normal 0.740734 0 0.671798
    outer loop
      vertex -0.53033 36.4739 40.0197
      vertex -0.579758 39.5715 40.0742
      vertex -0.579758 36.4715 40.0742
    endloop
  endfacet
  facet normal 0.998795 0 -0.0490836
    outer loop
      vertex -0.746388 36.4633 40.6235
      vertex -0.75 39.5632 40.55
      vertex -0.746388 39.5633 40.6235
    endloop
  endfacet
  facet normal 0.998795 0 -0.0490836
    outer loop
      vertex -0.75 39.5632 40.55
      vertex -0.746388 36.4633 40.6235
      vertex -0.75 36.4632 40.55
    endloop
  endfacet
  facet normal 0.672098 0 -0.740462
    outer loop
      vertex -0.53033 39.5739 41.0803
      vertex -0.475795 36.4766 41.1298
      vertex -0.53033 36.4739 41.0803
    endloop
  endfacet
  facet normal 0.672098 0 -0.740462
    outer loop
      vertex -0.475795 36.4766 41.1298
      vertex -0.53033 39.5739 41.0803
      vertex -0.475795 39.5766 41.1298
    endloop
  endfacet
  facet normal -0.243188 0 0.969979
    outer loop
      vertex 0.146317 36.4928 39.8144
      vertex 0.217713 39.5893 39.8323
      vertex 0.146317 39.5928 39.8144
    endloop
  endfacet
  facet normal -0.243188 0 0.969979
    outer loop
      vertex 0.217713 39.5893 39.8323
      vertex 0.146317 36.4928 39.8144
      vertex 0.217713 36.4893 39.8323
    endloop
  endfacet
  facet normal 0.513716 0 -0.85796
    outer loop
      vertex -0.416677 39.5795 41.1736
      vertex -0.353547 36.4826 41.2114
      vertex -0.416677 36.4795 41.1736
    endloop
  endfacet
  facet normal 0.513716 0 -0.85796
    outer loop
      vertex -0.353547 36.4826 41.2114
      vertex -0.416677 39.5795 41.1736
      vertex -0.353547 39.5826 41.2114
    endloop
  endfacet
  facet normal 0.427902 0 0.903825
    outer loop
      vertex -0.353547 39.5826 39.8886
      vertex -0.287012 36.4859 39.8571
      vertex -0.287012 39.5859 39.8571
    endloop
  endfacet
  facet normal 0.427902 0 0.903825
    outer loop
      vertex -0.287012 36.4859 39.8571
      vertex -0.353547 39.5826 39.8886
      vertex -0.353547 36.4826 39.8886
    endloop
  endfacet
  facet normal -0.941544 0 0.336891
    outer loop
      vertex 0.692909 36.466 40.263
      vertex 0.717705 39.5647 40.3323
      vertex 0.692909 39.566 40.263
    endloop
  endfacet
  facet normal -0.941544 0 0.336891
    outer loop
      vertex 0.717705 39.5647 40.3323
      vertex 0.692909 36.466 40.263
      vertex 0.717705 36.4647 40.3323
    endloop
  endfacet
  facet normal 0.989174 0 -0.146746
    outer loop
      vertex -0.735588 36.4639 40.6963
      vertex -0.746388 39.5633 40.6235
      vertex -0.735588 39.5639 40.6963
    endloop
  endfacet
  facet normal 0.989174 0 -0.146746
    outer loop
      vertex -0.746388 39.5633 40.6235
      vertex -0.735588 36.4639 40.6963
      vertex -0.746388 36.4633 40.6235
    endloop
  endfacet
  facet normal 0.427902 0 -0.903825
    outer loop
      vertex -0.353547 39.5826 41.2114
      vertex -0.287012 36.4859 41.2429
      vertex -0.353547 36.4826 41.2114
    endloop
  endfacet
  facet normal 0.427902 0 -0.903825
    outer loop
      vertex -0.287012 36.4859 41.2429
      vertex -0.353547 39.5826 41.2114
      vertex -0.287012 39.5859 41.2429
    endloop
  endfacet
  facet normal -0.740734 0 -0.671798
    outer loop
      vertex 0.579758 39.5715 41.0258
      vertex 0.53033 36.4739 41.0803
      vertex 0.53033 39.5739 41.0803
    endloop
  endfacet
  facet normal -0.740734 0 -0.671798
    outer loop
      vertex 0.53033 36.4739 41.0803
      vertex 0.579758 39.5715 41.0258
      vertex 0.579758 36.4715 41.0258
    endloop
  endfacet
  facet normal 0.243188 0 -0.969979
    outer loop
      vertex -0.217713 39.5893 41.2677
      vertex -0.146317 36.4928 41.2856
      vertex -0.217713 36.4893 41.2677
    endloop
  endfacet
  facet normal 0.243188 0 -0.969979
    outer loop
      vertex -0.146317 36.4928 41.2856
      vertex -0.217713 39.5893 41.2677
      vertex -0.146317 39.5928 41.2856
    endloop
  endfacet
  facet normal -0.989174 0 0.146746
    outer loop
      vertex 0.735588 36.4639 40.4037
      vertex 0.746388 39.5633 40.4765
      vertex 0.735588 39.5639 40.4037
    endloop
  endfacet
  facet normal -0.989174 0 0.146746
    outer loop
      vertex 0.746388 39.5633 40.4765
      vertex 0.735588 36.4639 40.4037
      vertex 0.746388 36.4633 40.4765
    endloop
  endfacet
  facet normal -0.513716 0 0.85796
    outer loop
      vertex 0.353547 36.4826 39.8886
      vertex 0.416677 39.5795 39.9264
      vertex 0.353547 39.5826 39.8886
    endloop
  endfacet
  facet normal -0.513716 0 0.85796
    outer loop
      vertex 0.416677 39.5795 39.9264
      vertex 0.353547 36.4826 39.8886
      vertex 0.416677 36.4795 39.9264
    endloop
  endfacet
  facet normal 0.857978 0 0.513687
    outer loop
      vertex -0.661441 39.5675 40.1965
      vertex -0.623602 36.4694 40.1333
      vertex -0.623602 39.5694 40.1333
    endloop
  endfacet
  facet normal 0.857978 0 0.513687
    outer loop
      vertex -0.623602 36.4694 40.1333
      vertex -0.661441 39.5675 40.1965
      vertex -0.661441 36.4675 40.1965
    endloop
  endfacet
  facet normal -0.903906 0 -0.427731
    outer loop
      vertex 0.692909 39.566 40.837
      vertex 0.661441 36.4675 40.9035
      vertex 0.661441 39.5675 40.9035
    endloop
  endfacet
  facet normal -0.903906 0 -0.427731
    outer loop
      vertex 0.661441 36.4675 40.9035
      vertex 0.692909 39.566 40.837
      vertex 0.692909 36.466 40.837
    endloop
  endfacet
  facet normal 0.857978 0 -0.513687
    outer loop
      vertex -0.623602 36.4694 40.9667
      vertex -0.661441 39.5675 40.9035
      vertex -0.623602 39.5694 40.9667
    endloop
  endfacet
  facet normal 0.857978 0 -0.513687
    outer loop
      vertex -0.661441 39.5675 40.9035
      vertex -0.623602 36.4694 40.9667
      vertex -0.661441 36.4675 40.9035
    endloop
  endfacet
  facet normal -0.740734 0 0.671798
    outer loop
      vertex 0.53033 36.4739 40.0197
      vertex 0.579758 39.5715 40.0742
      vertex 0.53033 39.5739 40.0197
    endloop
  endfacet
  facet normal -0.740734 0 0.671798
    outer loop
      vertex 0.579758 39.5715 40.0742
      vertex 0.53033 36.4739 40.0197
      vertex 0.579758 36.4715 40.0742
    endloop
  endfacet
  facet normal 0.740734 0 -0.671798
    outer loop
      vertex -0.53033 36.4739 41.0803
      vertex -0.579758 39.5715 41.0258
      vertex -0.53033 39.5739 41.0803
    endloop
  endfacet
  facet normal 0.740734 0 -0.671798
    outer loop
      vertex -0.579758 39.5715 41.0258
      vertex -0.53033 36.4739 41.0803
      vertex -0.579758 36.4715 41.0258
    endloop
  endfacet
  facet normal 0.513716 0 0.85796
    outer loop
      vertex -0.416677 39.5795 39.9264
      vertex -0.353547 36.4826 39.8886
      vertex -0.353547 39.5826 39.8886
    endloop
  endfacet
  facet normal 0.513716 0 0.85796
    outer loop
      vertex -0.353547 36.4826 39.8886
      vertex -0.416677 39.5795 39.9264
      vertex -0.416677 36.4795 39.9264
    endloop
  endfacet
  facet normal -0.970037 0 -0.242958
    outer loop
      vertex 0.735588 39.5639 40.6963
      vertex 0.717705 36.4647 40.7677
      vertex 0.717705 39.5647 40.7677
    endloop
  endfacet
  facet normal -0.970037 0 -0.242958
    outer loop
      vertex 0.717705 36.4647 40.7677
      vertex 0.735588 39.5639 40.6963
      vertex 0.735588 36.4639 40.6963
    endloop
  endfacet
  facet normal 0.941544 0 0.336891
    outer loop
      vertex -0.717705 39.5647 40.3323
      vertex -0.692909 36.466 40.263
      vertex -0.692909 39.566 40.263
    endloop
  endfacet
  facet normal 0.941544 0 0.336891
    outer loop
      vertex -0.692909 36.466 40.263
      vertex -0.717705 39.5647 40.3323
      vertex -0.717705 36.4647 40.3323
    endloop
  endfacet
  facet normal 0.941544 0 -0.336891
    outer loop
      vertex -0.692909 36.466 40.837
      vertex -0.717705 39.5647 40.7677
      vertex -0.692909 39.566 40.837
    endloop
  endfacet
  facet normal 0.941544 0 -0.336891
    outer loop
      vertex -0.717705 39.5647 40.7677
      vertex -0.692909 36.466 40.837
      vertex -0.717705 36.4647 40.7677
    endloop
  endfacet
  facet normal -0.513716 0 -0.85796
    outer loop
      vertex 0.353547 36.4826 41.2114
      vertex 0.416677 39.5795 41.1736
      vertex 0.416677 36.4795 41.1736
    endloop
  endfacet
  facet normal -0.513716 0 -0.85796
    outer loop
      vertex 0.416677 39.5795 41.1736
      vertex 0.353547 36.4826 41.2114
      vertex 0.353547 39.5826 41.2114
    endloop
  endfacet
  facet normal -0.336943 0 -0.941525
    outer loop
      vertex 0.217713 36.4893 41.2677
      vertex 0.287012 39.5859 41.2429
      vertex 0.287012 36.4859 41.2429
    endloop
  endfacet
  facet normal -0.336943 0 -0.941525
    outer loop
      vertex 0.287012 39.5859 41.2429
      vertex 0.217713 36.4893 41.2677
      vertex 0.217713 39.5893 41.2677
    endloop
  endfacet
  facet normal -0.146736 0 -0.989176
    outer loop
      vertex 0.0735121 36.4964 41.2964
      vertex 0.146317 39.5928 41.2856
      vertex 0.146317 36.4928 41.2856
    endloop
  endfacet
  facet normal -0.146736 0 -0.989176
    outer loop
      vertex 0.146317 39.5928 41.2856
      vertex 0.0735121 36.4964 41.2964
      vertex 0.0735121 39.5964 41.2964
    endloop
  endfacet
  facet normal -0.672098 0 -0.740462
    outer loop
      vertex 0.475795 36.4766 41.1298
      vertex 0.53033 39.5739 41.0803
      vertex 0.53033 36.4739 41.0803
    endloop
  endfacet
  facet normal -0.672098 0 -0.740462
    outer loop
      vertex 0.53033 39.5739 41.0803
      vertex 0.475795 36.4766 41.1298
      vertex 0.475795 39.5766 41.1298
    endloop
  endfacet
  facet normal 0.970037 0 0.242958
    outer loop
      vertex -0.735588 39.5639 40.4037
      vertex -0.717705 36.4647 40.3323
      vertex -0.717705 39.5647 40.3323
    endloop
  endfacet
  facet normal 0.970037 0 0.242958
    outer loop
      vertex -0.717705 36.4647 40.3323
      vertex -0.735588 39.5639 40.4037
      vertex -0.735588 36.4639 40.4037
    endloop
  endfacet
  facet normal -0.803127 0 -0.595808
    outer loop
      vertex 0.623602 39.5694 40.9667
      vertex 0.579758 36.4715 41.0258
      vertex 0.579758 39.5715 41.0258
    endloop
  endfacet
  facet normal -0.803127 0 -0.595808
    outer loop
      vertex 0.579758 36.4715 41.0258
      vertex 0.623602 39.5694 40.9667
      vertex 0.623602 36.4694 40.9667
    endloop
  endfacet
  facet normal -0.595306 0 -0.803499
    outer loop
      vertex 0.416677 36.4795 41.1736
      vertex 0.475795 39.5766 41.1298
      vertex 0.475795 36.4766 41.1298
    endloop
  endfacet
  facet normal -0.595306 0 -0.803499
    outer loop
      vertex 0.475795 39.5766 41.1298
      vertex 0.416677 36.4795 41.1736
      vertex 0.416677 39.5795 41.1736
    endloop
  endfacet
  facet normal -0.146736 0 0.989176
    outer loop
      vertex 0.0735121 36.4964 39.8036
      vertex 0.146317 39.5928 39.8144
      vertex 0.0735121 39.5964 39.8036
    endloop
  endfacet
  facet normal -0.146736 0 0.989176
    outer loop
      vertex 0.146317 39.5928 39.8144
      vertex 0.0735121 36.4964 39.8036
      vertex 0.146317 36.4928 39.8144
    endloop
  endfacet
  facet normal -0.336943 0 0.941525
    outer loop
      vertex 0.217713 36.4893 39.8323
      vertex 0.287012 39.5859 39.8571
      vertex 0.217713 39.5893 39.8323
    endloop
  endfacet
  facet normal -0.336943 0 0.941525
    outer loop
      vertex 0.287012 39.5859 39.8571
      vertex 0.217713 36.4893 39.8323
      vertex 0.287012 36.4859 39.8571
    endloop
  endfacet
  facet normal 0.595306 0 -0.803499
    outer loop
      vertex -0.475795 39.5766 41.1298
      vertex -0.416677 36.4795 41.1736
      vertex -0.475795 36.4766 41.1298
    endloop
  endfacet
  facet normal 0.595306 0 -0.803499
    outer loop
      vertex -0.416677 36.4795 41.1736
      vertex -0.475795 39.5766 41.1298
      vertex -0.416677 39.5795 41.1736
    endloop
  endfacet
  facet normal 0.336943 0 -0.941525
    outer loop
      vertex -0.287012 39.5859 41.2429
      vertex -0.217713 36.4893 41.2677
      vertex -0.287012 36.4859 41.2429
    endloop
  endfacet
  facet normal 0.336943 0 -0.941525
    outer loop
      vertex -0.217713 36.4893 41.2677
      vertex -0.287012 39.5859 41.2429
      vertex -0.217713 39.5893 41.2677
    endloop
  endfacet
  facet normal -0.989174 0 -0.146746
    outer loop
      vertex 0.746388 39.5633 40.6235
      vertex 0.735588 36.4639 40.6963
      vertex 0.735588 39.5639 40.6963
    endloop
  endfacet
  facet normal -0.989174 0 -0.146746
    outer loop
      vertex 0.735588 36.4639 40.6963
      vertex 0.746388 39.5633 40.6235
      vertex 0.746388 36.4633 40.6235
    endloop
  endfacet
  facet normal 0.0489129 0 -0.998803
    outer loop
      vertex -0.0735121 39.5964 41.2964
      vertex 0 36.5 41.3
      vertex -0.0735121 36.4964 41.2964
    endloop
  endfacet
  facet normal 0.0489129 0 -0.998803
    outer loop
      vertex 0 36.5 41.3
      vertex -0.0735121 39.5964 41.2964
      vertex 0 39.6 41.3
    endloop
  endfacet
  facet normal -0.941544 0 -0.336891
    outer loop
      vertex 0.717705 39.5647 40.7677
      vertex 0.692909 36.466 40.837
      vertex 0.692909 39.566 40.837
    endloop
  endfacet
  facet normal -0.941544 0 -0.336891
    outer loop
      vertex 0.692909 36.466 40.837
      vertex 0.717705 39.5647 40.7677
      vertex 0.717705 36.4647 40.7677
    endloop
  endfacet
  facet normal -0.672098 0 0.740462
    outer loop
      vertex 0.475795 36.4766 39.9702
      vertex 0.53033 39.5739 40.0197
      vertex 0.475795 39.5766 39.9702
    endloop
  endfacet
  facet normal -0.672098 0 0.740462
    outer loop
      vertex 0.53033 39.5739 40.0197
      vertex 0.475795 36.4766 39.9702
      vertex 0.53033 36.4739 40.0197
    endloop
  endfacet
  facet normal 0 0.243188 0.969979
    outer loop
      vertex -36.4928 -0.146317 12.7144
      vertex -39.5893 -0.217713 12.7323
      vertex -36.4893 -0.217713 12.7323
    endloop
  endfacet
  facet normal 0 0.243188 0.969979
    outer loop
      vertex -39.5893 -0.217713 12.7323
      vertex -36.4928 -0.146317 12.7144
      vertex -39.5928 -0.146317 12.7144
    endloop
  endfacet
  facet normal 0 -0.941544 0.336891
    outer loop
      vertex -36.466 0.692909 13.163
      vertex -39.5647 0.717705 13.2323
      vertex -39.566 0.692909 13.163
    endloop
  endfacet
  facet normal 0 -0.941544 0.336891
    outer loop
      vertex -39.5647 0.717705 13.2323
      vertex -36.466 0.692909 13.163
      vertex -36.4647 0.717705 13.2323
    endloop
  endfacet
  facet normal 0 -0.427902 0.903825
    outer loop
      vertex -39.5826 0.353547 12.7886
      vertex -36.4859 0.287012 12.7571
      vertex -36.4826 0.353547 12.7886
    endloop
  endfacet
  facet normal 0 -0.427902 0.903825
    outer loop
      vertex -36.4859 0.287012 12.7571
      vertex -39.5826 0.353547 12.7886
      vertex -39.5859 0.287012 12.7571
    endloop
  endfacet
  facet normal 0 0.0489129 0.998803
    outer loop
      vertex -36.5 0 12.7
      vertex -39.5964 -0.0735121 12.7036
      vertex -36.4964 -0.0735121 12.7036
    endloop
  endfacet
  facet normal 0 0.0489129 0.998803
    outer loop
      vertex -39.5964 -0.0735121 12.7036
      vertex -36.5 0 12.7
      vertex -39.6 0 12.7
    endloop
  endfacet
  facet normal 0 0.803127 0.595808
    outer loop
      vertex -36.4715 -0.579758 12.9742
      vertex -39.5694 -0.623602 13.0333
      vertex -36.4694 -0.623602 13.0333
    endloop
  endfacet
  facet normal 0 0.803127 0.595808
    outer loop
      vertex -39.5694 -0.623602 13.0333
      vertex -36.4715 -0.579758 12.9742
      vertex -39.5715 -0.579758 12.9742
    endloop
  endfacet
  facet normal 0 0.740734 0.671798
    outer loop
      vertex -36.4739 -0.53033 12.9197
      vertex -39.5715 -0.579758 12.9742
      vertex -36.4715 -0.579758 12.9742
    endloop
  endfacet
  facet normal 0 0.740734 0.671798
    outer loop
      vertex -39.5715 -0.579758 12.9742
      vertex -36.4739 -0.53033 12.9197
      vertex -39.5739 -0.53033 12.9197
    endloop
  endfacet
  facet normal 0 -0.857978 -0.513687
    outer loop
      vertex -39.5675 0.661441 13.8035
      vertex -36.4694 0.623602 13.8667
      vertex -39.5694 0.623602 13.8667
    endloop
  endfacet
  facet normal 0 -0.857978 -0.513687
    outer loop
      vertex -36.4694 0.623602 13.8667
      vertex -39.5675 0.661441 13.8035
      vertex -36.4675 0.661441 13.8035
    endloop
  endfacet
  facet normal 0 -0.336943 -0.941525
    outer loop
      vertex -36.4893 0.217713 14.1677
      vertex -39.5859 0.287012 14.1429
      vertex -36.4859 0.287012 14.1429
    endloop
  endfacet
  facet normal 0 -0.336943 -0.941525
    outer loop
      vertex -39.5859 0.287012 14.1429
      vertex -36.4893 0.217713 14.1677
      vertex -39.5893 0.217713 14.1677
    endloop
  endfacet
  facet normal 0 0.336943 0.941525
    outer loop
      vertex -36.4893 -0.217713 12.7323
      vertex -39.5859 -0.287012 12.7571
      vertex -36.4859 -0.287012 12.7571
    endloop
  endfacet
  facet normal 0 0.336943 0.941525
    outer loop
      vertex -39.5859 -0.287012 12.7571
      vertex -36.4893 -0.217713 12.7323
      vertex -39.5893 -0.217713 12.7323
    endloop
  endfacet
  facet normal 0 0.998795 -0.0490836
    outer loop
      vertex -36.4632 -0.75 13.45
      vertex -39.5633 -0.746388 13.5235
      vertex -36.4633 -0.746388 13.5235
    endloop
  endfacet
  facet normal 0 0.998795 -0.0490836
    outer loop
      vertex -39.5633 -0.746388 13.5235
      vertex -36.4632 -0.75 13.45
      vertex -39.5632 -0.75 13.45
    endloop
  endfacet
  facet normal 0 -0.998795 0.0490836
    outer loop
      vertex -39.5633 0.746388 13.3765
      vertex -36.4632 0.75 13.45
      vertex -39.5632 0.75 13.45
    endloop
  endfacet
  facet normal 0 -0.998795 0.0490836
    outer loop
      vertex -36.4632 0.75 13.45
      vertex -39.5633 0.746388 13.3765
      vertex -36.4633 0.746388 13.3765
    endloop
  endfacet
  facet normal 0 0.998795 0.0490836
    outer loop
      vertex -36.4633 -0.746388 13.3765
      vertex -39.5632 -0.75 13.45
      vertex -36.4632 -0.75 13.45
    endloop
  endfacet
  facet normal 0 0.998795 0.0490836
    outer loop
      vertex -39.5632 -0.75 13.45
      vertex -36.4633 -0.746388 13.3765
      vertex -39.5633 -0.746388 13.3765
    endloop
  endfacet
  facet normal 0 -0.513716 0.85796
    outer loop
      vertex -39.5795 0.416677 12.8264
      vertex -36.4826 0.353547 12.7886
      vertex -36.4795 0.416677 12.8264
    endloop
  endfacet
  facet normal 0 -0.513716 0.85796
    outer loop
      vertex -36.4826 0.353547 12.7886
      vertex -39.5795 0.416677 12.8264
      vertex -39.5826 0.353547 12.7886
    endloop
  endfacet
  facet normal 0 0.513716 -0.85796
    outer loop
      vertex -39.5795 -0.416677 14.0736
      vertex -36.4826 -0.353547 14.1114
      vertex -36.4795 -0.416677 14.0736
    endloop
  endfacet
  facet normal 0 0.513716 -0.85796
    outer loop
      vertex -36.4826 -0.353547 14.1114
      vertex -39.5795 -0.416677 14.0736
      vertex -39.5826 -0.353547 14.1114
    endloop
  endfacet
  facet normal 0 -0.970037 -0.242958
    outer loop
      vertex -39.5639 0.735588 13.5963
      vertex -36.4647 0.717705 13.6677
      vertex -39.5647 0.717705 13.6677
    endloop
  endfacet
  facet normal 0 -0.970037 -0.242958
    outer loop
      vertex -36.4647 0.717705 13.6677
      vertex -39.5639 0.735588 13.5963
      vertex -36.4639 0.735588 13.5963
    endloop
  endfacet
  facet normal 0 0.513716 0.85796
    outer loop
      vertex -36.4826 -0.353547 12.7886
      vertex -39.5795 -0.416677 12.8264
      vertex -36.4795 -0.416677 12.8264
    endloop
  endfacet
  facet normal 0 0.513716 0.85796
    outer loop
      vertex -39.5795 -0.416677 12.8264
      vertex -36.4826 -0.353547 12.7886
      vertex -39.5826 -0.353547 12.7886
    endloop
  endfacet
  facet normal 0 -0.0489129 -0.998803
    outer loop
      vertex -36.5 0 14.2
      vertex -39.5964 0.0735121 14.1964
      vertex -36.4964 0.0735121 14.1964
    endloop
  endfacet
  facet normal 0 -0.0489129 -0.998803
    outer loop
      vertex -39.5964 0.0735121 14.1964
      vertex -36.5 0 14.2
      vertex -39.6 0 14.2
    endloop
  endfacet
  facet normal 0 0.595306 0.803499
    outer loop
      vertex -36.4795 -0.416677 12.8264
      vertex -39.5766 -0.475795 12.8702
      vertex -36.4766 -0.475795 12.8702
    endloop
  endfacet
  facet normal 0 0.595306 0.803499
    outer loop
      vertex -39.5766 -0.475795 12.8702
      vertex -36.4795 -0.416677 12.8264
      vertex -39.5795 -0.416677 12.8264
    endloop
  endfacet
  facet normal 0 0.427902 0.903825
    outer loop
      vertex -36.4859 -0.287012 12.7571
      vertex -39.5826 -0.353547 12.7886
      vertex -36.4826 -0.353547 12.7886
    endloop
  endfacet
  facet normal 0 0.427902 0.903825
    outer loop
      vertex -39.5826 -0.353547 12.7886
      vertex -36.4859 -0.287012 12.7571
      vertex -39.5859 -0.287012 12.7571
    endloop
  endfacet
  facet normal 0 -0.243188 0.969979
    outer loop
      vertex -39.5893 0.217713 12.7323
      vertex -36.4928 0.146317 12.7144
      vertex -36.4893 0.217713 12.7323
    endloop
  endfacet
  facet normal 0 -0.243188 0.969979
    outer loop
      vertex -36.4928 0.146317 12.7144
      vertex -39.5893 0.217713 12.7323
      vertex -39.5928 0.146317 12.7144
    endloop
  endfacet
  facet normal 0 0.243188 -0.969979
    outer loop
      vertex -39.5893 -0.217713 14.1677
      vertex -36.4928 -0.146317 14.1856
      vertex -36.4893 -0.217713 14.1677
    endloop
  endfacet
  facet normal 0 0.243188 -0.969979
    outer loop
      vertex -36.4928 -0.146317 14.1856
      vertex -39.5893 -0.217713 14.1677
      vertex -39.5928 -0.146317 14.1856
    endloop
  endfacet
  facet normal 0 0.903906 0.427731
    outer loop
      vertex -36.4675 -0.661441 13.0965
      vertex -39.566 -0.692909 13.163
      vertex -36.466 -0.692909 13.163
    endloop
  endfacet
  facet normal 0 0.903906 0.427731
    outer loop
      vertex -39.566 -0.692909 13.163
      vertex -36.4675 -0.661441 13.0965
      vertex -39.5675 -0.661441 13.0965
    endloop
  endfacet
  facet normal 0 -0.903906 -0.427731
    outer loop
      vertex -39.566 0.692909 13.737
      vertex -36.4675 0.661441 13.8035
      vertex -39.5675 0.661441 13.8035
    endloop
  endfacet
  facet normal 0 -0.903906 -0.427731
    outer loop
      vertex -36.4675 0.661441 13.8035
      vertex -39.566 0.692909 13.737
      vertex -36.466 0.692909 13.737
    endloop
  endfacet
  facet normal 0 -0.243188 -0.969979
    outer loop
      vertex -36.4928 0.146317 14.1856
      vertex -39.5893 0.217713 14.1677
      vertex -36.4893 0.217713 14.1677
    endloop
  endfacet
  facet normal 0 -0.243188 -0.969979
    outer loop
      vertex -39.5893 0.217713 14.1677
      vertex -36.4928 0.146317 14.1856
      vertex -39.5928 0.146317 14.1856
    endloop
  endfacet
  facet normal 0 0.941544 0.336891
    outer loop
      vertex -36.466 -0.692909 13.163
      vertex -39.5647 -0.717705 13.2323
      vertex -36.4647 -0.717705 13.2323
    endloop
  endfacet
  facet normal 0 0.941544 0.336891
    outer loop
      vertex -39.5647 -0.717705 13.2323
      vertex -36.466 -0.692909 13.163
      vertex -39.566 -0.692909 13.163
    endloop
  endfacet
  facet normal 0 -0.146736 0.989176
    outer loop
      vertex -39.5928 0.146317 12.7144
      vertex -36.4964 0.0735121 12.7036
      vertex -36.4928 0.146317 12.7144
    endloop
  endfacet
  facet normal 0 -0.146736 0.989176
    outer loop
      vertex -36.4964 0.0735121 12.7036
      vertex -39.5928 0.146317 12.7144
      vertex -39.5964 0.0735121 12.7036
    endloop
  endfacet
  facet normal 0 0.146736 0.989176
    outer loop
      vertex -36.4964 -0.0735121 12.7036
      vertex -39.5928 -0.146317 12.7144
      vertex -36.4928 -0.146317 12.7144
    endloop
  endfacet
  facet normal 0 0.146736 0.989176
    outer loop
      vertex -39.5928 -0.146317 12.7144
      vertex -36.4964 -0.0735121 12.7036
      vertex -39.5964 -0.0735121 12.7036
    endloop
  endfacet
  facet normal 0 0.989174 -0.146746
    outer loop
      vertex -39.5633 -0.746388 13.5235
      vertex -36.4639 -0.735588 13.5963
      vertex -36.4633 -0.746388 13.5235
    endloop
  endfacet
  facet normal 0 0.989174 -0.146746
    outer loop
      vertex -36.4639 -0.735588 13.5963
      vertex -39.5633 -0.746388 13.5235
      vertex -39.5639 -0.735588 13.5963
    endloop
  endfacet
  facet normal 0 -0.903906 0.427731
    outer loop
      vertex -36.4675 0.661441 13.0965
      vertex -39.566 0.692909 13.163
      vertex -39.5675 0.661441 13.0965
    endloop
  endfacet
  facet normal 0 -0.903906 0.427731
    outer loop
      vertex -39.566 0.692909 13.163
      vertex -36.4675 0.661441 13.0965
      vertex -36.466 0.692909 13.163
    endloop
  endfacet
  facet normal 0 0.740734 -0.671798
    outer loop
      vertex -39.5715 -0.579758 13.9258
      vertex -36.4739 -0.53033 13.9803
      vertex -36.4715 -0.579758 13.9258
    endloop
  endfacet
  facet normal 0 0.740734 -0.671798
    outer loop
      vertex -36.4739 -0.53033 13.9803
      vertex -39.5715 -0.579758 13.9258
      vertex -39.5739 -0.53033 13.9803
    endloop
  endfacet
  facet normal 0 0.803127 -0.595808
    outer loop
      vertex -39.5694 -0.623602 13.8667
      vertex -36.4715 -0.579758 13.9258
      vertex -36.4694 -0.623602 13.8667
    endloop
  endfacet
  facet normal 0 0.803127 -0.595808
    outer loop
      vertex -36.4715 -0.579758 13.9258
      vertex -39.5694 -0.623602 13.8667
      vertex -39.5715 -0.579758 13.9258
    endloop
  endfacet
  facet normal 0 0.970037 0.242958
    outer loop
      vertex -36.4647 -0.717705 13.2323
      vertex -39.5639 -0.735588 13.3037
      vertex -36.4639 -0.735588 13.3037
    endloop
  endfacet
  facet normal 0 0.970037 0.242958
    outer loop
      vertex -39.5639 -0.735588 13.3037
      vertex -36.4647 -0.717705 13.2323
      vertex -39.5647 -0.717705 13.2323
    endloop
  endfacet
  facet normal 0 0.672098 -0.740462
    outer loop
      vertex -39.5739 -0.53033 13.9803
      vertex -36.4766 -0.475795 14.0298
      vertex -36.4739 -0.53033 13.9803
    endloop
  endfacet
  facet normal 0 0.672098 -0.740462
    outer loop
      vertex -36.4766 -0.475795 14.0298
      vertex -39.5739 -0.53033 13.9803
      vertex -39.5766 -0.475795 14.0298
    endloop
  endfacet
  facet normal 0 -0.0489129 0.998803
    outer loop
      vertex -39.5964 0.0735121 12.7036
      vertex -36.5 0 12.7
      vertex -36.4964 0.0735121 12.7036
    endloop
  endfacet
  facet normal 0 -0.0489129 0.998803
    outer loop
      vertex -36.5 0 12.7
      vertex -39.5964 0.0735121 12.7036
      vertex -39.6 0 12.7
    endloop
  endfacet
  facet normal 0 0.903906 -0.427731
    outer loop
      vertex -39.566 -0.692909 13.737
      vertex -36.4675 -0.661441 13.8035
      vertex -36.466 -0.692909 13.737
    endloop
  endfacet
  facet normal 0 0.903906 -0.427731
    outer loop
      vertex -36.4675 -0.661441 13.8035
      vertex -39.566 -0.692909 13.737
      vertex -39.5675 -0.661441 13.8035
    endloop
  endfacet
  facet normal 0 0.857978 0.513687
    outer loop
      vertex -36.4694 -0.623602 13.0333
      vertex -39.5675 -0.661441 13.0965
      vertex -36.4675 -0.661441 13.0965
    endloop
  endfacet
  facet normal 0 0.857978 0.513687
    outer loop
      vertex -39.5675 -0.661441 13.0965
      vertex -36.4694 -0.623602 13.0333
      vertex -39.5694 -0.623602 13.0333
    endloop
  endfacet
  facet normal 0 -0.989174 0.146746
    outer loop
      vertex -36.4639 0.735588 13.3037
      vertex -39.5633 0.746388 13.3765
      vertex -39.5639 0.735588 13.3037
    endloop
  endfacet
  facet normal 0 -0.989174 0.146746
    outer loop
      vertex -39.5633 0.746388 13.3765
      vertex -36.4639 0.735588 13.3037
      vertex -36.4633 0.746388 13.3765
    endloop
  endfacet
  facet normal 0 -0.672098 0.740462
    outer loop
      vertex -39.5739 0.53033 12.9197
      vertex -36.4766 0.475795 12.8702
      vertex -36.4739 0.53033 12.9197
    endloop
  endfacet
  facet normal 0 -0.672098 0.740462
    outer loop
      vertex -36.4766 0.475795 12.8702
      vertex -39.5739 0.53033 12.9197
      vertex -39.5766 0.475795 12.8702
    endloop
  endfacet
  facet normal 0 -0.595306 0.803499
    outer loop
      vertex -39.5766 0.475795 12.8702
      vertex -36.4795 0.416677 12.8264
      vertex -36.4766 0.475795 12.8702
    endloop
  endfacet
  facet normal 0 -0.595306 0.803499
    outer loop
      vertex -36.4795 0.416677 12.8264
      vertex -39.5766 0.475795 12.8702
      vertex -39.5795 0.416677 12.8264
    endloop
  endfacet
  facet normal 0 -0.970037 0.242958
    outer loop
      vertex -36.4647 0.717705 13.2323
      vertex -39.5639 0.735588 13.3037
      vertex -39.5647 0.717705 13.2323
    endloop
  endfacet
  facet normal 0 -0.970037 0.242958
    outer loop
      vertex -39.5639 0.735588 13.3037
      vertex -36.4647 0.717705 13.2323
      vertex -36.4639 0.735588 13.3037
    endloop
  endfacet
  facet normal 0 -0.336943 0.941525
    outer loop
      vertex -39.5859 0.287012 12.7571
      vertex -36.4893 0.217713 12.7323
      vertex -36.4859 0.287012 12.7571
    endloop
  endfacet
  facet normal 0 -0.336943 0.941525
    outer loop
      vertex -36.4893 0.217713 12.7323
      vertex -39.5859 0.287012 12.7571
      vertex -39.5893 0.217713 12.7323
    endloop
  endfacet
  facet normal 0 0.970037 -0.242958
    outer loop
      vertex -39.5639 -0.735588 13.5963
      vertex -36.4647 -0.717705 13.6677
      vertex -36.4639 -0.735588 13.5963
    endloop
  endfacet
  facet normal 0 0.970037 -0.242958
    outer loop
      vertex -36.4647 -0.717705 13.6677
      vertex -39.5639 -0.735588 13.5963
      vertex -39.5647 -0.717705 13.6677
    endloop
  endfacet
  facet normal 0 0.989174 0.146746
    outer loop
      vertex -36.4639 -0.735588 13.3037
      vertex -39.5633 -0.746388 13.3765
      vertex -36.4633 -0.746388 13.3765
    endloop
  endfacet
  facet normal 0 0.989174 0.146746
    outer loop
      vertex -39.5633 -0.746388 13.3765
      vertex -36.4639 -0.735588 13.3037
      vertex -39.5639 -0.735588 13.3037
    endloop
  endfacet
  facet normal 0 0.146736 -0.989176
    outer loop
      vertex -39.5928 -0.146317 14.1856
      vertex -36.4964 -0.0735121 14.1964
      vertex -36.4928 -0.146317 14.1856
    endloop
  endfacet
  facet normal 0 0.146736 -0.989176
    outer loop
      vertex -36.4964 -0.0735121 14.1964
      vertex -39.5928 -0.146317 14.1856
      vertex -39.5964 -0.0735121 14.1964
    endloop
  endfacet
  facet normal 0 -0.427902 -0.903825
    outer loop
      vertex -36.4859 0.287012 14.1429
      vertex -39.5826 0.353547 14.1114
      vertex -36.4826 0.353547 14.1114
    endloop
  endfacet
  facet normal 0 -0.427902 -0.903825
    outer loop
      vertex -39.5826 0.353547 14.1114
      vertex -36.4859 0.287012 14.1429
      vertex -39.5859 0.287012 14.1429
    endloop
  endfacet
  facet normal 0 -0.513716 -0.85796
    outer loop
      vertex -36.4826 0.353547 14.1114
      vertex -39.5795 0.416677 14.0736
      vertex -36.4795 0.416677 14.0736
    endloop
  endfacet
  facet normal 0 -0.513716 -0.85796
    outer loop
      vertex -39.5795 0.416677 14.0736
      vertex -36.4826 0.353547 14.1114
      vertex -39.5826 0.353547 14.1114
    endloop
  endfacet
  facet normal 0 0.941544 -0.336891
    outer loop
      vertex -39.5647 -0.717705 13.6677
      vertex -36.466 -0.692909 13.737
      vertex -36.4647 -0.717705 13.6677
    endloop
  endfacet
  facet normal 0 0.941544 -0.336891
    outer loop
      vertex -36.466 -0.692909 13.737
      vertex -39.5647 -0.717705 13.6677
      vertex -39.566 -0.692909 13.737
    endloop
  endfacet
  facet normal 0 0.336943 -0.941525
    outer loop
      vertex -39.5859 -0.287012 14.1429
      vertex -36.4893 -0.217713 14.1677
      vertex -36.4859 -0.287012 14.1429
    endloop
  endfacet
  facet normal 0 0.336943 -0.941525
    outer loop
      vertex -36.4893 -0.217713 14.1677
      vertex -39.5859 -0.287012 14.1429
      vertex -39.5893 -0.217713 14.1677
    endloop
  endfacet
  facet normal 0 -0.803127 0.595808
    outer loop
      vertex -36.4715 0.579758 12.9742
      vertex -39.5694 0.623602 13.0333
      vertex -39.5715 0.579758 12.9742
    endloop
  endfacet
  facet normal 0 -0.803127 0.595808
    outer loop
      vertex -39.5694 0.623602 13.0333
      vertex -36.4715 0.579758 12.9742
      vertex -36.4694 0.623602 13.0333
    endloop
  endfacet
  facet normal 0 0.672098 0.740462
    outer loop
      vertex -36.4766 -0.475795 12.8702
      vertex -39.5739 -0.53033 12.9197
      vertex -36.4739 -0.53033 12.9197
    endloop
  endfacet
  facet normal 0 0.672098 0.740462
    outer loop
      vertex -39.5739 -0.53033 12.9197
      vertex -36.4766 -0.475795 12.8702
      vertex -39.5766 -0.475795 12.8702
    endloop
  endfacet
  facet normal 0 -0.146736 -0.989176
    outer loop
      vertex -36.4964 0.0735121 14.1964
      vertex -39.5928 0.146317 14.1856
      vertex -36.4928 0.146317 14.1856
    endloop
  endfacet
  facet normal 0 -0.146736 -0.989176
    outer loop
      vertex -39.5928 0.146317 14.1856
      vertex -36.4964 0.0735121 14.1964
      vertex -39.5964 0.0735121 14.1964
    endloop
  endfacet
  facet normal 0 -0.672098 -0.740462
    outer loop
      vertex -36.4766 0.475795 14.0298
      vertex -39.5739 0.53033 13.9803
      vertex -36.4739 0.53033 13.9803
    endloop
  endfacet
  facet normal 0 -0.672098 -0.740462
    outer loop
      vertex -39.5739 0.53033 13.9803
      vertex -36.4766 0.475795 14.0298
      vertex -39.5766 0.475795 14.0298
    endloop
  endfacet
  facet normal 0 -0.595306 -0.803499
    outer loop
      vertex -36.4795 0.416677 14.0736
      vertex -39.5766 0.475795 14.0298
      vertex -36.4766 0.475795 14.0298
    endloop
  endfacet
  facet normal 0 -0.595306 -0.803499
    outer loop
      vertex -39.5766 0.475795 14.0298
      vertex -36.4795 0.416677 14.0736
      vertex -39.5795 0.416677 14.0736
    endloop
  endfacet
  facet normal 0 0.857978 -0.513687
    outer loop
      vertex -39.5675 -0.661441 13.8035
      vertex -36.4694 -0.623602 13.8667
      vertex -36.4675 -0.661441 13.8035
    endloop
  endfacet
  facet normal 0 0.857978 -0.513687
    outer loop
      vertex -36.4694 -0.623602 13.8667
      vertex -39.5675 -0.661441 13.8035
      vertex -39.5694 -0.623602 13.8667
    endloop
  endfacet
  facet normal 0 0.427902 -0.903825
    outer loop
      vertex -39.5826 -0.353547 14.1114
      vertex -36.4859 -0.287012 14.1429
      vertex -36.4826 -0.353547 14.1114
    endloop
  endfacet
  facet normal 0 0.427902 -0.903825
    outer loop
      vertex -36.4859 -0.287012 14.1429
      vertex -39.5826 -0.353547 14.1114
      vertex -39.5859 -0.287012 14.1429
    endloop
  endfacet
  facet normal 0 -0.857978 0.513687
    outer loop
      vertex -36.4694 0.623602 13.0333
      vertex -39.5675 0.661441 13.0965
      vertex -39.5694 0.623602 13.0333
    endloop
  endfacet
  facet normal 0 -0.857978 0.513687
    outer loop
      vertex -39.5675 0.661441 13.0965
      vertex -36.4694 0.623602 13.0333
      vertex -36.4675 0.661441 13.0965
    endloop
  endfacet
  facet normal 0 -0.803127 -0.595808
    outer loop
      vertex -39.5694 0.623602 13.8667
      vertex -36.4715 0.579758 13.9258
      vertex -39.5715 0.579758 13.9258
    endloop
  endfacet
  facet normal 0 -0.803127 -0.595808
    outer loop
      vertex -36.4715 0.579758 13.9258
      vertex -39.5694 0.623602 13.8667
      vertex -36.4694 0.623602 13.8667
    endloop
  endfacet
  facet normal 0 -0.740734 -0.671798
    outer loop
      vertex -39.5715 0.579758 13.9258
      vertex -36.4739 0.53033 13.9803
      vertex -39.5739 0.53033 13.9803
    endloop
  endfacet
  facet normal 0 -0.740734 -0.671798
    outer loop
      vertex -36.4739 0.53033 13.9803
      vertex -39.5715 0.579758 13.9258
      vertex -36.4715 0.579758 13.9258
    endloop
  endfacet
  facet normal 0 0.595306 -0.803499
    outer loop
      vertex -39.5766 -0.475795 14.0298
      vertex -36.4795 -0.416677 14.0736
      vertex -36.4766 -0.475795 14.0298
    endloop
  endfacet
  facet normal 0 0.595306 -0.803499
    outer loop
      vertex -36.4795 -0.416677 14.0736
      vertex -39.5766 -0.475795 14.0298
      vertex -39.5795 -0.416677 14.0736
    endloop
  endfacet
  facet normal 0 -0.998795 -0.0490836
    outer loop
      vertex -39.5632 0.75 13.45
      vertex -36.4633 0.746388 13.5235
      vertex -39.5633 0.746388 13.5235
    endloop
  endfacet
  facet normal 0 -0.998795 -0.0490836
    outer loop
      vertex -36.4633 0.746388 13.5235
      vertex -39.5632 0.75 13.45
      vertex -36.4632 0.75 13.45
    endloop
  endfacet
  facet normal 0 -0.989174 -0.146746
    outer loop
      vertex -39.5633 0.746388 13.5235
      vertex -36.4639 0.735588 13.5963
      vertex -39.5639 0.735588 13.5963
    endloop
  endfacet
  facet normal 0 -0.989174 -0.146746
    outer loop
      vertex -36.4639 0.735588 13.5963
      vertex -39.5633 0.746388 13.5235
      vertex -36.4633 0.746388 13.5235
    endloop
  endfacet
  facet normal 0 0.0489129 -0.998803
    outer loop
      vertex -39.5964 -0.0735121 14.1964
      vertex -36.5 0 14.2
      vertex -36.4964 -0.0735121 14.1964
    endloop
  endfacet
  facet normal 0 0.0489129 -0.998803
    outer loop
      vertex -36.5 0 14.2
      vertex -39.5964 -0.0735121 14.1964
      vertex -39.6 0 14.2
    endloop
  endfacet
  facet normal 0 -0.941544 -0.336891
    outer loop
      vertex -39.5647 0.717705 13.6677
      vertex -36.466 0.692909 13.737
      vertex -39.566 0.692909 13.737
    endloop
  endfacet
  facet normal 0 -0.941544 -0.336891
    outer loop
      vertex -36.466 0.692909 13.737
      vertex -39.5647 0.717705 13.6677
      vertex -36.4647 0.717705 13.6677
    endloop
  endfacet
  facet normal 0 -0.740734 0.671798
    outer loop
      vertex -36.4739 0.53033 12.9197
      vertex -39.5715 0.579758 12.9742
      vertex -39.5739 0.53033 12.9197
    endloop
  endfacet
  facet normal 0 -0.740734 0.671798
    outer loop
      vertex -39.5715 0.579758 12.9742
      vertex -36.4739 0.53033 12.9197
      vertex -36.4715 0.579758 12.9742
    endloop
  endfacet
  facet normal 0 0.903906 -0.427731
    outer loop
      vertex -39.566 -0.692909 40.837
      vertex -36.4675 -0.661441 40.9035
      vertex -36.466 -0.692909 40.837
    endloop
  endfacet
  facet normal 0 0.903906 -0.427731
    outer loop
      vertex -36.4675 -0.661441 40.9035
      vertex -39.566 -0.692909 40.837
      vertex -39.5675 -0.661441 40.9035
    endloop
  endfacet
  facet normal 0 0.243188 0.969979
    outer loop
      vertex -36.4928 -0.146317 39.8144
      vertex -39.5893 -0.217713 39.8323
      vertex -36.4893 -0.217713 39.8323
    endloop
  endfacet
  facet normal 0 0.243188 0.969979
    outer loop
      vertex -39.5893 -0.217713 39.8323
      vertex -36.4928 -0.146317 39.8144
      vertex -39.5928 -0.146317 39.8144
    endloop
  endfacet
  facet normal 0 -0.903906 0.427731
    outer loop
      vertex -36.4675 0.661441 40.1965
      vertex -39.566 0.692909 40.263
      vertex -39.5675 0.661441 40.1965
    endloop
  endfacet
  facet normal 0 -0.903906 0.427731
    outer loop
      vertex -39.566 0.692909 40.263
      vertex -36.4675 0.661441 40.1965
      vertex -36.466 0.692909 40.263
    endloop
  endfacet
  facet normal 0 -0.970037 0.242958
    outer loop
      vertex -36.4647 0.717705 40.3323
      vertex -39.5639 0.735588 40.4037
      vertex -39.5647 0.717705 40.3323
    endloop
  endfacet
  facet normal 0 -0.970037 0.242958
    outer loop
      vertex -39.5639 0.735588 40.4037
      vertex -36.4647 0.717705 40.3323
      vertex -36.4639 0.735588 40.4037
    endloop
  endfacet
  facet normal 0 0.595306 0.803499
    outer loop
      vertex -36.4795 -0.416677 39.9264
      vertex -39.5766 -0.475795 39.9702
      vertex -36.4766 -0.475795 39.9702
    endloop
  endfacet
  facet normal 0 0.595306 0.803499
    outer loop
      vertex -39.5766 -0.475795 39.9702
      vertex -36.4795 -0.416677 39.9264
      vertex -39.5795 -0.416677 39.9264
    endloop
  endfacet
  facet normal 0 0.0489129 0.998803
    outer loop
      vertex -36.5 0 39.8
      vertex -39.5964 -0.0735121 39.8036
      vertex -36.4964 -0.0735121 39.8036
    endloop
  endfacet
  facet normal 0 0.0489129 0.998803
    outer loop
      vertex -39.5964 -0.0735121 39.8036
      vertex -36.5 0 39.8
      vertex -39.6 0 39.8
    endloop
  endfacet
  facet normal 0 0.998795 0.0490836
    outer loop
      vertex -36.4633 -0.746388 40.4765
      vertex -39.5632 -0.75 40.55
      vertex -36.4632 -0.75 40.55
    endloop
  endfacet
  facet normal 0 0.998795 0.0490836
    outer loop
      vertex -39.5632 -0.75 40.55
      vertex -36.4633 -0.746388 40.4765
      vertex -39.5633 -0.746388 40.4765
    endloop
  endfacet
  facet normal 0 0.803127 0.595808
    outer loop
      vertex -36.4715 -0.579758 40.0742
      vertex -39.5694 -0.623602 40.1333
      vertex -36.4694 -0.623602 40.1333
    endloop
  endfacet
  facet normal 0 0.803127 0.595808
    outer loop
      vertex -39.5694 -0.623602 40.1333
      vertex -36.4715 -0.579758 40.0742
      vertex -39.5715 -0.579758 40.0742
    endloop
  endfacet
  facet normal 0 -0.998795 0.0490836
    outer loop
      vertex -39.5633 0.746388 40.4765
      vertex -36.4632 0.75 40.55
      vertex -39.5632 0.75 40.55
    endloop
  endfacet
  facet normal 0 -0.998795 0.0490836
    outer loop
      vertex -36.4632 0.75 40.55
      vertex -39.5633 0.746388 40.4765
      vertex -36.4633 0.746388 40.4765
    endloop
  endfacet
  facet normal 0 -0.857978 0.513687
    outer loop
      vertex -36.4694 0.623602 40.1333
      vertex -39.5675 0.661441 40.1965
      vertex -39.5694 0.623602 40.1333
    endloop
  endfacet
  facet normal 0 -0.857978 0.513687
    outer loop
      vertex -39.5675 0.661441 40.1965
      vertex -36.4694 0.623602 40.1333
      vertex -36.4675 0.661441 40.1965
    endloop
  endfacet
  facet normal 0 -0.803127 0.595808
    outer loop
      vertex -36.4715 0.579758 40.0742
      vertex -39.5694 0.623602 40.1333
      vertex -39.5715 0.579758 40.0742
    endloop
  endfacet
  facet normal 0 -0.803127 0.595808
    outer loop
      vertex -39.5694 0.623602 40.1333
      vertex -36.4715 0.579758 40.0742
      vertex -36.4694 0.623602 40.1333
    endloop
  endfacet
  facet normal 0 0.970037 -0.242958
    outer loop
      vertex -39.5639 -0.735588 40.6963
      vertex -36.4647 -0.717705 40.7677
      vertex -36.4639 -0.735588 40.6963
    endloop
  endfacet
  facet normal 0 0.970037 -0.242958
    outer loop
      vertex -36.4647 -0.717705 40.7677
      vertex -39.5639 -0.735588 40.6963
      vertex -39.5647 -0.717705 40.7677
    endloop
  endfacet
  facet normal 0 -0.427902 -0.903825
    outer loop
      vertex -36.4859 0.287012 41.2429
      vertex -39.5826 0.353547 41.2114
      vertex -36.4826 0.353547 41.2114
    endloop
  endfacet
  facet normal 0 -0.427902 -0.903825
    outer loop
      vertex -39.5826 0.353547 41.2114
      vertex -36.4859 0.287012 41.2429
      vertex -39.5859 0.287012 41.2429
    endloop
  endfacet
  facet normal 0 -0.595306 0.803499
    outer loop
      vertex -39.5766 0.475795 39.9702
      vertex -36.4795 0.416677 39.9264
      vertex -36.4766 0.475795 39.9702
    endloop
  endfacet
  facet normal 0 -0.595306 0.803499
    outer loop
      vertex -36.4795 0.416677 39.9264
      vertex -39.5766 0.475795 39.9702
      vertex -39.5795 0.416677 39.9264
    endloop
  endfacet
  facet normal 0 -0.857978 -0.513687
    outer loop
      vertex -39.5675 0.661441 40.9035
      vertex -36.4694 0.623602 40.9667
      vertex -39.5694 0.623602 40.9667
    endloop
  endfacet
  facet normal 0 -0.857978 -0.513687
    outer loop
      vertex -36.4694 0.623602 40.9667
      vertex -39.5675 0.661441 40.9035
      vertex -36.4675 0.661441 40.9035
    endloop
  endfacet
  facet normal 0 -0.427902 0.903825
    outer loop
      vertex -39.5826 0.353547 39.8886
      vertex -36.4859 0.287012 39.8571
      vertex -36.4826 0.353547 39.8886
    endloop
  endfacet
  facet normal 0 -0.427902 0.903825
    outer loop
      vertex -36.4859 0.287012 39.8571
      vertex -39.5826 0.353547 39.8886
      vertex -39.5859 0.287012 39.8571
    endloop
  endfacet
  facet normal 0 0.903906 0.427731
    outer loop
      vertex -36.4675 -0.661441 40.1965
      vertex -39.566 -0.692909 40.263
      vertex -36.466 -0.692909 40.263
    endloop
  endfacet
  facet normal 0 0.903906 0.427731
    outer loop
      vertex -39.566 -0.692909 40.263
      vertex -36.4675 -0.661441 40.1965
      vertex -39.5675 -0.661441 40.1965
    endloop
  endfacet
  facet normal 0 0.146736 -0.989176
    outer loop
      vertex -39.5928 -0.146317 41.2856
      vertex -36.4964 -0.0735121 41.2964
      vertex -36.4928 -0.146317 41.2856
    endloop
  endfacet
  facet normal 0 0.146736 -0.989176
    outer loop
      vertex -36.4964 -0.0735121 41.2964
      vertex -39.5928 -0.146317 41.2856
      vertex -39.5964 -0.0735121 41.2964
    endloop
  endfacet
  facet normal 0 0.803127 -0.595808
    outer loop
      vertex -39.5694 -0.623602 40.9667
      vertex -36.4715 -0.579758 41.0258
      vertex -36.4694 -0.623602 40.9667
    endloop
  endfacet
  facet normal 0 0.803127 -0.595808
    outer loop
      vertex -36.4715 -0.579758 41.0258
      vertex -39.5694 -0.623602 40.9667
      vertex -39.5715 -0.579758 41.0258
    endloop
  endfacet
  facet normal 0 -0.243188 -0.969979
    outer loop
      vertex -36.4928 0.146317 41.2856
      vertex -39.5893 0.217713 41.2677
      vertex -36.4893 0.217713 41.2677
    endloop
  endfacet
  facet normal 0 -0.243188 -0.969979
    outer loop
      vertex -39.5893 0.217713 41.2677
      vertex -36.4928 0.146317 41.2856
      vertex -39.5928 0.146317 41.2856
    endloop
  endfacet
  facet normal 0 -0.998795 -0.0490836
    outer loop
      vertex -39.5632 0.75 40.55
      vertex -36.4633 0.746388 40.6235
      vertex -39.5633 0.746388 40.6235
    endloop
  endfacet
  facet normal 0 -0.998795 -0.0490836
    outer loop
      vertex -36.4633 0.746388 40.6235
      vertex -39.5632 0.75 40.55
      vertex -36.4632 0.75 40.55
    endloop
  endfacet
  facet normal 0 0.146736 0.989176
    outer loop
      vertex -36.4964 -0.0735121 39.8036
      vertex -39.5928 -0.146317 39.8144
      vertex -36.4928 -0.146317 39.8144
    endloop
  endfacet
  facet normal 0 0.146736 0.989176
    outer loop
      vertex -39.5928 -0.146317 39.8144
      vertex -36.4964 -0.0735121 39.8036
      vertex -39.5964 -0.0735121 39.8036
    endloop
  endfacet
  facet normal 0 0.672098 0.740462
    outer loop
      vertex -36.4766 -0.475795 39.9702
      vertex -39.5739 -0.53033 40.0197
      vertex -36.4739 -0.53033 40.0197
    endloop
  endfacet
  facet normal 0 0.672098 0.740462
    outer loop
      vertex -39.5739 -0.53033 40.0197
      vertex -36.4766 -0.475795 39.9702
      vertex -39.5766 -0.475795 39.9702
    endloop
  endfacet
  facet normal 0 -0.0489129 0.998803
    outer loop
      vertex -39.5964 0.0735121 39.8036
      vertex -36.5 0 39.8
      vertex -36.4964 0.0735121 39.8036
    endloop
  endfacet
  facet normal 0 -0.0489129 0.998803
    outer loop
      vertex -36.5 0 39.8
      vertex -39.5964 0.0735121 39.8036
      vertex -39.6 0 39.8
    endloop
  endfacet
  facet normal 0 -0.0489129 -0.998803
    outer loop
      vertex -36.5 0 41.3
      vertex -39.5964 0.0735121 41.2964
      vertex -36.4964 0.0735121 41.2964
    endloop
  endfacet
  facet normal 0 -0.0489129 -0.998803
    outer loop
      vertex -39.5964 0.0735121 41.2964
      vertex -36.5 0 41.3
      vertex -39.6 0 41.3
    endloop
  endfacet
  facet normal 0 0.336943 0.941525
    outer loop
      vertex -36.4893 -0.217713 39.8323
      vertex -39.5859 -0.287012 39.8571
      vertex -36.4859 -0.287012 39.8571
    endloop
  endfacet
  facet normal 0 0.336943 0.941525
    outer loop
      vertex -39.5859 -0.287012 39.8571
      vertex -36.4893 -0.217713 39.8323
      vertex -39.5893 -0.217713 39.8323
    endloop
  endfacet
  facet normal 0 0.989174 0.146746
    outer loop
      vertex -36.4639 -0.735588 40.4037
      vertex -39.5633 -0.746388 40.4765
      vertex -36.4633 -0.746388 40.4765
    endloop
  endfacet
  facet normal 0 0.989174 0.146746
    outer loop
      vertex -39.5633 -0.746388 40.4765
      vertex -36.4639 -0.735588 40.4037
      vertex -39.5639 -0.735588 40.4037
    endloop
  endfacet
  facet normal 0 0.740734 0.671798
    outer loop
      vertex -36.4739 -0.53033 40.0197
      vertex -39.5715 -0.579758 40.0742
      vertex -36.4715 -0.579758 40.0742
    endloop
  endfacet
  facet normal 0 0.740734 0.671798
    outer loop
      vertex -39.5715 -0.579758 40.0742
      vertex -36.4739 -0.53033 40.0197
      vertex -39.5739 -0.53033 40.0197
    endloop
  endfacet
  facet normal 0 0.998795 -0.0490836
    outer loop
      vertex -36.4632 -0.75 40.55
      vertex -39.5633 -0.746388 40.6235
      vertex -36.4633 -0.746388 40.6235
    endloop
  endfacet
  facet normal 0 0.998795 -0.0490836
    outer loop
      vertex -39.5633 -0.746388 40.6235
      vertex -36.4632 -0.75 40.55
      vertex -39.5632 -0.75 40.55
    endloop
  endfacet
  facet normal 0 0.672098 -0.740462
    outer loop
      vertex -39.5739 -0.53033 41.0803
      vertex -36.4766 -0.475795 41.1298
      vertex -36.4739 -0.53033 41.0803
    endloop
  endfacet
  facet normal 0 0.672098 -0.740462
    outer loop
      vertex -36.4766 -0.475795 41.1298
      vertex -39.5739 -0.53033 41.0803
      vertex -39.5766 -0.475795 41.1298
    endloop
  endfacet
  facet normal 0 -0.243188 0.969979
    outer loop
      vertex -39.5893 0.217713 39.8323
      vertex -36.4928 0.146317 39.8144
      vertex -36.4893 0.217713 39.8323
    endloop
  endfacet
  facet normal 0 -0.243188 0.969979
    outer loop
      vertex -36.4928 0.146317 39.8144
      vertex -39.5893 0.217713 39.8323
      vertex -39.5928 0.146317 39.8144
    endloop
  endfacet
  facet normal 0 0.513716 -0.85796
    outer loop
      vertex -39.5795 -0.416677 41.1736
      vertex -36.4826 -0.353547 41.2114
      vertex -36.4795 -0.416677 41.1736
    endloop
  endfacet
  facet normal 0 0.513716 -0.85796
    outer loop
      vertex -36.4826 -0.353547 41.2114
      vertex -39.5795 -0.416677 41.1736
      vertex -39.5826 -0.353547 41.2114
    endloop
  endfacet
  facet normal 0 0.427902 0.903825
    outer loop
      vertex -36.4859 -0.287012 39.8571
      vertex -39.5826 -0.353547 39.8886
      vertex -36.4826 -0.353547 39.8886
    endloop
  endfacet
  facet normal 0 0.427902 0.903825
    outer loop
      vertex -39.5826 -0.353547 39.8886
      vertex -36.4859 -0.287012 39.8571
      vertex -39.5859 -0.287012 39.8571
    endloop
  endfacet
  facet normal 0 -0.941544 0.336891
    outer loop
      vertex -36.466 0.692909 40.263
      vertex -39.5647 0.717705 40.3323
      vertex -39.566 0.692909 40.263
    endloop
  endfacet
  facet normal 0 -0.941544 0.336891
    outer loop
      vertex -39.5647 0.717705 40.3323
      vertex -36.466 0.692909 40.263
      vertex -36.4647 0.717705 40.3323
    endloop
  endfacet
  facet normal 0 0.989174 -0.146746
    outer loop
      vertex -39.5633 -0.746388 40.6235
      vertex -36.4639 -0.735588 40.6963
      vertex -36.4633 -0.746388 40.6235
    endloop
  endfacet
  facet normal 0 0.989174 -0.146746
    outer loop
      vertex -36.4639 -0.735588 40.6963
      vertex -39.5633 -0.746388 40.6235
      vertex -39.5639 -0.735588 40.6963
    endloop
  endfacet
  facet normal 0 0.427902 -0.903825
    outer loop
      vertex -39.5826 -0.353547 41.2114
      vertex -36.4859 -0.287012 41.2429
      vertex -36.4826 -0.353547 41.2114
    endloop
  endfacet
  facet normal 0 0.427902 -0.903825
    outer loop
      vertex -36.4859 -0.287012 41.2429
      vertex -39.5826 -0.353547 41.2114
      vertex -39.5859 -0.287012 41.2429
    endloop
  endfacet
  facet normal 0 -0.740734 -0.671798
    outer loop
      vertex -39.5715 0.579758 41.0258
      vertex -36.4739 0.53033 41.0803
      vertex -39.5739 0.53033 41.0803
    endloop
  endfacet
  facet normal 0 -0.740734 -0.671798
    outer loop
      vertex -36.4739 0.53033 41.0803
      vertex -39.5715 0.579758 41.0258
      vertex -36.4715 0.579758 41.0258
    endloop
  endfacet
  facet normal 0 0.243188 -0.969979
    outer loop
      vertex -39.5893 -0.217713 41.2677
      vertex -36.4928 -0.146317 41.2856
      vertex -36.4893 -0.217713 41.2677
    endloop
  endfacet
  facet normal 0 0.243188 -0.969979
    outer loop
      vertex -36.4928 -0.146317 41.2856
      vertex -39.5893 -0.217713 41.2677
      vertex -39.5928 -0.146317 41.2856
    endloop
  endfacet
  facet normal 0 -0.989174 0.146746
    outer loop
      vertex -36.4639 0.735588 40.4037
      vertex -39.5633 0.746388 40.4765
      vertex -39.5639 0.735588 40.4037
    endloop
  endfacet
  facet normal 0 -0.989174 0.146746
    outer loop
      vertex -39.5633 0.746388 40.4765
      vertex -36.4639 0.735588 40.4037
      vertex -36.4633 0.746388 40.4765
    endloop
  endfacet
  facet normal 0 -0.513716 0.85796
    outer loop
      vertex -39.5795 0.416677 39.9264
      vertex -36.4826 0.353547 39.8886
      vertex -36.4795 0.416677 39.9264
    endloop
  endfacet
  facet normal 0 -0.513716 0.85796
    outer loop
      vertex -36.4826 0.353547 39.8886
      vertex -39.5795 0.416677 39.9264
      vertex -39.5826 0.353547 39.8886
    endloop
  endfacet
  facet normal 0 0.857978 0.513687
    outer loop
      vertex -36.4694 -0.623602 40.1333
      vertex -39.5675 -0.661441 40.1965
      vertex -36.4675 -0.661441 40.1965
    endloop
  endfacet
  facet normal 0 0.857978 0.513687
    outer loop
      vertex -39.5675 -0.661441 40.1965
      vertex -36.4694 -0.623602 40.1333
      vertex -39.5694 -0.623602 40.1333
    endloop
  endfacet
  facet normal 0 -0.903906 -0.427731
    outer loop
      vertex -39.566 0.692909 40.837
      vertex -36.4675 0.661441 40.9035
      vertex -39.5675 0.661441 40.9035
    endloop
  endfacet
  facet normal 0 -0.903906 -0.427731
    outer loop
      vertex -36.4675 0.661441 40.9035
      vertex -39.566 0.692909 40.837
      vertex -36.466 0.692909 40.837
    endloop
  endfacet
  facet normal 0 0.857978 -0.513687
    outer loop
      vertex -39.5675 -0.661441 40.9035
      vertex -36.4694 -0.623602 40.9667
      vertex -36.4675 -0.661441 40.9035
    endloop
  endfacet
  facet normal 0 0.857978 -0.513687
    outer loop
      vertex -36.4694 -0.623602 40.9667
      vertex -39.5675 -0.661441 40.9035
      vertex -39.5694 -0.623602 40.9667
    endloop
  endfacet
  facet normal 0 -0.740734 0.671798
    outer loop
      vertex -36.4739 0.53033 40.0197
      vertex -39.5715 0.579758 40.0742
      vertex -39.5739 0.53033 40.0197
    endloop
  endfacet
  facet normal 0 -0.740734 0.671798
    outer loop
      vertex -39.5715 0.579758 40.0742
      vertex -36.4739 0.53033 40.0197
      vertex -36.4715 0.579758 40.0742
    endloop
  endfacet
  facet normal 0 0.740734 -0.671798
    outer loop
      vertex -39.5715 -0.579758 41.0258
      vertex -36.4739 -0.53033 41.0803
      vertex -36.4715 -0.579758 41.0258
    endloop
  endfacet
  facet normal 0 0.740734 -0.671798
    outer loop
      vertex -36.4739 -0.53033 41.0803
      vertex -39.5715 -0.579758 41.0258
      vertex -39.5739 -0.53033 41.0803
    endloop
  endfacet
  facet normal 0 0.513716 0.85796
    outer loop
      vertex -36.4826 -0.353547 39.8886
      vertex -39.5795 -0.416677 39.9264
      vertex -36.4795 -0.416677 39.9264
    endloop
  endfacet
  facet normal 0 0.513716 0.85796
    outer loop
      vertex -39.5795 -0.416677 39.9264
      vertex -36.4826 -0.353547 39.8886
      vertex -39.5826 -0.353547 39.8886
    endloop
  endfacet
  facet normal 0 -0.970037 -0.242958
    outer loop
      vertex -39.5639 0.735588 40.6963
      vertex -36.4647 0.717705 40.7677
      vertex -39.5647 0.717705 40.7677
    endloop
  endfacet
  facet normal 0 -0.970037 -0.242958
    outer loop
      vertex -36.4647 0.717705 40.7677
      vertex -39.5639 0.735588 40.6963
      vertex -36.4639 0.735588 40.6963
    endloop
  endfacet
  facet normal 0 0.941544 0.336891
    outer loop
      vertex -36.466 -0.692909 40.263
      vertex -39.5647 -0.717705 40.3323
      vertex -36.4647 -0.717705 40.3323
    endloop
  endfacet
  facet normal 0 0.941544 0.336891
    outer loop
      vertex -39.5647 -0.717705 40.3323
      vertex -36.466 -0.692909 40.263
      vertex -39.566 -0.692909 40.263
    endloop
  endfacet
  facet normal 0 0.941544 -0.336891
    outer loop
      vertex -39.5647 -0.717705 40.7677
      vertex -36.466 -0.692909 40.837
      vertex -36.4647 -0.717705 40.7677
    endloop
  endfacet
  facet normal 0 0.941544 -0.336891
    outer loop
      vertex -36.466 -0.692909 40.837
      vertex -39.5647 -0.717705 40.7677
      vertex -39.566 -0.692909 40.837
    endloop
  endfacet
  facet normal 0 -0.513716 -0.85796
    outer loop
      vertex -36.4826 0.353547 41.2114
      vertex -39.5795 0.416677 41.1736
      vertex -36.4795 0.416677 41.1736
    endloop
  endfacet
  facet normal 0 -0.513716 -0.85796
    outer loop
      vertex -39.5795 0.416677 41.1736
      vertex -36.4826 0.353547 41.2114
      vertex -39.5826 0.353547 41.2114
    endloop
  endfacet
  facet normal 0 -0.336943 -0.941525
    outer loop
      vertex -36.4893 0.217713 41.2677
      vertex -39.5859 0.287012 41.2429
      vertex -36.4859 0.287012 41.2429
    endloop
  endfacet
  facet normal 0 -0.336943 -0.941525
    outer loop
      vertex -39.5859 0.287012 41.2429
      vertex -36.4893 0.217713 41.2677
      vertex -39.5893 0.217713 41.2677
    endloop
  endfacet
  facet normal 0 -0.146736 -0.989176
    outer loop
      vertex -36.4964 0.0735121 41.2964
      vertex -39.5928 0.146317 41.2856
      vertex -36.4928 0.146317 41.2856
    endloop
  endfacet
  facet normal 0 -0.146736 -0.989176
    outer loop
      vertex -39.5928 0.146317 41.2856
      vertex -36.4964 0.0735121 41.2964
      vertex -39.5964 0.0735121 41.2964
    endloop
  endfacet
  facet normal 0 -0.672098 -0.740462
    outer loop
      vertex -36.4766 0.475795 41.1298
      vertex -39.5739 0.53033 41.0803
      vertex -36.4739 0.53033 41.0803
    endloop
  endfacet
  facet normal 0 -0.672098 -0.740462
    outer loop
      vertex -39.5739 0.53033 41.0803
      vertex -36.4766 0.475795 41.1298
      vertex -39.5766 0.475795 41.1298
    endloop
  endfacet
  facet normal 0 0.970037 0.242958
    outer loop
      vertex -36.4647 -0.717705 40.3323
      vertex -39.5639 -0.735588 40.4037
      vertex -36.4639 -0.735588 40.4037
    endloop
  endfacet
  facet normal 0 0.970037 0.242958
    outer loop
      vertex -39.5639 -0.735588 40.4037
      vertex -36.4647 -0.717705 40.3323
      vertex -39.5647 -0.717705 40.3323
    endloop
  endfacet
  facet normal 0 -0.803127 -0.595808
    outer loop
      vertex -39.5694 0.623602 40.9667
      vertex -36.4715 0.579758 41.0258
      vertex -39.5715 0.579758 41.0258
    endloop
  endfacet
  facet normal 0 -0.803127 -0.595808
    outer loop
      vertex -36.4715 0.579758 41.0258
      vertex -39.5694 0.623602 40.9667
      vertex -36.4694 0.623602 40.9667
    endloop
  endfacet
  facet normal 0 -0.595306 -0.803499
    outer loop
      vertex -36.4795 0.416677 41.1736
      vertex -39.5766 0.475795 41.1298
      vertex -36.4766 0.475795 41.1298
    endloop
  endfacet
  facet normal 0 -0.595306 -0.803499
    outer loop
      vertex -39.5766 0.475795 41.1298
      vertex -36.4795 0.416677 41.1736
      vertex -39.5795 0.416677 41.1736
    endloop
  endfacet
  facet normal 0 -0.146736 0.989176
    outer loop
      vertex -39.5928 0.146317 39.8144
      vertex -36.4964 0.0735121 39.8036
      vertex -36.4928 0.146317 39.8144
    endloop
  endfacet
  facet normal 0 -0.146736 0.989176
    outer loop
      vertex -36.4964 0.0735121 39.8036
      vertex -39.5928 0.146317 39.8144
      vertex -39.5964 0.0735121 39.8036
    endloop
  endfacet
  facet normal 0 -0.336943 0.941525
    outer loop
      vertex -39.5859 0.287012 39.8571
      vertex -36.4893 0.217713 39.8323
      vertex -36.4859 0.287012 39.8571
    endloop
  endfacet
  facet normal 0 -0.336943 0.941525
    outer loop
      vertex -36.4893 0.217713 39.8323
      vertex -39.5859 0.287012 39.8571
      vertex -39.5893 0.217713 39.8323
    endloop
  endfacet
  facet normal 0 0.595306 -0.803499
    outer loop
      vertex -39.5766 -0.475795 41.1298
      vertex -36.4795 -0.416677 41.1736
      vertex -36.4766 -0.475795 41.1298
    endloop
  endfacet
  facet normal 0 0.595306 -0.803499
    outer loop
      vertex -36.4795 -0.416677 41.1736
      vertex -39.5766 -0.475795 41.1298
      vertex -39.5795 -0.416677 41.1736
    endloop
  endfacet
  facet normal 0 0.336943 -0.941525
    outer loop
      vertex -39.5859 -0.287012 41.2429
      vertex -36.4893 -0.217713 41.2677
      vertex -36.4859 -0.287012 41.2429
    endloop
  endfacet
  facet normal 0 0.336943 -0.941525
    outer loop
      vertex -36.4893 -0.217713 41.2677
      vertex -39.5859 -0.287012 41.2429
      vertex -39.5893 -0.217713 41.2677
    endloop
  endfacet
  facet normal 0 -0.989174 -0.146746
    outer loop
      vertex -39.5633 0.746388 40.6235
      vertex -36.4639 0.735588 40.6963
      vertex -39.5639 0.735588 40.6963
    endloop
  endfacet
  facet normal 0 -0.989174 -0.146746
    outer loop
      vertex -36.4639 0.735588 40.6963
      vertex -39.5633 0.746388 40.6235
      vertex -36.4633 0.746388 40.6235
    endloop
  endfacet
  facet normal 0 0.0489129 -0.998803
    outer loop
      vertex -39.5964 -0.0735121 41.2964
      vertex -36.5 0 41.3
      vertex -36.4964 -0.0735121 41.2964
    endloop
  endfacet
  facet normal 0 0.0489129 -0.998803
    outer loop
      vertex -36.5 0 41.3
      vertex -39.5964 -0.0735121 41.2964
      vertex -39.6 0 41.3
    endloop
  endfacet
  facet normal 0 -0.941544 -0.336891
    outer loop
      vertex -39.5647 0.717705 40.7677
      vertex -36.466 0.692909 40.837
      vertex -39.566 0.692909 40.837
    endloop
  endfacet
  facet normal 0 -0.941544 -0.336891
    outer loop
      vertex -36.466 0.692909 40.837
      vertex -39.5647 0.717705 40.7677
      vertex -36.4647 0.717705 40.7677
    endloop
  endfacet
  facet normal 0 -0.672098 0.740462
    outer loop
      vertex -39.5739 0.53033 40.0197
      vertex -36.4766 0.475795 39.9702
      vertex -36.4739 0.53033 40.0197
    endloop
  endfacet
  facet normal 0 -0.672098 0.740462
    outer loop
      vertex -36.4766 0.475795 39.9702
      vertex -39.5739 0.53033 40.0197
      vertex -39.5766 0.475795 39.9702
    endloop
  endfacet
  facet normal -0.243188 0 0.969979
    outer loop
      vertex 0.146317 -36.4928 12.7144
      vertex 0.217713 -39.5893 12.7323
      vertex 0.217713 -36.4893 12.7323
    endloop
  endfacet
  facet normal -0.243188 0 0.969979
    outer loop
      vertex 0.217713 -39.5893 12.7323
      vertex 0.146317 -36.4928 12.7144
      vertex 0.146317 -39.5928 12.7144
    endloop
  endfacet
  facet normal 0.941544 -0 0.336891
    outer loop
      vertex -0.717705 -39.5647 13.2323
      vertex -0.692909 -36.466 13.163
      vertex -0.717705 -36.4647 13.2323
    endloop
  endfacet
  facet normal 0.941544 0 0.336891
    outer loop
      vertex -0.692909 -36.466 13.163
      vertex -0.717705 -39.5647 13.2323
      vertex -0.692909 -39.566 13.163
    endloop
  endfacet
  facet normal 0.427902 -0 0.903825
    outer loop
      vertex -0.353547 -39.5826 12.7886
      vertex -0.287012 -36.4859 12.7571
      vertex -0.353547 -36.4826 12.7886
    endloop
  endfacet
  facet normal 0.427902 0 0.903825
    outer loop
      vertex -0.287012 -36.4859 12.7571
      vertex -0.353547 -39.5826 12.7886
      vertex -0.287012 -39.5859 12.7571
    endloop
  endfacet
  facet normal -0.0489129 0 0.998803
    outer loop
      vertex 0 -36.5 12.7
      vertex 0.0735121 -39.5964 12.7036
      vertex 0.0735121 -36.4964 12.7036
    endloop
  endfacet
  facet normal -0.0489129 0 0.998803
    outer loop
      vertex 0.0735121 -39.5964 12.7036
      vertex 0 -36.5 12.7
      vertex 0 -39.6 12.7
    endloop
  endfacet
  facet normal -0.803127 0 0.595808
    outer loop
      vertex 0.579758 -36.4715 12.9742
      vertex 0.623602 -39.5694 13.0333
      vertex 0.623602 -36.4694 13.0333
    endloop
  endfacet
  facet normal -0.803127 0 0.595808
    outer loop
      vertex 0.623602 -39.5694 13.0333
      vertex 0.579758 -36.4715 12.9742
      vertex 0.579758 -39.5715 12.9742
    endloop
  endfacet
  facet normal -0.740734 0 0.671798
    outer loop
      vertex 0.53033 -36.4739 12.9197
      vertex 0.579758 -39.5715 12.9742
      vertex 0.579758 -36.4715 12.9742
    endloop
  endfacet
  facet normal -0.740734 0 0.671798
    outer loop
      vertex 0.579758 -39.5715 12.9742
      vertex 0.53033 -36.4739 12.9197
      vertex 0.53033 -39.5739 12.9197
    endloop
  endfacet
  facet normal 0.857978 0 -0.513687
    outer loop
      vertex -0.623602 -36.4694 13.8667
      vertex -0.661441 -39.5675 13.8035
      vertex -0.661441 -36.4675 13.8035
    endloop
  endfacet
  facet normal 0.857978 0 -0.513687
    outer loop
      vertex -0.661441 -39.5675 13.8035
      vertex -0.623602 -36.4694 13.8667
      vertex -0.623602 -39.5694 13.8667
    endloop
  endfacet
  facet normal 0.336943 0 -0.941525
    outer loop
      vertex -0.287012 -39.5859 14.1429
      vertex -0.217713 -36.4893 14.1677
      vertex -0.217713 -39.5893 14.1677
    endloop
  endfacet
  facet normal 0.336943 0 -0.941525
    outer loop
      vertex -0.217713 -36.4893 14.1677
      vertex -0.287012 -39.5859 14.1429
      vertex -0.287012 -36.4859 14.1429
    endloop
  endfacet
  facet normal -0.336943 0 0.941525
    outer loop
      vertex 0.217713 -36.4893 12.7323
      vertex 0.287012 -39.5859 12.7571
      vertex 0.287012 -36.4859 12.7571
    endloop
  endfacet
  facet normal -0.336943 0 0.941525
    outer loop
      vertex 0.287012 -39.5859 12.7571
      vertex 0.217713 -36.4893 12.7323
      vertex 0.217713 -39.5893 12.7323
    endloop
  endfacet
  facet normal -0.998795 0 -0.0490836
    outer loop
      vertex 0.75 -39.5632 13.45
      vertex 0.746388 -36.4633 13.5235
      vertex 0.75 -36.4632 13.45
    endloop
  endfacet
  facet normal -0.998795 -0 -0.0490836
    outer loop
      vertex 0.746388 -36.4633 13.5235
      vertex 0.75 -39.5632 13.45
      vertex 0.746388 -39.5633 13.5235
    endloop
  endfacet
  facet normal 0.998795 -0 0.0490836
    outer loop
      vertex -0.75 -39.5632 13.45
      vertex -0.746388 -36.4633 13.3765
      vertex -0.75 -36.4632 13.45
    endloop
  endfacet
  facet normal 0.998795 0 0.0490836
    outer loop
      vertex -0.746388 -36.4633 13.3765
      vertex -0.75 -39.5632 13.45
      vertex -0.746388 -39.5633 13.3765
    endloop
  endfacet
  facet normal -0.998795 0 0.0490836
    outer loop
      vertex 0.746388 -36.4633 13.3765
      vertex 0.75 -39.5632 13.45
      vertex 0.75 -36.4632 13.45
    endloop
  endfacet
  facet normal -0.998795 0 0.0490836
    outer loop
      vertex 0.75 -39.5632 13.45
      vertex 0.746388 -36.4633 13.3765
      vertex 0.746388 -39.5633 13.3765
    endloop
  endfacet
  facet normal 0.513716 -0 0.85796
    outer loop
      vertex -0.416677 -39.5795 12.8264
      vertex -0.353547 -36.4826 12.7886
      vertex -0.416677 -36.4795 12.8264
    endloop
  endfacet
  facet normal 0.513716 0 0.85796
    outer loop
      vertex -0.353547 -36.4826 12.7886
      vertex -0.416677 -39.5795 12.8264
      vertex -0.353547 -39.5826 12.7886
    endloop
  endfacet
  facet normal -0.513716 -0 -0.85796
    outer loop
      vertex 0.353547 -36.4826 14.1114
      vertex 0.416677 -39.5795 14.0736
      vertex 0.353547 -39.5826 14.1114
    endloop
  endfacet
  facet normal -0.513716 0 -0.85796
    outer loop
      vertex 0.416677 -39.5795 14.0736
      vertex 0.353547 -36.4826 14.1114
      vertex 0.416677 -36.4795 14.0736
    endloop
  endfacet
  facet normal 0.970037 0 -0.242958
    outer loop
      vertex -0.717705 -36.4647 13.6677
      vertex -0.735588 -39.5639 13.5963
      vertex -0.735588 -36.4639 13.5963
    endloop
  endfacet
  facet normal 0.970037 0 -0.242958
    outer loop
      vertex -0.735588 -39.5639 13.5963
      vertex -0.717705 -36.4647 13.6677
      vertex -0.717705 -39.5647 13.6677
    endloop
  endfacet
  facet normal -0.513716 0 0.85796
    outer loop
      vertex 0.353547 -36.4826 12.7886
      vertex 0.416677 -39.5795 12.8264
      vertex 0.416677 -36.4795 12.8264
    endloop
  endfacet
  facet normal -0.513716 0 0.85796
    outer loop
      vertex 0.416677 -39.5795 12.8264
      vertex 0.353547 -36.4826 12.7886
      vertex 0.353547 -39.5826 12.7886
    endloop
  endfacet
  facet normal 0.0489129 0 -0.998803
    outer loop
      vertex -0.0735121 -39.5964 14.1964
      vertex 0 -36.5 14.2
      vertex 0 -39.6 14.2
    endloop
  endfacet
  facet normal 0.0489129 0 -0.998803
    outer loop
      vertex 0 -36.5 14.2
      vertex -0.0735121 -39.5964 14.1964
      vertex -0.0735121 -36.4964 14.1964
    endloop
  endfacet
  facet normal -0.595306 0 0.803499
    outer loop
      vertex 0.416677 -36.4795 12.8264
      vertex 0.475795 -39.5766 12.8702
      vertex 0.475795 -36.4766 12.8702
    endloop
  endfacet
  facet normal -0.595306 0 0.803499
    outer loop
      vertex 0.475795 -39.5766 12.8702
      vertex 0.416677 -36.4795 12.8264
      vertex 0.416677 -39.5795 12.8264
    endloop
  endfacet
  facet normal -0.427902 0 0.903825
    outer loop
      vertex 0.287012 -36.4859 12.7571
      vertex 0.353547 -39.5826 12.7886
      vertex 0.353547 -36.4826 12.7886
    endloop
  endfacet
  facet normal -0.427902 0 0.903825
    outer loop
      vertex 0.353547 -39.5826 12.7886
      vertex 0.287012 -36.4859 12.7571
      vertex 0.287012 -39.5859 12.7571
    endloop
  endfacet
  facet normal 0.243188 -0 0.969979
    outer loop
      vertex -0.217713 -39.5893 12.7323
      vertex -0.146317 -36.4928 12.7144
      vertex -0.217713 -36.4893 12.7323
    endloop
  endfacet
  facet normal 0.243188 0 0.969979
    outer loop
      vertex -0.146317 -36.4928 12.7144
      vertex -0.217713 -39.5893 12.7323
      vertex -0.146317 -39.5928 12.7144
    endloop
  endfacet
  facet normal -0.243188 -0 -0.969979
    outer loop
      vertex 0.146317 -36.4928 14.1856
      vertex 0.217713 -39.5893 14.1677
      vertex 0.146317 -39.5928 14.1856
    endloop
  endfacet
  facet normal -0.243188 0 -0.969979
    outer loop
      vertex 0.217713 -39.5893 14.1677
      vertex 0.146317 -36.4928 14.1856
      vertex 0.217713 -36.4893 14.1677
    endloop
  endfacet
  facet normal -0.903906 0 0.427731
    outer loop
      vertex 0.661441 -36.4675 13.0965
      vertex 0.692909 -39.566 13.163
      vertex 0.692909 -36.466 13.163
    endloop
  endfacet
  facet normal -0.903906 0 0.427731
    outer loop
      vertex 0.692909 -39.566 13.163
      vertex 0.661441 -36.4675 13.0965
      vertex 0.661441 -39.5675 13.0965
    endloop
  endfacet
  facet normal 0.903906 0 -0.427731
    outer loop
      vertex -0.661441 -36.4675 13.8035
      vertex -0.692909 -39.566 13.737
      vertex -0.692909 -36.466 13.737
    endloop
  endfacet
  facet normal 0.903906 0 -0.427731
    outer loop
      vertex -0.692909 -39.566 13.737
      vertex -0.661441 -36.4675 13.8035
      vertex -0.661441 -39.5675 13.8035
    endloop
  endfacet
  facet normal 0.243188 0 -0.969979
    outer loop
      vertex -0.217713 -39.5893 14.1677
      vertex -0.146317 -36.4928 14.1856
      vertex -0.146317 -39.5928 14.1856
    endloop
  endfacet
  facet normal 0.243188 0 -0.969979
    outer loop
      vertex -0.146317 -36.4928 14.1856
      vertex -0.217713 -39.5893 14.1677
      vertex -0.217713 -36.4893 14.1677
    endloop
  endfacet
  facet normal -0.941544 0 0.336891
    outer loop
      vertex 0.692909 -36.466 13.163
      vertex 0.717705 -39.5647 13.2323
      vertex 0.717705 -36.4647 13.2323
    endloop
  endfacet
  facet normal -0.941544 0 0.336891
    outer loop
      vertex 0.717705 -39.5647 13.2323
      vertex 0.692909 -36.466 13.163
      vertex 0.692909 -39.566 13.163
    endloop
  endfacet
  facet normal 0.146736 -0 0.989176
    outer loop
      vertex -0.146317 -39.5928 12.7144
      vertex -0.0735121 -36.4964 12.7036
      vertex -0.146317 -36.4928 12.7144
    endloop
  endfacet
  facet normal 0.146736 0 0.989176
    outer loop
      vertex -0.0735121 -36.4964 12.7036
      vertex -0.146317 -39.5928 12.7144
      vertex -0.0735121 -39.5964 12.7036
    endloop
  endfacet
  facet normal -0.146736 0 0.989176
    outer loop
      vertex 0.0735121 -36.4964 12.7036
      vertex 0.146317 -39.5928 12.7144
      vertex 0.146317 -36.4928 12.7144
    endloop
  endfacet
  facet normal -0.146736 0 0.989176
    outer loop
      vertex 0.146317 -39.5928 12.7144
      vertex 0.0735121 -36.4964 12.7036
      vertex 0.0735121 -39.5964 12.7036
    endloop
  endfacet
  facet normal -0.989174 0 -0.146746
    outer loop
      vertex 0.746388 -39.5633 13.5235
      vertex 0.735588 -36.4639 13.5963
      vertex 0.746388 -36.4633 13.5235
    endloop
  endfacet
  facet normal -0.989174 -0 -0.146746
    outer loop
      vertex 0.735588 -36.4639 13.5963
      vertex 0.746388 -39.5633 13.5235
      vertex 0.735588 -39.5639 13.5963
    endloop
  endfacet
  facet normal 0.903906 -0 0.427731
    outer loop
      vertex -0.692909 -39.566 13.163
      vertex -0.661441 -36.4675 13.0965
      vertex -0.692909 -36.466 13.163
    endloop
  endfacet
  facet normal 0.903906 0 0.427731
    outer loop
      vertex -0.661441 -36.4675 13.0965
      vertex -0.692909 -39.566 13.163
      vertex -0.661441 -39.5675 13.0965
    endloop
  endfacet
  facet normal -0.740734 0 -0.671798
    outer loop
      vertex 0.579758 -39.5715 13.9258
      vertex 0.53033 -36.4739 13.9803
      vertex 0.579758 -36.4715 13.9258
    endloop
  endfacet
  facet normal -0.740734 -0 -0.671798
    outer loop
      vertex 0.53033 -36.4739 13.9803
      vertex 0.579758 -39.5715 13.9258
      vertex 0.53033 -39.5739 13.9803
    endloop
  endfacet
  facet normal -0.803127 0 -0.595808
    outer loop
      vertex 0.623602 -39.5694 13.8667
      vertex 0.579758 -36.4715 13.9258
      vertex 0.623602 -36.4694 13.8667
    endloop
  endfacet
  facet normal -0.803127 -0 -0.595808
    outer loop
      vertex 0.579758 -36.4715 13.9258
      vertex 0.623602 -39.5694 13.8667
      vertex 0.579758 -39.5715 13.9258
    endloop
  endfacet
  facet normal -0.970037 0 0.242958
    outer loop
      vertex 0.717705 -36.4647 13.2323
      vertex 0.735588 -39.5639 13.3037
      vertex 0.735588 -36.4639 13.3037
    endloop
  endfacet
  facet normal -0.970037 0 0.242958
    outer loop
      vertex 0.735588 -39.5639 13.3037
      vertex 0.717705 -36.4647 13.2323
      vertex 0.717705 -39.5647 13.2323
    endloop
  endfacet
  facet normal -0.672098 -0 -0.740462
    outer loop
      vertex 0.475795 -36.4766 14.0298
      vertex 0.53033 -39.5739 13.9803
      vertex 0.475795 -39.5766 14.0298
    endloop
  endfacet
  facet normal -0.672098 0 -0.740462
    outer loop
      vertex 0.53033 -39.5739 13.9803
      vertex 0.475795 -36.4766 14.0298
      vertex 0.53033 -36.4739 13.9803
    endloop
  endfacet
  facet normal 0.0489129 -0 0.998803
    outer loop
      vertex -0.0735121 -39.5964 12.7036
      vertex 0 -36.5 12.7
      vertex -0.0735121 -36.4964 12.7036
    endloop
  endfacet
  facet normal 0.0489129 0 0.998803
    outer loop
      vertex 0 -36.5 12.7
      vertex -0.0735121 -39.5964 12.7036
      vertex 0 -39.6 12.7
    endloop
  endfacet
  facet normal -0.903906 0 -0.427731
    outer loop
      vertex 0.692909 -39.566 13.737
      vertex 0.661441 -36.4675 13.8035
      vertex 0.692909 -36.466 13.737
    endloop
  endfacet
  facet normal -0.903906 -0 -0.427731
    outer loop
      vertex 0.661441 -36.4675 13.8035
      vertex 0.692909 -39.566 13.737
      vertex 0.661441 -39.5675 13.8035
    endloop
  endfacet
  facet normal -0.857978 0 0.513687
    outer loop
      vertex 0.623602 -36.4694 13.0333
      vertex 0.661441 -39.5675 13.0965
      vertex 0.661441 -36.4675 13.0965
    endloop
  endfacet
  facet normal -0.857978 0 0.513687
    outer loop
      vertex 0.661441 -39.5675 13.0965
      vertex 0.623602 -36.4694 13.0333
      vertex 0.623602 -39.5694 13.0333
    endloop
  endfacet
  facet normal 0.989174 -0 0.146746
    outer loop
      vertex -0.746388 -39.5633 13.3765
      vertex -0.735588 -36.4639 13.3037
      vertex -0.746388 -36.4633 13.3765
    endloop
  endfacet
  facet normal 0.989174 0 0.146746
    outer loop
      vertex -0.735588 -36.4639 13.3037
      vertex -0.746388 -39.5633 13.3765
      vertex -0.735588 -39.5639 13.3037
    endloop
  endfacet
  facet normal 0.672098 -0 0.740462
    outer loop
      vertex -0.53033 -39.5739 12.9197
      vertex -0.475795 -36.4766 12.8702
      vertex -0.53033 -36.4739 12.9197
    endloop
  endfacet
  facet normal 0.672098 0 0.740462
    outer loop
      vertex -0.475795 -36.4766 12.8702
      vertex -0.53033 -39.5739 12.9197
      vertex -0.475795 -39.5766 12.8702
    endloop
  endfacet
  facet normal 0.595306 -0 0.803499
    outer loop
      vertex -0.475795 -39.5766 12.8702
      vertex -0.416677 -36.4795 12.8264
      vertex -0.475795 -36.4766 12.8702
    endloop
  endfacet
  facet normal 0.595306 0 0.803499
    outer loop
      vertex -0.416677 -36.4795 12.8264
      vertex -0.475795 -39.5766 12.8702
      vertex -0.416677 -39.5795 12.8264
    endloop
  endfacet
  facet normal 0.970037 -0 0.242958
    outer loop
      vertex -0.735588 -39.5639 13.3037
      vertex -0.717705 -36.4647 13.2323
      vertex -0.735588 -36.4639 13.3037
    endloop
  endfacet
  facet normal 0.970037 0 0.242958
    outer loop
      vertex -0.717705 -36.4647 13.2323
      vertex -0.735588 -39.5639 13.3037
      vertex -0.717705 -39.5647 13.2323
    endloop
  endfacet
  facet normal 0.336943 -0 0.941525
    outer loop
      vertex -0.287012 -39.5859 12.7571
      vertex -0.217713 -36.4893 12.7323
      vertex -0.287012 -36.4859 12.7571
    endloop
  endfacet
  facet normal 0.336943 0 0.941525
    outer loop
      vertex -0.217713 -36.4893 12.7323
      vertex -0.287012 -39.5859 12.7571
      vertex -0.217713 -39.5893 12.7323
    endloop
  endfacet
  facet normal -0.970037 0 -0.242958
    outer loop
      vertex 0.735588 -39.5639 13.5963
      vertex 0.717705 -36.4647 13.6677
      vertex 0.735588 -36.4639 13.5963
    endloop
  endfacet
  facet normal -0.970037 -0 -0.242958
    outer loop
      vertex 0.717705 -36.4647 13.6677
      vertex 0.735588 -39.5639 13.5963
      vertex 0.717705 -39.5647 13.6677
    endloop
  endfacet
  facet normal -0.989174 0 0.146746
    outer loop
      vertex 0.735588 -36.4639 13.3037
      vertex 0.746388 -39.5633 13.3765
      vertex 0.746388 -36.4633 13.3765
    endloop
  endfacet
  facet normal -0.989174 0 0.146746
    outer loop
      vertex 0.746388 -39.5633 13.3765
      vertex 0.735588 -36.4639 13.3037
      vertex 0.735588 -39.5639 13.3037
    endloop
  endfacet
  facet normal -0.146736 -0 -0.989176
    outer loop
      vertex 0.0735121 -36.4964 14.1964
      vertex 0.146317 -39.5928 14.1856
      vertex 0.0735121 -39.5964 14.1964
    endloop
  endfacet
  facet normal -0.146736 0 -0.989176
    outer loop
      vertex 0.146317 -39.5928 14.1856
      vertex 0.0735121 -36.4964 14.1964
      vertex 0.146317 -36.4928 14.1856
    endloop
  endfacet
  facet normal 0.427902 0 -0.903825
    outer loop
      vertex -0.353547 -39.5826 14.1114
      vertex -0.287012 -36.4859 14.1429
      vertex -0.287012 -39.5859 14.1429
    endloop
  endfacet
  facet normal 0.427902 0 -0.903825
    outer loop
      vertex -0.287012 -36.4859 14.1429
      vertex -0.353547 -39.5826 14.1114
      vertex -0.353547 -36.4826 14.1114
    endloop
  endfacet
  facet normal 0.513716 0 -0.85796
    outer loop
      vertex -0.416677 -39.5795 14.0736
      vertex -0.353547 -36.4826 14.1114
      vertex -0.353547 -39.5826 14.1114
    endloop
  endfacet
  facet normal 0.513716 0 -0.85796
    outer loop
      vertex -0.353547 -36.4826 14.1114
      vertex -0.416677 -39.5795 14.0736
      vertex -0.416677 -36.4795 14.0736
    endloop
  endfacet
  facet normal -0.941544 0 -0.336891
    outer loop
      vertex 0.717705 -39.5647 13.6677
      vertex 0.692909 -36.466 13.737
      vertex 0.717705 -36.4647 13.6677
    endloop
  endfacet
  facet normal -0.941544 -0 -0.336891
    outer loop
      vertex 0.692909 -36.466 13.737
      vertex 0.717705 -39.5647 13.6677
      vertex 0.692909 -39.566 13.737
    endloop
  endfacet
  facet normal -0.336943 -0 -0.941525
    outer loop
      vertex 0.217713 -36.4893 14.1677
      vertex 0.287012 -39.5859 14.1429
      vertex 0.217713 -39.5893 14.1677
    endloop
  endfacet
  facet normal -0.336943 0 -0.941525
    outer loop
      vertex 0.287012 -39.5859 14.1429
      vertex 0.217713 -36.4893 14.1677
      vertex 0.287012 -36.4859 14.1429
    endloop
  endfacet
  facet normal 0.803127 -0 0.595808
    outer loop
      vertex -0.623602 -39.5694 13.0333
      vertex -0.579758 -36.4715 12.9742
      vertex -0.623602 -36.4694 13.0333
    endloop
  endfacet
  facet normal 0.803127 0 0.595808
    outer loop
      vertex -0.579758 -36.4715 12.9742
      vertex -0.623602 -39.5694 13.0333
      vertex -0.579758 -39.5715 12.9742
    endloop
  endfacet
  facet normal -0.672098 0 0.740462
    outer loop
      vertex 0.475795 -36.4766 12.8702
      vertex 0.53033 -39.5739 12.9197
      vertex 0.53033 -36.4739 12.9197
    endloop
  endfacet
  facet normal -0.672098 0 0.740462
    outer loop
      vertex 0.53033 -39.5739 12.9197
      vertex 0.475795 -36.4766 12.8702
      vertex 0.475795 -39.5766 12.8702
    endloop
  endfacet
  facet normal 0.146736 0 -0.989176
    outer loop
      vertex -0.146317 -39.5928 14.1856
      vertex -0.0735121 -36.4964 14.1964
      vertex -0.0735121 -39.5964 14.1964
    endloop
  endfacet
  facet normal 0.146736 0 -0.989176
    outer loop
      vertex -0.0735121 -36.4964 14.1964
      vertex -0.146317 -39.5928 14.1856
      vertex -0.146317 -36.4928 14.1856
    endloop
  endfacet
  facet normal 0.672098 0 -0.740462
    outer loop
      vertex -0.53033 -39.5739 13.9803
      vertex -0.475795 -36.4766 14.0298
      vertex -0.475795 -39.5766 14.0298
    endloop
  endfacet
  facet normal 0.672098 0 -0.740462
    outer loop
      vertex -0.475795 -36.4766 14.0298
      vertex -0.53033 -39.5739 13.9803
      vertex -0.53033 -36.4739 13.9803
    endloop
  endfacet
  facet normal 0.595306 0 -0.803499
    outer loop
      vertex -0.475795 -39.5766 14.0298
      vertex -0.416677 -36.4795 14.0736
      vertex -0.416677 -39.5795 14.0736
    endloop
  endfacet
  facet normal 0.595306 0 -0.803499
    outer loop
      vertex -0.416677 -36.4795 14.0736
      vertex -0.475795 -39.5766 14.0298
      vertex -0.475795 -36.4766 14.0298
    endloop
  endfacet
  facet normal -0.857978 0 -0.513687
    outer loop
      vertex 0.661441 -39.5675 13.8035
      vertex 0.623602 -36.4694 13.8667
      vertex 0.661441 -36.4675 13.8035
    endloop
  endfacet
  facet normal -0.857978 -0 -0.513687
    outer loop
      vertex 0.623602 -36.4694 13.8667
      vertex 0.661441 -39.5675 13.8035
      vertex 0.623602 -39.5694 13.8667
    endloop
  endfacet
  facet normal -0.427902 -0 -0.903825
    outer loop
      vertex 0.287012 -36.4859 14.1429
      vertex 0.353547 -39.5826 14.1114
      vertex 0.287012 -39.5859 14.1429
    endloop
  endfacet
  facet normal -0.427902 0 -0.903825
    outer loop
      vertex 0.353547 -39.5826 14.1114
      vertex 0.287012 -36.4859 14.1429
      vertex 0.353547 -36.4826 14.1114
    endloop
  endfacet
  facet normal 0.857978 -0 0.513687
    outer loop
      vertex -0.661441 -39.5675 13.0965
      vertex -0.623602 -36.4694 13.0333
      vertex -0.661441 -36.4675 13.0965
    endloop
  endfacet
  facet normal 0.857978 0 0.513687
    outer loop
      vertex -0.623602 -36.4694 13.0333
      vertex -0.661441 -39.5675 13.0965
      vertex -0.623602 -39.5694 13.0333
    endloop
  endfacet
  facet normal 0.803127 0 -0.595808
    outer loop
      vertex -0.579758 -36.4715 13.9258
      vertex -0.623602 -39.5694 13.8667
      vertex -0.623602 -36.4694 13.8667
    endloop
  endfacet
  facet normal 0.803127 0 -0.595808
    outer loop
      vertex -0.623602 -39.5694 13.8667
      vertex -0.579758 -36.4715 13.9258
      vertex -0.579758 -39.5715 13.9258
    endloop
  endfacet
  facet normal 0.740734 0 -0.671798
    outer loop
      vertex -0.53033 -36.4739 13.9803
      vertex -0.579758 -39.5715 13.9258
      vertex -0.579758 -36.4715 13.9258
    endloop
  endfacet
  facet normal 0.740734 0 -0.671798
    outer loop
      vertex -0.579758 -39.5715 13.9258
      vertex -0.53033 -36.4739 13.9803
      vertex -0.53033 -39.5739 13.9803
    endloop
  endfacet
  facet normal -0.595306 -0 -0.803499
    outer loop
      vertex 0.416677 -36.4795 14.0736
      vertex 0.475795 -39.5766 14.0298
      vertex 0.416677 -39.5795 14.0736
    endloop
  endfacet
  facet normal -0.595306 0 -0.803499
    outer loop
      vertex 0.475795 -39.5766 14.0298
      vertex 0.416677 -36.4795 14.0736
      vertex 0.475795 -36.4766 14.0298
    endloop
  endfacet
  facet normal 0.998795 0 -0.0490836
    outer loop
      vertex -0.746388 -36.4633 13.5235
      vertex -0.75 -39.5632 13.45
      vertex -0.75 -36.4632 13.45
    endloop
  endfacet
  facet normal 0.998795 0 -0.0490836
    outer loop
      vertex -0.75 -39.5632 13.45
      vertex -0.746388 -36.4633 13.5235
      vertex -0.746388 -39.5633 13.5235
    endloop
  endfacet
  facet normal 0.989174 0 -0.146746
    outer loop
      vertex -0.735588 -36.4639 13.5963
      vertex -0.746388 -39.5633 13.5235
      vertex -0.746388 -36.4633 13.5235
    endloop
  endfacet
  facet normal 0.989174 0 -0.146746
    outer loop
      vertex -0.746388 -39.5633 13.5235
      vertex -0.735588 -36.4639 13.5963
      vertex -0.735588 -39.5639 13.5963
    endloop
  endfacet
  facet normal -0.0489129 -0 -0.998803
    outer loop
      vertex 0 -36.5 14.2
      vertex 0.0735121 -39.5964 14.1964
      vertex 0 -39.6 14.2
    endloop
  endfacet
  facet normal -0.0489129 0 -0.998803
    outer loop
      vertex 0.0735121 -39.5964 14.1964
      vertex 0 -36.5 14.2
      vertex 0.0735121 -36.4964 14.1964
    endloop
  endfacet
  facet normal 0.941544 0 -0.336891
    outer loop
      vertex -0.692909 -36.466 13.737
      vertex -0.717705 -39.5647 13.6677
      vertex -0.717705 -36.4647 13.6677
    endloop
  endfacet
  facet normal 0.941544 0 -0.336891
    outer loop
      vertex -0.717705 -39.5647 13.6677
      vertex -0.692909 -36.466 13.737
      vertex -0.692909 -39.566 13.737
    endloop
  endfacet
  facet normal 0.740734 -0 0.671798
    outer loop
      vertex -0.579758 -39.5715 12.9742
      vertex -0.53033 -36.4739 12.9197
      vertex -0.579758 -36.4715 12.9742
    endloop
  endfacet
  facet normal 0.740734 0 0.671798
    outer loop
      vertex -0.53033 -36.4739 12.9197
      vertex -0.579758 -39.5715 12.9742
      vertex -0.53033 -39.5739 12.9197
    endloop
  endfacet
  facet normal -0.903906 0 -0.427731
    outer loop
      vertex 0.692909 -39.566 40.837
      vertex 0.661441 -36.4675 40.9035
      vertex 0.692909 -36.466 40.837
    endloop
  endfacet
  facet normal -0.903906 -0 -0.427731
    outer loop
      vertex 0.661441 -36.4675 40.9035
      vertex 0.692909 -39.566 40.837
      vertex 0.661441 -39.5675 40.9035
    endloop
  endfacet
  facet normal -0.243188 0 0.969979
    outer loop
      vertex 0.146317 -36.4928 39.8144
      vertex 0.217713 -39.5893 39.8323
      vertex 0.217713 -36.4893 39.8323
    endloop
  endfacet
  facet normal -0.243188 0 0.969979
    outer loop
      vertex 0.217713 -39.5893 39.8323
      vertex 0.146317 -36.4928 39.8144
      vertex 0.146317 -39.5928 39.8144
    endloop
  endfacet
  facet normal 0.903906 -0 0.427731
    outer loop
      vertex -0.692909 -39.566 40.263
      vertex -0.661441 -36.4675 40.1965
      vertex -0.692909 -36.466 40.263
    endloop
  endfacet
  facet normal 0.903906 0 0.427731
    outer loop
      vertex -0.661441 -36.4675 40.1965
      vertex -0.692909 -39.566 40.263
      vertex -0.661441 -39.5675 40.1965
    endloop
  endfacet
  facet normal 0.970037 -0 0.242958
    outer loop
      vertex -0.735588 -39.5639 40.4037
      vertex -0.717705 -36.4647 40.3323
      vertex -0.735588 -36.4639 40.4037
    endloop
  endfacet
  facet normal 0.970037 0 0.242958
    outer loop
      vertex -0.717705 -36.4647 40.3323
      vertex -0.735588 -39.5639 40.4037
      vertex -0.717705 -39.5647 40.3323
    endloop
  endfacet
  facet normal -0.595306 0 0.803499
    outer loop
      vertex 0.416677 -36.4795 39.9264
      vertex 0.475795 -39.5766 39.9702
      vertex 0.475795 -36.4766 39.9702
    endloop
  endfacet
  facet normal -0.595306 0 0.803499
    outer loop
      vertex 0.475795 -39.5766 39.9702
      vertex 0.416677 -36.4795 39.9264
      vertex 0.416677 -39.5795 39.9264
    endloop
  endfacet
  facet normal -0.0489129 0 0.998803
    outer loop
      vertex 0 -36.5 39.8
      vertex 0.0735121 -39.5964 39.8036
      vertex 0.0735121 -36.4964 39.8036
    endloop
  endfacet
  facet normal -0.0489129 0 0.998803
    outer loop
      vertex 0.0735121 -39.5964 39.8036
      vertex 0 -36.5 39.8
      vertex 0 -39.6 39.8
    endloop
  endfacet
  facet normal -0.998795 0 0.0490836
    outer loop
      vertex 0.746388 -36.4633 40.4765
      vertex 0.75 -39.5632 40.55
      vertex 0.75 -36.4632 40.55
    endloop
  endfacet
  facet normal -0.998795 0 0.0490836
    outer loop
      vertex 0.75 -39.5632 40.55
      vertex 0.746388 -36.4633 40.4765
      vertex 0.746388 -39.5633 40.4765
    endloop
  endfacet
  facet normal -0.803127 0 0.595808
    outer loop
      vertex 0.579758 -36.4715 40.0742
      vertex 0.623602 -39.5694 40.1333
      vertex 0.623602 -36.4694 40.1333
    endloop
  endfacet
  facet normal -0.803127 0 0.595808
    outer loop
      vertex 0.623602 -39.5694 40.1333
      vertex 0.579758 -36.4715 40.0742
      vertex 0.579758 -39.5715 40.0742
    endloop
  endfacet
  facet normal 0.998795 -0 0.0490836
    outer loop
      vertex -0.75 -39.5632 40.55
      vertex -0.746388 -36.4633 40.4765
      vertex -0.75 -36.4632 40.55
    endloop
  endfacet
  facet normal 0.998795 0 0.0490836
    outer loop
      vertex -0.746388 -36.4633 40.4765
      vertex -0.75 -39.5632 40.55
      vertex -0.746388 -39.5633 40.4765
    endloop
  endfacet
  facet normal 0.857978 -0 0.513687
    outer loop
      vertex -0.661441 -39.5675 40.1965
      vertex -0.623602 -36.4694 40.1333
      vertex -0.661441 -36.4675 40.1965
    endloop
  endfacet
  facet normal 0.857978 0 0.513687
    outer loop
      vertex -0.623602 -36.4694 40.1333
      vertex -0.661441 -39.5675 40.1965
      vertex -0.623602 -39.5694 40.1333
    endloop
  endfacet
  facet normal 0.803127 -0 0.595808
    outer loop
      vertex -0.623602 -39.5694 40.1333
      vertex -0.579758 -36.4715 40.0742
      vertex -0.623602 -36.4694 40.1333
    endloop
  endfacet
  facet normal 0.803127 0 0.595808
    outer loop
      vertex -0.579758 -36.4715 40.0742
      vertex -0.623602 -39.5694 40.1333
      vertex -0.579758 -39.5715 40.0742
    endloop
  endfacet
  facet normal -0.970037 0 -0.242958
    outer loop
      vertex 0.735588 -39.5639 40.6963
      vertex 0.717705 -36.4647 40.7677
      vertex 0.735588 -36.4639 40.6963
    endloop
  endfacet
  facet normal -0.970037 -0 -0.242958
    outer loop
      vertex 0.717705 -36.4647 40.7677
      vertex 0.735588 -39.5639 40.6963
      vertex 0.717705 -39.5647 40.7677
    endloop
  endfacet
  facet normal 0.427902 0 -0.903825
    outer loop
      vertex -0.353547 -39.5826 41.2114
      vertex -0.287012 -36.4859 41.2429
      vertex -0.287012 -39.5859 41.2429
    endloop
  endfacet
  facet normal 0.427902 0 -0.903825
    outer loop
      vertex -0.287012 -36.4859 41.2429
      vertex -0.353547 -39.5826 41.2114
      vertex -0.353547 -36.4826 41.2114
    endloop
  endfacet
  facet normal 0.595306 -0 0.803499
    outer loop
      vertex -0.475795 -39.5766 39.9702
      vertex -0.416677 -36.4795 39.9264
      vertex -0.475795 -36.4766 39.9702
    endloop
  endfacet
  facet normal 0.595306 0 0.803499
    outer loop
      vertex -0.416677 -36.4795 39.9264
      vertex -0.475795 -39.5766 39.9702
      vertex -0.416677 -39.5795 39.9264
    endloop
  endfacet
  facet normal 0.857978 0 -0.513687
    outer loop
      vertex -0.623602 -36.4694 40.9667
      vertex -0.661441 -39.5675 40.9035
      vertex -0.661441 -36.4675 40.9035
    endloop
  endfacet
  facet normal 0.857978 0 -0.513687
    outer loop
      vertex -0.661441 -39.5675 40.9035
      vertex -0.623602 -36.4694 40.9667
      vertex -0.623602 -39.5694 40.9667
    endloop
  endfacet
  facet normal 0.427902 -0 0.903825
    outer loop
      vertex -0.353547 -39.5826 39.8886
      vertex -0.287012 -36.4859 39.8571
      vertex -0.353547 -36.4826 39.8886
    endloop
  endfacet
  facet normal 0.427902 0 0.903825
    outer loop
      vertex -0.287012 -36.4859 39.8571
      vertex -0.353547 -39.5826 39.8886
      vertex -0.287012 -39.5859 39.8571
    endloop
  endfacet
  facet normal -0.903906 0 0.427731
    outer loop
      vertex 0.661441 -36.4675 40.1965
      vertex 0.692909 -39.566 40.263
      vertex 0.692909 -36.466 40.263
    endloop
  endfacet
  facet normal -0.903906 0 0.427731
    outer loop
      vertex 0.692909 -39.566 40.263
      vertex 0.661441 -36.4675 40.1965
      vertex 0.661441 -39.5675 40.1965
    endloop
  endfacet
  facet normal -0.146736 -0 -0.989176
    outer loop
      vertex 0.0735121 -36.4964 41.2964
      vertex 0.146317 -39.5928 41.2856
      vertex 0.0735121 -39.5964 41.2964
    endloop
  endfacet
  facet normal -0.146736 0 -0.989176
    outer loop
      vertex 0.146317 -39.5928 41.2856
      vertex 0.0735121 -36.4964 41.2964
      vertex 0.146317 -36.4928 41.2856
    endloop
  endfacet
  facet normal -0.803127 0 -0.595808
    outer loop
      vertex 0.623602 -39.5694 40.9667
      vertex 0.579758 -36.4715 41.0258
      vertex 0.623602 -36.4694 40.9667
    endloop
  endfacet
  facet normal -0.803127 -0 -0.595808
    outer loop
      vertex 0.579758 -36.4715 41.0258
      vertex 0.623602 -39.5694 40.9667
      vertex 0.579758 -39.5715 41.0258
    endloop
  endfacet
  facet normal 0.243188 0 -0.969979
    outer loop
      vertex -0.217713 -39.5893 41.2677
      vertex -0.146317 -36.4928 41.2856
      vertex -0.146317 -39.5928 41.2856
    endloop
  endfacet
  facet normal 0.243188 0 -0.969979
    outer loop
      vertex -0.146317 -36.4928 41.2856
      vertex -0.217713 -39.5893 41.2677
      vertex -0.217713 -36.4893 41.2677
    endloop
  endfacet
  facet normal 0.998795 0 -0.0490836
    outer loop
      vertex -0.746388 -36.4633 40.6235
      vertex -0.75 -39.5632 40.55
      vertex -0.75 -36.4632 40.55
    endloop
  endfacet
  facet normal 0.998795 0 -0.0490836
    outer loop
      vertex -0.75 -39.5632 40.55
      vertex -0.746388 -36.4633 40.6235
      vertex -0.746388 -39.5633 40.6235
    endloop
  endfacet
  facet normal -0.146736 0 0.989176
    outer loop
      vertex 0.0735121 -36.4964 39.8036
      vertex 0.146317 -39.5928 39.8144
      vertex 0.146317 -36.4928 39.8144
    endloop
  endfacet
  facet normal -0.146736 0 0.989176
    outer loop
      vertex 0.146317 -39.5928 39.8144
      vertex 0.0735121 -36.4964 39.8036
      vertex 0.0735121 -39.5964 39.8036
    endloop
  endfacet
  facet normal -0.672098 0 0.740462
    outer loop
      vertex 0.475795 -36.4766 39.9702
      vertex 0.53033 -39.5739 40.0197
      vertex 0.53033 -36.4739 40.0197
    endloop
  endfacet
  facet normal -0.672098 0 0.740462
    outer loop
      vertex 0.53033 -39.5739 40.0197
      vertex 0.475795 -36.4766 39.9702
      vertex 0.475795 -39.5766 39.9702
    endloop
  endfacet
  facet normal 0.0489129 -0 0.998803
    outer loop
      vertex -0.0735121 -39.5964 39.8036
      vertex 0 -36.5 39.8
      vertex -0.0735121 -36.4964 39.8036
    endloop
  endfacet
  facet normal 0.0489129 0 0.998803
    outer loop
      vertex 0 -36.5 39.8
      vertex -0.0735121 -39.5964 39.8036
      vertex 0 -39.6 39.8
    endloop
  endfacet
  facet normal 0.0489129 0 -0.998803
    outer loop
      vertex -0.0735121 -39.5964 41.2964
      vertex 0 -36.5 41.3
      vertex 0 -39.6 41.3
    endloop
  endfacet
  facet normal 0.0489129 0 -0.998803
    outer loop
      vertex 0 -36.5 41.3
      vertex -0.0735121 -39.5964 41.2964
      vertex -0.0735121 -36.4964 41.2964
    endloop
  endfacet
  facet normal -0.336943 0 0.941525
    outer loop
      vertex 0.217713 -36.4893 39.8323
      vertex 0.287012 -39.5859 39.8571
      vertex 0.287012 -36.4859 39.8571
    endloop
  endfacet
  facet normal -0.336943 0 0.941525
    outer loop
      vertex 0.287012 -39.5859 39.8571
      vertex 0.217713 -36.4893 39.8323
      vertex 0.217713 -39.5893 39.8323
    endloop
  endfacet
  facet normal -0.989174 0 0.146746
    outer loop
      vertex 0.735588 -36.4639 40.4037
      vertex 0.746388 -39.5633 40.4765
      vertex 0.746388 -36.4633 40.4765
    endloop
  endfacet
  facet normal -0.989174 0 0.146746
    outer loop
      vertex 0.746388 -39.5633 40.4765
      vertex 0.735588 -36.4639 40.4037
      vertex 0.735588 -39.5639 40.4037
    endloop
  endfacet
  facet normal -0.740734 0 0.671798
    outer loop
      vertex 0.53033 -36.4739 40.0197
      vertex 0.579758 -39.5715 40.0742
      vertex 0.579758 -36.4715 40.0742
    endloop
  endfacet
  facet normal -0.740734 0 0.671798
    outer loop
      vertex 0.579758 -39.5715 40.0742
      vertex 0.53033 -36.4739 40.0197
      vertex 0.53033 -39.5739 40.0197
    endloop
  endfacet
  facet normal -0.998795 0 -0.0490836
    outer loop
      vertex 0.75 -39.5632 40.55
      vertex 0.746388 -36.4633 40.6235
      vertex 0.75 -36.4632 40.55
    endloop
  endfacet
  facet normal -0.998795 -0 -0.0490836
    outer loop
      vertex 0.746388 -36.4633 40.6235
      vertex 0.75 -39.5632 40.55
      vertex 0.746388 -39.5633 40.6235
    endloop
  endfacet
  facet normal -0.672098 -0 -0.740462
    outer loop
      vertex 0.475795 -36.4766 41.1298
      vertex 0.53033 -39.5739 41.0803
      vertex 0.475795 -39.5766 41.1298
    endloop
  endfacet
  facet normal -0.672098 0 -0.740462
    outer loop
      vertex 0.53033 -39.5739 41.0803
      vertex 0.475795 -36.4766 41.1298
      vertex 0.53033 -36.4739 41.0803
    endloop
  endfacet
  facet normal 0.243188 -0 0.969979
    outer loop
      vertex -0.217713 -39.5893 39.8323
      vertex -0.146317 -36.4928 39.8144
      vertex -0.217713 -36.4893 39.8323
    endloop
  endfacet
  facet normal 0.243188 0 0.969979
    outer loop
      vertex -0.146317 -36.4928 39.8144
      vertex -0.217713 -39.5893 39.8323
      vertex -0.146317 -39.5928 39.8144
    endloop
  endfacet
  facet normal -0.513716 -0 -0.85796
    outer loop
      vertex 0.353547 -36.4826 41.2114
      vertex 0.416677 -39.5795 41.1736
      vertex 0.353547 -39.5826 41.2114
    endloop
  endfacet
  facet normal -0.513716 0 -0.85796
    outer loop
      vertex 0.416677 -39.5795 41.1736
      vertex 0.353547 -36.4826 41.2114
      vertex 0.416677 -36.4795 41.1736
    endloop
  endfacet
  facet normal -0.427902 0 0.903825
    outer loop
      vertex 0.287012 -36.4859 39.8571
      vertex 0.353547 -39.5826 39.8886
      vertex 0.353547 -36.4826 39.8886
    endloop
  endfacet
  facet normal -0.427902 0 0.903825
    outer loop
      vertex 0.353547 -39.5826 39.8886
      vertex 0.287012 -36.4859 39.8571
      vertex 0.287012 -39.5859 39.8571
    endloop
  endfacet
  facet normal 0.941544 -0 0.336891
    outer loop
      vertex -0.717705 -39.5647 40.3323
      vertex -0.692909 -36.466 40.263
      vertex -0.717705 -36.4647 40.3323
    endloop
  endfacet
  facet normal 0.941544 0 0.336891
    outer loop
      vertex -0.692909 -36.466 40.263
      vertex -0.717705 -39.5647 40.3323
      vertex -0.692909 -39.566 40.263
    endloop
  endfacet
  facet normal -0.989174 0 -0.146746
    outer loop
      vertex 0.746388 -39.5633 40.6235
      vertex 0.735588 -36.4639 40.6963
      vertex 0.746388 -36.4633 40.6235
    endloop
  endfacet
  facet normal -0.989174 -0 -0.146746
    outer loop
      vertex 0.735588 -36.4639 40.6963
      vertex 0.746388 -39.5633 40.6235
      vertex 0.735588 -39.5639 40.6963
    endloop
  endfacet
  facet normal -0.427902 -0 -0.903825
    outer loop
      vertex 0.287012 -36.4859 41.2429
      vertex 0.353547 -39.5826 41.2114
      vertex 0.287012 -39.5859 41.2429
    endloop
  endfacet
  facet normal -0.427902 0 -0.903825
    outer loop
      vertex 0.353547 -39.5826 41.2114
      vertex 0.287012 -36.4859 41.2429
      vertex 0.353547 -36.4826 41.2114
    endloop
  endfacet
  facet normal 0.740734 0 -0.671798
    outer loop
      vertex -0.53033 -36.4739 41.0803
      vertex -0.579758 -39.5715 41.0258
      vertex -0.579758 -36.4715 41.0258
    endloop
  endfacet
  facet normal 0.740734 0 -0.671798
    outer loop
      vertex -0.579758 -39.5715 41.0258
      vertex -0.53033 -36.4739 41.0803
      vertex -0.53033 -39.5739 41.0803
    endloop
  endfacet
  facet normal -0.243188 -0 -0.969979
    outer loop
      vertex 0.146317 -36.4928 41.2856
      vertex 0.217713 -39.5893 41.2677
      vertex 0.146317 -39.5928 41.2856
    endloop
  endfacet
  facet normal -0.243188 0 -0.969979
    outer loop
      vertex 0.217713 -39.5893 41.2677
      vertex 0.146317 -36.4928 41.2856
      vertex 0.217713 -36.4893 41.2677
    endloop
  endfacet
  facet normal 0.989174 -0 0.146746
    outer loop
      vertex -0.746388 -39.5633 40.4765
      vertex -0.735588 -36.4639 40.4037
      vertex -0.746388 -36.4633 40.4765
    endloop
  endfacet
  facet normal 0.989174 0 0.146746
    outer loop
      vertex -0.735588 -36.4639 40.4037
      vertex -0.746388 -39.5633 40.4765
      vertex -0.735588 -39.5639 40.4037
    endloop
  endfacet
  facet normal 0.513716 -0 0.85796
    outer loop
      vertex -0.416677 -39.5795 39.9264
      vertex -0.353547 -36.4826 39.8886
      vertex -0.416677 -36.4795 39.9264
    endloop
  endfacet
  facet normal 0.513716 0 0.85796
    outer loop
      vertex -0.353547 -36.4826 39.8886
      vertex -0.416677 -39.5795 39.9264
      vertex -0.353547 -39.5826 39.8886
    endloop
  endfacet
  facet normal -0.857978 0 0.513687
    outer loop
      vertex 0.623602 -36.4694 40.1333
      vertex 0.661441 -39.5675 40.1965
      vertex 0.661441 -36.4675 40.1965
    endloop
  endfacet
  facet normal -0.857978 0 0.513687
    outer loop
      vertex 0.661441 -39.5675 40.1965
      vertex 0.623602 -36.4694 40.1333
      vertex 0.623602 -39.5694 40.1333
    endloop
  endfacet
  facet normal 0.903906 0 -0.427731
    outer loop
      vertex -0.661441 -36.4675 40.9035
      vertex -0.692909 -39.566 40.837
      vertex -0.692909 -36.466 40.837
    endloop
  endfacet
  facet normal 0.903906 0 -0.427731
    outer loop
      vertex -0.692909 -39.566 40.837
      vertex -0.661441 -36.4675 40.9035
      vertex -0.661441 -39.5675 40.9035
    endloop
  endfacet
  facet normal -0.857978 0 -0.513687
    outer loop
      vertex 0.661441 -39.5675 40.9035
      vertex 0.623602 -36.4694 40.9667
      vertex 0.661441 -36.4675 40.9035
    endloop
  endfacet
  facet normal -0.857978 -0 -0.513687
    outer loop
      vertex 0.623602 -36.4694 40.9667
      vertex 0.661441 -39.5675 40.9035
      vertex 0.623602 -39.5694 40.9667
    endloop
  endfacet
  facet normal 0.740734 -0 0.671798
    outer loop
      vertex -0.579758 -39.5715 40.0742
      vertex -0.53033 -36.4739 40.0197
      vertex -0.579758 -36.4715 40.0742
    endloop
  endfacet
  facet normal 0.740734 0 0.671798
    outer loop
      vertex -0.53033 -36.4739 40.0197
      vertex -0.579758 -39.5715 40.0742
      vertex -0.53033 -39.5739 40.0197
    endloop
  endfacet
  facet normal -0.740734 0 -0.671798
    outer loop
      vertex 0.579758 -39.5715 41.0258
      vertex 0.53033 -36.4739 41.0803
      vertex 0.579758 -36.4715 41.0258
    endloop
  endfacet
  facet normal -0.740734 -0 -0.671798
    outer loop
      vertex 0.53033 -36.4739 41.0803
      vertex 0.579758 -39.5715 41.0258
      vertex 0.53033 -39.5739 41.0803
    endloop
  endfacet
  facet normal -0.513716 0 0.85796
    outer loop
      vertex 0.353547 -36.4826 39.8886
      vertex 0.416677 -39.5795 39.9264
      vertex 0.416677 -36.4795 39.9264
    endloop
  endfacet
  facet normal -0.513716 0 0.85796
    outer loop
      vertex 0.416677 -39.5795 39.9264
      vertex 0.353547 -36.4826 39.8886
      vertex 0.353547 -39.5826 39.8886
    endloop
  endfacet
  facet normal 0.970037 0 -0.242958
    outer loop
      vertex -0.717705 -36.4647 40.7677
      vertex -0.735588 -39.5639 40.6963
      vertex -0.735588 -36.4639 40.6963
    endloop
  endfacet
  facet normal 0.970037 0 -0.242958
    outer loop
      vertex -0.735588 -39.5639 40.6963
      vertex -0.717705 -36.4647 40.7677
      vertex -0.717705 -39.5647 40.7677
    endloop
  endfacet
  facet normal -0.941544 0 0.336891
    outer loop
      vertex 0.692909 -36.466 40.263
      vertex 0.717705 -39.5647 40.3323
      vertex 0.717705 -36.4647 40.3323
    endloop
  endfacet
  facet normal -0.941544 0 0.336891
    outer loop
      vertex 0.717705 -39.5647 40.3323
      vertex 0.692909 -36.466 40.263
      vertex 0.692909 -39.566 40.263
    endloop
  endfacet
  facet normal -0.941544 0 -0.336891
    outer loop
      vertex 0.717705 -39.5647 40.7677
      vertex 0.692909 -36.466 40.837
      vertex 0.717705 -36.4647 40.7677
    endloop
  endfacet
  facet normal -0.941544 -0 -0.336891
    outer loop
      vertex 0.692909 -36.466 40.837
      vertex 0.717705 -39.5647 40.7677
      vertex 0.692909 -39.566 40.837
    endloop
  endfacet
  facet normal 0.513716 0 -0.85796
    outer loop
      vertex -0.416677 -39.5795 41.1736
      vertex -0.353547 -36.4826 41.2114
      vertex -0.353547 -39.5826 41.2114
    endloop
  endfacet
  facet normal 0.513716 0 -0.85796
    outer loop
      vertex -0.353547 -36.4826 41.2114
      vertex -0.416677 -39.5795 41.1736
      vertex -0.416677 -36.4795 41.1736
    endloop
  endfacet
  facet normal 0.336943 0 -0.941525
    outer loop
      vertex -0.287012 -39.5859 41.2429
      vertex -0.217713 -36.4893 41.2677
      vertex -0.217713 -39.5893 41.2677
    endloop
  endfacet
  facet normal 0.336943 0 -0.941525
    outer loop
      vertex -0.217713 -36.4893 41.2677
      vertex -0.287012 -39.5859 41.2429
      vertex -0.287012 -36.4859 41.2429
    endloop
  endfacet
  facet normal 0.146736 0 -0.989176
    outer loop
      vertex -0.146317 -39.5928 41.2856
      vertex -0.0735121 -36.4964 41.2964
      vertex -0.0735121 -39.5964 41.2964
    endloop
  endfacet
  facet normal 0.146736 0 -0.989176
    outer loop
      vertex -0.0735121 -36.4964 41.2964
      vertex -0.146317 -39.5928 41.2856
      vertex -0.146317 -36.4928 41.2856
    endloop
  endfacet
  facet normal 0.672098 0 -0.740462
    outer loop
      vertex -0.53033 -39.5739 41.0803
      vertex -0.475795 -36.4766 41.1298
      vertex -0.475795 -39.5766 41.1298
    endloop
  endfacet
  facet normal 0.672098 0 -0.740462
    outer loop
      vertex -0.475795 -36.4766 41.1298
      vertex -0.53033 -39.5739 41.0803
      vertex -0.53033 -36.4739 41.0803
    endloop
  endfacet
  facet normal -0.970037 0 0.242958
    outer loop
      vertex 0.717705 -36.4647 40.3323
      vertex 0.735588 -39.5639 40.4037
      vertex 0.735588 -36.4639 40.4037
    endloop
  endfacet
  facet normal -0.970037 0 0.242958
    outer loop
      vertex 0.735588 -39.5639 40.4037
      vertex 0.717705 -36.4647 40.3323
      vertex 0.717705 -39.5647 40.3323
    endloop
  endfacet
  facet normal 0.803127 0 -0.595808
    outer loop
      vertex -0.579758 -36.4715 41.0258
      vertex -0.623602 -39.5694 40.9667
      vertex -0.623602 -36.4694 40.9667
    endloop
  endfacet
  facet normal 0.803127 0 -0.595808
    outer loop
      vertex -0.623602 -39.5694 40.9667
      vertex -0.579758 -36.4715 41.0258
      vertex -0.579758 -39.5715 41.0258
    endloop
  endfacet
  facet normal 0.595306 0 -0.803499
    outer loop
      vertex -0.475795 -39.5766 41.1298
      vertex -0.416677 -36.4795 41.1736
      vertex -0.416677 -39.5795 41.1736
    endloop
  endfacet
  facet normal 0.595306 0 -0.803499
    outer loop
      vertex -0.416677 -36.4795 41.1736
      vertex -0.475795 -39.5766 41.1298
      vertex -0.475795 -36.4766 41.1298
    endloop
  endfacet
  facet normal 0.146736 -0 0.989176
    outer loop
      vertex -0.146317 -39.5928 39.8144
      vertex -0.0735121 -36.4964 39.8036
      vertex -0.146317 -36.4928 39.8144
    endloop
  endfacet
  facet normal 0.146736 0 0.989176
    outer loop
      vertex -0.0735121 -36.4964 39.8036
      vertex -0.146317 -39.5928 39.8144
      vertex -0.0735121 -39.5964 39.8036
    endloop
  endfacet
  facet normal 0.336943 -0 0.941525
    outer loop
      vertex -0.287012 -39.5859 39.8571
      vertex -0.217713 -36.4893 39.8323
      vertex -0.287012 -36.4859 39.8571
    endloop
  endfacet
  facet normal 0.336943 0 0.941525
    outer loop
      vertex -0.217713 -36.4893 39.8323
      vertex -0.287012 -39.5859 39.8571
      vertex -0.217713 -39.5893 39.8323
    endloop
  endfacet
  facet normal -0.595306 -0 -0.803499
    outer loop
      vertex 0.416677 -36.4795 41.1736
      vertex 0.475795 -39.5766 41.1298
      vertex 0.416677 -39.5795 41.1736
    endloop
  endfacet
  facet normal -0.595306 0 -0.803499
    outer loop
      vertex 0.475795 -39.5766 41.1298
      vertex 0.416677 -36.4795 41.1736
      vertex 0.475795 -36.4766 41.1298
    endloop
  endfacet
  facet normal -0.336943 -0 -0.941525
    outer loop
      vertex 0.217713 -36.4893 41.2677
      vertex 0.287012 -39.5859 41.2429
      vertex 0.217713 -39.5893 41.2677
    endloop
  endfacet
  facet normal -0.336943 0 -0.941525
    outer loop
      vertex 0.287012 -39.5859 41.2429
      vertex 0.217713 -36.4893 41.2677
      vertex 0.287012 -36.4859 41.2429
    endloop
  endfacet
  facet normal 0.989174 0 -0.146746
    outer loop
      vertex -0.735588 -36.4639 40.6963
      vertex -0.746388 -39.5633 40.6235
      vertex -0.746388 -36.4633 40.6235
    endloop
  endfacet
  facet normal 0.989174 0 -0.146746
    outer loop
      vertex -0.746388 -39.5633 40.6235
      vertex -0.735588 -36.4639 40.6963
      vertex -0.735588 -39.5639 40.6963
    endloop
  endfacet
  facet normal -0.0489129 -0 -0.998803
    outer loop
      vertex 0 -36.5 41.3
      vertex 0.0735121 -39.5964 41.2964
      vertex 0 -39.6 41.3
    endloop
  endfacet
  facet normal -0.0489129 0 -0.998803
    outer loop
      vertex 0.0735121 -39.5964 41.2964
      vertex 0 -36.5 41.3
      vertex 0.0735121 -36.4964 41.2964
    endloop
  endfacet
  facet normal 0.941544 0 -0.336891
    outer loop
      vertex -0.692909 -36.466 40.837
      vertex -0.717705 -39.5647 40.7677
      vertex -0.717705 -36.4647 40.7677
    endloop
  endfacet
  facet normal 0.941544 0 -0.336891
    outer loop
      vertex -0.717705 -39.5647 40.7677
      vertex -0.692909 -36.466 40.837
      vertex -0.692909 -39.566 40.837
    endloop
  endfacet
  facet normal 0.672098 -0 0.740462
    outer loop
      vertex -0.53033 -39.5739 40.0197
      vertex -0.475795 -36.4766 39.9702
      vertex -0.53033 -36.4739 40.0197
    endloop
  endfacet
  facet normal 0.672098 0 0.740462
    outer loop
      vertex -0.475795 -36.4766 39.9702
      vertex -0.53033 -39.5739 40.0197
      vertex -0.475795 -39.5766 39.9702
    endloop
  endfacet
  facet normal 0 0 -1
    outer loop
      vertex 3.57763 -36.3242 38.55
      vertex 6.55 -39.0135 38.55
      vertex 3.88148 -39.4093 38.55
    endloop
  endfacet
  facet normal 0 0 -1
    outer loop
      vertex 6.55 -39.0135 38.55
      vertex 3.57763 -36.3242 38.55
      vertex 6.55 -35.8833 38.55
    endloop
  endfacet
  facet normal 0 0 -1
    outer loop
      vertex 0 -39.6 38.55
      vertex 3.57763 -36.3242 38.55
      vertex 3.88148 -39.4093 38.55
    endloop
  endfacet
  facet normal 0 0 -1
    outer loop
      vertex 0 -39.6 38.55
      vertex 0 -36.5 38.55
      vertex 3.57763 -36.3242 38.55
    endloop
  endfacet
  facet normal 0 0 -1
    outer loop
      vertex 0 -39.6 38.55
      vertex -3.57763 -36.3242 38.55
      vertex 0 -36.5 38.55
    endloop
  endfacet
  facet normal 0 0 -1
    outer loop
      vertex -3.88148 -39.4093 38.55
      vertex -3.57763 -36.3242 38.55
      vertex 0 -39.6 38.55
    endloop
  endfacet
  facet normal 0 0 -1
    outer loop
      vertex -6.55 -39.0135 38.55
      vertex -3.57763 -36.3242 38.55
      vertex -3.88148 -39.4093 38.55
    endloop
  endfacet
  facet normal -0 0 -1
    outer loop
      vertex -3.57763 -36.3242 38.55
      vertex -6.55 -39.0135 38.55
      vertex -6.55 -35.8833 38.55
    endloop
  endfacet
  facet normal 0 0 -1
    outer loop
      vertex -39.4093 -3.88148 38.55
      vertex -36.3242 -3.57763 38.55
      vertex -39.0135 -6.55 38.55
    endloop
  endfacet
  facet normal 0 0 -1
    outer loop
      vertex -39.0135 -6.55 38.55
      vertex -36.3242 -3.57763 38.55
      vertex -35.8833 -6.55 38.55
    endloop
  endfacet
  facet normal -0 0 -1
    outer loop
      vertex -36.3242 -3.57763 38.55
      vertex -39.4093 -3.88148 38.55
      vertex -36.5 0 38.55
    endloop
  endfacet
  facet normal 0 0 -1
    outer loop
      vertex -39.6 0 38.55
      vertex -36.5 0 38.55
      vertex -39.4093 -3.88148 38.55
    endloop
  endfacet
  facet normal 0 0 -1
    outer loop
      vertex -36.5 0 38.55
      vertex -39.6 0 38.55
      vertex -36.3242 3.57763 38.55
    endloop
  endfacet
  facet normal 0 -0 -1
    outer loop
      vertex -39.4093 3.88148 38.55
      vertex -36.3242 3.57763 38.55
      vertex -39.6 0 38.55
    endloop
  endfacet
  facet normal 0 -0 -1
    outer loop
      vertex -39.0135 6.55 38.55
      vertex -36.3242 3.57763 38.55
      vertex -39.4093 3.88148 38.55
    endloop
  endfacet
  facet normal 0 0 -1
    outer loop
      vertex -36.3242 3.57763 38.55
      vertex -39.0135 6.55 38.55
      vertex -35.8833 6.55 38.55
    endloop
  endfacet
  facet normal 0 0 -1
    outer loop
      vertex 36.5 0 38.55
      vertex 39.6 0 38.55
      vertex 39.4093 -3.88148 38.55
    endloop
  endfacet
  facet normal 0 0 -1
    outer loop
      vertex 36.3242 -3.57763 38.55
      vertex 39.4093 -3.88148 38.55
      vertex 39.0135 -6.55 38.55
    endloop
  endfacet
  facet normal 0 0 -1
    outer loop
      vertex 39.6 0 38.55
      vertex 36.5 0 38.55
      vertex 39.4093 3.88148 38.55
    endloop
  endfacet
  facet normal 0 0 -1
    outer loop
      vertex 36.3242 3.57763 38.55
      vertex 39.4093 3.88148 38.55
      vertex 36.5 0 38.55
    endloop
  endfacet
  facet normal 0 0 -1
    outer loop
      vertex 39.4093 -3.88148 38.55
      vertex 36.3242 -3.57763 38.55
      vertex 36.5 0 38.55
    endloop
  endfacet
  facet normal 0 -0 -1
    outer loop
      vertex 36.3242 -3.57763 38.55
      vertex 39.0135 -6.55 38.55
      vertex 35.8833 -6.55 38.55
    endloop
  endfacet
  facet normal -0 0 -1
    outer loop
      vertex 39.4093 3.88148 38.55
      vertex 36.3242 3.57763 38.55
      vertex 39.0135 6.55 38.55
    endloop
  endfacet
  facet normal -0 0 -1
    outer loop
      vertex 39.0135 6.55 38.55
      vertex 36.3242 3.57763 38.55
      vertex 35.8833 6.55 38.55
    endloop
  endfacet
  facet normal 0 0 -1
    outer loop
      vertex 3.57763 36.3242 38.55
      vertex 6.55 39.0135 38.55
      vertex 6.55 35.8833 38.55
    endloop
  endfacet
  facet normal -0 0 -1
    outer loop
      vertex 6.55 39.0135 38.55
      vertex 3.57763 36.3242 38.55
      vertex 3.88148 39.4093 38.55
    endloop
  endfacet
  facet normal 0 0 -1
    outer loop
      vertex 0 36.5 38.55
      vertex 3.88148 39.4093 38.55
      vertex 3.57763 36.3242 38.55
    endloop
  endfacet
  facet normal 0 0 -1
    outer loop
      vertex 0 36.5 38.55
      vertex 0 39.6 38.55
      vertex 3.88148 39.4093 38.55
    endloop
  endfacet
  facet normal 0 0 -1
    outer loop
      vertex -3.57763 36.3242 38.55
      vertex 0 39.6 38.55
      vertex 0 36.5 38.55
    endloop
  endfacet
  facet normal 0 0 -1
    outer loop
      vertex -3.57763 36.3242 38.55
      vertex -3.88148 39.4093 38.55
      vertex 0 39.6 38.55
    endloop
  endfacet
  facet normal 0 0 -1
    outer loop
      vertex -6.55 39.0135 38.55
      vertex -3.57763 36.3242 38.55
      vertex -6.55 35.8833 38.55
    endloop
  endfacet
  facet normal 0 0 -1
    outer loop
      vertex -3.57763 36.3242 38.55
      vertex -6.55 39.0135 38.55
      vertex -3.88148 39.4093 38.55
    endloop
  endfacet
  facet normal -0 0 1
    outer loop
      vertex 3.57763 -36.3242 15.45
      vertex 6.55 -39.0135 15.45
      vertex 6.55 -35.8833 15.45
    endloop
  endfacet
  facet normal 0 0 1
    outer loop
      vertex 6.55 -39.0135 15.45
      vertex 3.57763 -36.3242 15.45
      vertex 3.88148 -39.4093 15.45
    endloop
  endfacet
  facet normal -0 0 1
    outer loop
      vertex 0 -36.5 15.45
      vertex 3.88148 -39.4093 15.45
      vertex 3.57763 -36.3242 15.45
    endloop
  endfacet
  facet normal 0 0 1
    outer loop
      vertex 0 -36.5 15.45
      vertex 0 -39.6 15.45
      vertex 3.88148 -39.4093 15.45
    endloop
  endfacet
  facet normal 0 0 1
    outer loop
      vertex -3.57763 -36.3242 15.45
      vertex 0 -39.6 15.45
      vertex 0 -36.5 15.45
    endloop
  endfacet
  facet normal 0 0 1
    outer loop
      vertex -3.57763 -36.3242 15.45
      vertex -3.88148 -39.4093 15.45
      vertex 0 -39.6 15.45
    endloop
  endfacet
  facet normal 0 0 1
    outer loop
      vertex -6.55 -39.0135 15.45
      vertex -3.57763 -36.3242 15.45
      vertex -6.55 -35.8833 15.45
    endloop
  endfacet
  facet normal 0 0 1
    outer loop
      vertex -3.57763 -36.3242 15.45
      vertex -6.55 -39.0135 15.45
      vertex -3.88148 -39.4093 15.45
    endloop
  endfacet
  facet normal -0 0 1
    outer loop
      vertex -39.4093 3.88148 15.45
      vertex -36.3242 3.57763 15.45
      vertex -39.0135 6.55 15.45
    endloop
  endfacet
  facet normal -0 0 1
    outer loop
      vertex -39.0135 6.55 15.45
      vertex -36.3242 3.57763 15.45
      vertex -35.8833 6.55 15.45
    endloop
  endfacet
  facet normal 0 0 1
    outer loop
      vertex -36.3242 3.57763 15.45
      vertex -39.4093 3.88148 15.45
      vertex -36.5 0 15.45
    endloop
  endfacet
  facet normal 0 0 1
    outer loop
      vertex -39.6 0 15.45
      vertex -36.5 0 15.45
      vertex -39.4093 3.88148 15.45
    endloop
  endfacet
  facet normal 0 0 1
    outer loop
      vertex -36.5 0 15.45
      vertex -39.6 0 15.45
      vertex -36.3242 -3.57763 15.45
    endloop
  endfacet
  facet normal 0 -0 1
    outer loop
      vertex -39.4093 -3.88148 15.45
      vertex -36.3242 -3.57763 15.45
      vertex -39.6 0 15.45
    endloop
  endfacet
  facet normal 0 -0 1
    outer loop
      vertex -39.0135 -6.55 15.45
      vertex -36.3242 -3.57763 15.45
      vertex -39.4093 -3.88148 15.45
    endloop
  endfacet
  facet normal 0 0 1
    outer loop
      vertex -36.3242 -3.57763 15.45
      vertex -39.0135 -6.55 15.45
      vertex -35.8833 -6.55 15.45
    endloop
  endfacet
  facet normal 0 0 1
    outer loop
      vertex 36.5 0 15.45
      vertex 39.6 0 15.45
      vertex 39.4093 3.88148 15.45
    endloop
  endfacet
  facet normal 0 0 1
    outer loop
      vertex 36.3242 3.57763 15.45
      vertex 39.4093 3.88148 15.45
      vertex 39.0135 6.55 15.45
    endloop
  endfacet
  facet normal 0 0 1
    outer loop
      vertex 39.6 0 15.45
      vertex 36.5 0 15.45
      vertex 39.4093 -3.88148 15.45
    endloop
  endfacet
  facet normal -0 0 1
    outer loop
      vertex 36.3242 -3.57763 15.45
      vertex 39.4093 -3.88148 15.45
      vertex 36.5 0 15.45
    endloop
  endfacet
  facet normal 0 0 1
    outer loop
      vertex 39.4093 3.88148 15.45
      vertex 36.3242 3.57763 15.45
      vertex 36.5 0 15.45
    endloop
  endfacet
  facet normal 0 -0 1
    outer loop
      vertex 36.3242 3.57763 15.45
      vertex 39.0135 6.55 15.45
      vertex 35.8833 6.55 15.45
    endloop
  endfacet
  facet normal 0 0 1
    outer loop
      vertex 39.4093 -3.88148 15.45
      vertex 36.3242 -3.57763 15.45
      vertex 39.0135 -6.55 15.45
    endloop
  endfacet
  facet normal 0 0 1
    outer loop
      vertex 39.0135 -6.55 15.45
      vertex 36.3242 -3.57763 15.45
      vertex 35.8833 -6.55 15.45
    endloop
  endfacet
  facet normal 0 0 1
    outer loop
      vertex 3.57763 36.3242 15.45
      vertex 6.55 39.0135 15.45
      vertex 3.88148 39.4093 15.45
    endloop
  endfacet
  facet normal 0 0 1
    outer loop
      vertex 6.55 39.0135 15.45
      vertex 3.57763 36.3242 15.45
      vertex 6.55 35.8833 15.45
    endloop
  endfacet
  facet normal 0 0 1
    outer loop
      vertex 0 39.6 15.45
      vertex 3.57763 36.3242 15.45
      vertex 3.88148 39.4093 15.45
    endloop
  endfacet
  facet normal 0 0 1
    outer loop
      vertex 0 39.6 15.45
      vertex 0 36.5 15.45
      vertex 3.57763 36.3242 15.45
    endloop
  endfacet
  facet normal 0 0 1
    outer loop
      vertex 0 39.6 15.45
      vertex -3.57763 36.3242 15.45
      vertex 0 36.5 15.45
    endloop
  endfacet
  facet normal -0 0 1
    outer loop
      vertex -3.88148 39.4093 15.45
      vertex -3.57763 36.3242 15.45
      vertex 0 39.6 15.45
    endloop
  endfacet
  facet normal -0 0 1
    outer loop
      vertex -6.55 39.0135 15.45
      vertex -3.57763 36.3242 15.45
      vertex -3.88148 39.4093 15.45
    endloop
  endfacet
  facet normal 0 0 1
    outer loop
      vertex -3.57763 36.3242 15.45
      vertex -6.55 39.0135 15.45
      vertex -6.55 35.8833 15.45
    endloop
  endfacet
  facet normal 0 -1 0
    outer loop
      vertex -39.0135 6.55 15.45
      vertex -35.8833 6.55 38.55
      vertex -39.0135 6.55 38.55
    endloop
  endfacet
  facet normal 0 -1 -0
    outer loop
      vertex -35.8833 6.55 38.55
      vertex -39.0135 6.55 15.45
      vertex -35.8833 6.55 15.45
    endloop
  endfacet
  facet normal 0 -1 0
    outer loop
      vertex 35.8833 6.55 15.45
      vertex 39.0135 6.55 38.55
      vertex 35.8833 6.55 38.55
    endloop
  endfacet
  facet normal 0 -1 -0
    outer loop
      vertex 39.0135 6.55 38.55
      vertex 35.8833 6.55 15.45
      vertex 39.0135 6.55 15.45
    endloop
  endfacet
  facet normal 0 1 -0
    outer loop
      vertex -35.8833 -6.55 15.45
      vertex -39.0135 -6.55 38.55
      vertex -35.8833 -6.55 38.55
    endloop
  endfacet
  facet normal 0 1 0
    outer loop
      vertex -39.0135 -6.55 38.55
      vertex -35.8833 -6.55 15.45
      vertex -39.0135 -6.55 15.45
    endloop
  endfacet
  facet normal 0 1 -0
    outer loop
      vertex 39.0135 -6.55 15.45
      vertex 35.8833 -6.55 38.55
      vertex 39.0135 -6.55 38.55
    endloop
  endfacet
  facet normal 0 1 0
    outer loop
      vertex 35.8833 -6.55 38.55
      vertex 39.0135 -6.55 15.45
      vertex 35.8833 -6.55 15.45
    endloop
  endfacet
  facet normal 1 -0 0
    outer loop
      vertex -6.55 -39.0135 38.55
      vertex -6.55 -35.8833 15.45
      vertex -6.55 -35.8833 38.55
    endloop
  endfacet
  facet normal 1 0 0
    outer loop
      vertex -6.55 -35.8833 15.45
      vertex -6.55 -39.0135 38.55
      vertex -6.55 -39.0135 15.45
    endloop
  endfacet
  facet normal 1 -0 0
    outer loop
      vertex -6.55 35.8833 38.55
      vertex -6.55 39.0135 15.45
      vertex -6.55 39.0135 38.55
    endloop
  endfacet
  facet normal 1 0 0
    outer loop
      vertex -6.55 39.0135 15.45
      vertex -6.55 35.8833 38.55
      vertex -6.55 35.8833 15.45
    endloop
  endfacet
  facet normal -1 0 0
    outer loop
      vertex 6.55 -39.0135 15.45
      vertex 6.55 -35.8833 38.55
      vertex 6.55 -35.8833 15.45
    endloop
  endfacet
  facet normal -1 -0 0
    outer loop
      vertex 6.55 -35.8833 38.55
      vertex 6.55 -39.0135 15.45
      vertex 6.55 -39.0135 38.55
    endloop
  endfacet
  facet normal -1 0 0
    outer loop
      vertex 6.55 35.8833 15.45
      vertex 6.55 39.0135 38.55
      vertex 6.55 39.0135 15.45
    endloop
  endfacet
  facet normal -1 -0 0
    outer loop
      vertex 6.55 39.0135 38.55
      vertex 6.55 35.8833 15.45
      vertex 6.55 35.8833 38.55
    endloop
  endfacet
  facet normal -0.989194 -0.146611 0
    outer loop
      vertex 35.7987 7.1208 0
      vertex 35.8833 6.55 15.45
      vertex 35.7987 7.1208 54
    endloop
  endfacet
  facet normal -0.98918 -0.146709 -3.67212e-06
    outer loop
      vertex 36.3242 3.57763 0
      vertex 35.8833 6.55 15.45
      vertex 35.7987 7.1208 0
    endloop
  endfacet
  facet normal -0.989177 -0.146727 0
    outer loop
      vertex 35.8833 6.55 15.45
      vertex 36.3242 3.57763 0
      vertex 36.3242 3.57763 15.45
    endloop
  endfacet
  facet normal -0.989194 -0.146611 -0
    outer loop
      vertex 35.8833 6.55 38.55
      vertex 35.7987 7.1208 54
      vertex 35.8833 6.55 15.45
    endloop
  endfacet
  facet normal -0.989177 -0.146727 -0
    outer loop
      vertex 36.3242 3.57763 54
      vertex 35.8833 6.55 38.55
      vertex 36.3242 3.57763 38.55
    endloop
  endfacet
  facet normal -0.98918 -0.146709 3.67212e-06
    outer loop
      vertex 35.8833 6.55 38.55
      vertex 36.3242 3.57763 54
      vertex 35.7987 7.1208 54
    endloop
  endfacet
  facet normal -0.998795 -0.0490756 0
    outer loop
      vertex 36.4715 0.579758 12.9742
      vertex 36.3242 3.57763 15.45
      vertex 36.3242 3.57763 0
    endloop
  endfacet
  facet normal -0.998755 -0.0498689 0.00109185
    outer loop
      vertex 36.3242 3.57763 15.45
      vertex 36.4633 0.746388 13.3765
      vertex 36.4632 0.75 13.45
    endloop
  endfacet
  facet normal -0.998833 -0.0482908 -0.00106812
    outer loop
      vertex 36.3242 3.57763 15.45
      vertex 36.4639 0.735588 13.3037
      vertex 36.4633 0.746388 13.3765
    endloop
  endfacet
  facet normal -0.998742 -0.0501226 0.00136344
    outer loop
      vertex 36.3242 3.57763 15.45
      vertex 36.4647 0.717705 13.2323
      vertex 36.4639 0.735588 13.3037
    endloop
  endfacet
  facet normal -0.998855 -0.0478049 -0.00163263
    outer loop
      vertex 36.3242 3.57763 15.45
      vertex 36.466 0.692909 13.163
      vertex 36.4647 0.717705 13.2323
    endloop
  endfacet
  facet normal -0.998749 -0.0499864 0.00112552
    outer loop
      vertex 36.3242 3.57763 15.45
      vertex 36.4675 0.661441 13.0965
      vertex 36.466 0.692909 13.163
    endloop
  endfacet
  facet normal -0.998843 -0.0480803 -0.00124194
    outer loop
      vertex 36.3242 3.57763 15.45
      vertex 36.4694 0.623602 13.0333
      vertex 36.4675 0.661441 13.0965
    endloop
  endfacet
  facet normal -0.998695 -0.051026 0.00236761
    outer loop
      vertex 36.3242 3.57763 15.45
      vertex 36.4715 0.579758 12.9742
      vertex 36.4694 0.623602 13.0333
    endloop
  endfacet
  facet normal -0.998818 -0.0486156 0.000106565
    outer loop
      vertex 36.3242 3.57763 0
      vertex 36.4739 0.53033 12.9197
      vertex 36.4715 0.579758 12.9742
    endloop
  endfacet
  facet normal -0.99878 -0.0493815 -7.45164e-05
    outer loop
      vertex 36.3242 3.57763 0
      vertex 36.4766 0.475795 12.8702
      vertex 36.4739 0.53033 12.9197
    endloop
  endfacet
  facet normal -0.998798 -0.0490073 1.58852e-05
    outer loop
      vertex 36.3242 3.57763 0
      vertex 36.4795 0.416677 12.8264
      vertex 36.4766 0.475795 12.8702
    endloop
  endfacet
  facet normal -0.998796 -0.0490492 5.5192e-06
    outer loop
      vertex 36.3242 3.57763 0
      vertex 36.4826 0.353547 12.7886
      vertex 36.4795 0.416677 12.8264
    endloop
  endfacet
  facet normal -0.998775 -0.0494874 -0.00010521
    outer loop
      vertex 36.3242 3.57763 0
      vertex 36.4859 0.287012 12.7571
      vertex 36.4826 0.353547 12.7886
    endloop
  endfacet
  facet normal -0.998798 -0.0490103 1.81492e-05
    outer loop
      vertex 36.3242 3.57763 0
      vertex 36.4893 0.217713 12.7323
      vertex 36.4859 0.287012 12.7571
    endloop
  endfacet
  facet normal -0.9988 -0.0489707 2.86189e-05
    outer loop
      vertex 36.3242 3.57763 0
      vertex 36.4928 0.146317 12.7144
      vertex 36.4893 0.217713 12.7323
    endloop
  endfacet
  facet normal -0.998795 -0.0490795 -7.99419e-07
    outer loop
      vertex 36.5 0 0
      vertex 36.4928 0.146317 12.7144
      vertex 36.3242 3.57763 0
    endloop
  endfacet
  facet normal -0.99878 -0.0493873 2.75169e-06
    outer loop
      vertex 36.4928 0.146317 12.7144
      vertex 36.5 0 0
      vertex 36.4964 0.0735121 12.7036
    endloop
  endfacet
  facet normal -0.998803 -0.0489129 0
    outer loop
      vertex 36.4964 0.0735121 12.7036
      vertex 36.5 0 0
      vertex 36.5 0 12.7
    endloop
  endfacet
  facet normal -0.998828 -0.0483797 -0.00101857
    outer loop
      vertex 36.4633 0.746388 13.5235
      vertex 36.3242 3.57763 15.45
      vertex 36.4632 0.75 13.45
    endloop
  endfacet
  facet normal -0.998766 -0.0496581 0.00086472
    outer loop
      vertex 36.4639 0.735588 13.5963
      vertex 36.3242 3.57763 15.45
      vertex 36.4633 0.746388 13.5235
    endloop
  endfacet
  facet normal -0.998824 -0.0484771 -0.000950379
    outer loop
      vertex 36.4647 0.717705 13.6677
      vertex 36.3242 3.57763 15.45
      vertex 36.4639 0.735588 13.5963
    endloop
  endfacet
  facet normal -0.998765 -0.0496676 0.000964473
    outer loop
      vertex 36.466 0.692909 13.737
      vertex 36.3242 3.57763 15.45
      vertex 36.4647 0.717705 13.6677
    endloop
  endfacet
  facet normal -0.99881 -0.048771 -0.000549039
    outer loop
      vertex 36.4675 0.661441 13.8035
      vertex 36.3242 3.57763 15.45
      vertex 36.466 0.692909 13.737
    endloop
  endfacet
  facet normal -0.998781 -0.0493504 0.000479658
    outer loop
      vertex 36.4694 0.623602 13.8667
      vertex 36.3242 3.57763 15.45
      vertex 36.4675 0.661441 13.8035
    endloop
  endfacet
  facet normal -0.998811 -0.0487379 -0.000665966
    outer loop
      vertex 36.4715 0.579758 13.9258
      vertex 36.3242 3.57763 15.45
      vertex 36.4694 0.623602 13.8667
    endloop
  endfacet
  facet normal -0.998804 -0.0488935 -0.0003592
    outer loop
      vertex 36.4739 0.53033 13.9803
      vertex 36.3242 3.57763 15.45
      vertex 36.4715 0.579758 13.9258
    endloop
  endfacet
  facet normal -0.99877 -0.049592 -0.000158019
    outer loop
      vertex 36.5 0 15.45
      vertex 36.4739 0.53033 13.9803
      vertex 36.4766 0.475795 14.0298
    endloop
  endfacet
  facet normal -0.998801 -0.0489539 5.62652e-05
    outer loop
      vertex 36.5 0 15.45
      vertex 36.4766 0.475795 14.0298
      vertex 36.4795 0.416677 14.0736
    endloop
  endfacet
  facet normal -0.998798 -0.0490252 3.46257e-05
    outer loop
      vertex 36.5 0 15.45
      vertex 36.4795 0.416677 14.0736
      vertex 36.4826 0.353547 14.1114
    endloop
  endfacet
  facet normal -0.99877 -0.0495915 -0.000115301
    outer loop
      vertex 36.5 0 15.45
      vertex 36.4826 0.353547 14.1114
      vertex 36.4859 0.287012 14.1429
    endloop
  endfacet
  facet normal -0.998799 -0.0489984 1.52591e-05
    outer loop
      vertex 36.5 0 15.45
      vertex 36.4859 0.287012 14.1429
      vertex 36.4893 0.217713 14.1677
    endloop
  endfacet
  facet normal -0.998801 -0.048958 2.21253e-05
    outer loop
      vertex 36.5 0 15.45
      vertex 36.4893 0.217713 14.1677
      vertex 36.4928 0.146317 14.1856
    endloop
  endfacet
  facet normal -0.99878 -0.049391 -2.81054e-05
    outer loop
      vertex 36.5 0 15.45
      vertex 36.4928 0.146317 14.1856
      vertex 36.4964 0.0735121 14.1964
    endloop
  endfacet
  facet normal -0.998803 -0.0489129 -0
    outer loop
      vertex 36.5 0 15.45
      vertex 36.4964 0.0735121 14.1964
      vertex 36.5 0 14.2
    endloop
  endfacet
  facet normal -0.998795 -0.0490795 2.73781e-05
    outer loop
      vertex 36.4739 0.53033 13.9803
      vertex 36.5 0 15.45
      vertex 36.3242 3.57763 15.45
    endloop
  endfacet
  facet normal -0.998755 -0.0498689 -0.00109185
    outer loop
      vertex 36.4633 0.746388 40.6235
      vertex 36.3242 3.57763 38.55
      vertex 36.4632 0.75 40.55
    endloop
  endfacet
  facet normal -0.998828 -0.0483797 0.00101857
    outer loop
      vertex 36.3242 3.57763 38.55
      vertex 36.4633 0.746388 40.4765
      vertex 36.4632 0.75 40.55
    endloop
  endfacet
  facet normal -0.998766 -0.0496581 -0.00086472
    outer loop
      vertex 36.3242 3.57763 38.55
      vertex 36.4639 0.735588 40.4037
      vertex 36.4633 0.746388 40.4765
    endloop
  endfacet
  facet normal -0.998824 -0.0484771 0.000950379
    outer loop
      vertex 36.3242 3.57763 38.55
      vertex 36.4647 0.717705 40.3323
      vertex 36.4639 0.735588 40.4037
    endloop
  endfacet
  facet normal -0.998765 -0.0496676 -0.000964473
    outer loop
      vertex 36.3242 3.57763 38.55
      vertex 36.466 0.692909 40.263
      vertex 36.4647 0.717705 40.3323
    endloop
  endfacet
  facet normal -0.99881 -0.048771 0.000549039
    outer loop
      vertex 36.3242 3.57763 38.55
      vertex 36.4675 0.661441 40.1965
      vertex 36.466 0.692909 40.263
    endloop
  endfacet
  facet normal -0.998781 -0.0493504 -0.000479658
    outer loop
      vertex 36.3242 3.57763 38.55
      vertex 36.4694 0.623602 40.1333
      vertex 36.4675 0.661441 40.1965
    endloop
  endfacet
  facet normal -0.998811 -0.0487379 0.000665966
    outer loop
      vertex 36.3242 3.57763 38.55
      vertex 36.4715 0.579758 40.0742
      vertex 36.4694 0.623602 40.1333
    endloop
  endfacet
  facet normal -0.998804 -0.0488935 0.0003592
    outer loop
      vertex 36.3242 3.57763 38.55
      vertex 36.4739 0.53033 40.0197
      vertex 36.4715 0.579758 40.0742
    endloop
  endfacet
  facet normal -0.998795 -0.0490795 -2.73781e-05
    outer loop
      vertex 36.5 0 38.55
      vertex 36.4739 0.53033 40.0197
      vertex 36.3242 3.57763 38.55
    endloop
  endfacet
  facet normal -0.99877 -0.049592 0.000158019
    outer loop
      vertex 36.4739 0.53033 40.0197
      vertex 36.5 0 38.55
      vertex 36.4766 0.475795 39.9702
    endloop
  endfacet
  facet normal -0.998801 -0.0489539 -5.62652e-05
    outer loop
      vertex 36.4766 0.475795 39.9702
      vertex 36.5 0 38.55
      vertex 36.4795 0.416677 39.9264
    endloop
  endfacet
  facet normal -0.998798 -0.0490252 -3.46257e-05
    outer loop
      vertex 36.4795 0.416677 39.9264
      vertex 36.5 0 38.55
      vertex 36.4826 0.353547 39.8886
    endloop
  endfacet
  facet normal -0.99877 -0.0495915 0.000115301
    outer loop
      vertex 36.4826 0.353547 39.8886
      vertex 36.5 0 38.55
      vertex 36.4859 0.287012 39.8571
    endloop
  endfacet
  facet normal -0.998799 -0.0489984 -1.52591e-05
    outer loop
      vertex 36.4859 0.287012 39.8571
      vertex 36.5 0 38.55
      vertex 36.4893 0.217713 39.8323
    endloop
  endfacet
  facet normal -0.998801 -0.048958 -2.21253e-05
    outer loop
      vertex 36.4893 0.217713 39.8323
      vertex 36.5 0 38.55
      vertex 36.4928 0.146317 39.8144
    endloop
  endfacet
  facet normal -0.99878 -0.049391 2.81054e-05
    outer loop
      vertex 36.4928 0.146317 39.8144
      vertex 36.5 0 38.55
      vertex 36.4964 0.0735121 39.8036
    endloop
  endfacet
  facet normal -0.998803 -0.0489129 0
    outer loop
      vertex 36.4964 0.0735121 39.8036
      vertex 36.5 0 38.55
      vertex 36.5 0 39.8
    endloop
  endfacet
  facet normal -0.998833 -0.0482908 0.00106812
    outer loop
      vertex 36.4639 0.735588 40.6963
      vertex 36.3242 3.57763 38.55
      vertex 36.4633 0.746388 40.6235
    endloop
  endfacet
  facet normal -0.998742 -0.0501226 -0.00136344
    outer loop
      vertex 36.4647 0.717705 40.7677
      vertex 36.3242 3.57763 38.55
      vertex 36.4639 0.735588 40.6963
    endloop
  endfacet
  facet normal -0.998855 -0.0478049 0.00163263
    outer loop
      vertex 36.466 0.692909 40.837
      vertex 36.3242 3.57763 38.55
      vertex 36.4647 0.717705 40.7677
    endloop
  endfacet
  facet normal -0.998749 -0.0499864 -0.00112552
    outer loop
      vertex 36.4675 0.661441 40.9035
      vertex 36.3242 3.57763 38.55
      vertex 36.466 0.692909 40.837
    endloop
  endfacet
  facet normal -0.998843 -0.0480803 0.00124194
    outer loop
      vertex 36.4694 0.623602 40.9667
      vertex 36.3242 3.57763 38.55
      vertex 36.4675 0.661441 40.9035
    endloop
  endfacet
  facet normal -0.998695 -0.051026 -0.00236761
    outer loop
      vertex 36.4715 0.579758 41.0258
      vertex 36.3242 3.57763 38.55
      vertex 36.4694 0.623602 40.9667
    endloop
  endfacet
  facet normal -0.998795 -0.0490756 0
    outer loop
      vertex 36.3242 3.57763 38.55
      vertex 36.4715 0.579758 41.0258
      vertex 36.3242 3.57763 54
    endloop
  endfacet
  facet normal -0.998818 -0.0486156 -0.000106565
    outer loop
      vertex 36.4739 0.53033 41.0803
      vertex 36.3242 3.57763 54
      vertex 36.4715 0.579758 41.0258
    endloop
  endfacet
  facet normal -0.99878 -0.0493815 7.45164e-05
    outer loop
      vertex 36.4766 0.475795 41.1298
      vertex 36.3242 3.57763 54
      vertex 36.4739 0.53033 41.0803
    endloop
  endfacet
  facet normal -0.998798 -0.0490073 -1.58852e-05
    outer loop
      vertex 36.4795 0.416677 41.1736
      vertex 36.3242 3.57763 54
      vertex 36.4766 0.475795 41.1298
    endloop
  endfacet
  facet normal -0.998796 -0.0490492 -5.5192e-06
    outer loop
      vertex 36.4826 0.353547 41.2114
      vertex 36.3242 3.57763 54
      vertex 36.4795 0.416677 41.1736
    endloop
  endfacet
  facet normal -0.998775 -0.0494874 0.00010521
    outer loop
      vertex 36.4859 0.287012 41.2429
      vertex 36.3242 3.57763 54
      vertex 36.4826 0.353547 41.2114
    endloop
  endfacet
  facet normal -0.998798 -0.0490103 -1.81492e-05
    outer loop
      vertex 36.4893 0.217713 41.2677
      vertex 36.3242 3.57763 54
      vertex 36.4859 0.287012 41.2429
    endloop
  endfacet
  facet normal -0.9988 -0.0489707 -2.86189e-05
    outer loop
      vertex 36.4928 0.146317 41.2856
      vertex 36.3242 3.57763 54
      vertex 36.4893 0.217713 41.2677
    endloop
  endfacet
  facet normal -0.99878 -0.0493873 -2.75169e-06
    outer loop
      vertex 36.5 0 54
      vertex 36.4928 0.146317 41.2856
      vertex 36.4964 0.0735121 41.2964
    endloop
  endfacet
  facet normal -0.998803 -0.0489129 -0
    outer loop
      vertex 36.5 0 54
      vertex 36.4964 0.0735121 41.2964
      vertex 36.5 0 41.3
    endloop
  endfacet
  facet normal -0.998795 -0.0490795 7.99419e-07
    outer loop
      vertex 36.4928 0.146317 41.2856
      vertex 36.5 0 54
      vertex 36.3242 3.57763 54
    endloop
  endfacet
  facet normal -0.970027 -0.242995 0
    outer loop
      vertex 35.7987 7.1208 0
      vertex 34.9283 10.5954 54
      vertex 34.9283 10.5954 0
    endloop
  endfacet
  facet normal -0.970027 -0.242995 0
    outer loop
      vertex 34.9283 10.5954 54
      vertex 35.7987 7.1208 0
      vertex 35.7987 7.1208 54
    endloop
  endfacet
  facet normal -0.33689 0.941544 0
    outer loop
      vertex 13.9679 -33.7216 0
      vertex 10.5954 -34.9283 54
      vertex 13.9679 -33.7216 54
    endloop
  endfacet
  facet normal -0.33689 0.941544 0
    outer loop
      vertex 10.5954 -34.9283 54
      vertex 13.9679 -33.7216 0
      vertex 10.5954 -34.9283 0
    endloop
  endfacet
  facet normal 0.671567 -0.740944 0
    outer loop
      vertex -25.8094 25.8094 0
      vertex -23.1554 28.2149 54
      vertex -25.8094 25.8094 54
    endloop
  endfacet
  facet normal 0.671567 -0.740944 0
    outer loop
      vertex -23.1554 28.2149 54
      vertex -25.8094 25.8094 0
      vertex -23.1554 28.2149 0
    endloop
  endfacet
  facet normal 0.970027 0.242995 0
    outer loop
      vertex -34.9283 -10.5954 54
      vertex -35.7987 -7.1208 0
      vertex -35.7987 -7.1208 54
    endloop
  endfacet
  facet normal 0.970027 0.242995 0
    outer loop
      vertex -35.7987 -7.1208 0
      vertex -34.9283 -10.5954 54
      vertex -34.9283 -10.5954 0
    endloop
  endfacet
  facet normal -0.427553 -0.90399 0
    outer loop
      vertex 13.9679 33.7216 0
      vertex 17.206 32.1901 54
      vertex 13.9679 33.7216 54
    endloop
  endfacet
  facet normal -0.427553 -0.90399 -0
    outer loop
      vertex 17.206 32.1901 54
      vertex 13.9679 33.7216 0
      vertex 17.206 32.1901 0
    endloop
  endfacet
  facet normal 0.242995 0.970027 -0
    outer loop
      vertex -7.1208 -35.7987 0
      vertex -10.5954 -34.9283 54
      vertex -7.1208 -35.7987 54
    endloop
  endfacet
  facet normal 0.242995 0.970027 0
    outer loop
      vertex -10.5954 -34.9283 54
      vertex -7.1208 -35.7987 0
      vertex -10.5954 -34.9283 0
    endloop
  endfacet
  facet normal 0.146727 0.989177 0
    outer loop
      vertex -3.57763 -36.3242 15.45
      vertex -3.57763 -36.3242 0
      vertex -6.55 -35.8833 15.45
    endloop
  endfacet
  facet normal 0.146727 0.989177 0
    outer loop
      vertex -6.55 -35.8833 38.55
      vertex -3.57763 -36.3242 54
      vertex -3.57763 -36.3242 38.55
    endloop
  endfacet
  facet normal 0.146709 0.98918 3.67212e-06
    outer loop
      vertex -3.57763 -36.3242 54
      vertex -6.55 -35.8833 38.55
      vertex -7.1208 -35.7987 54
    endloop
  endfacet
  facet normal 0.146611 0.989194 -0
    outer loop
      vertex -6.55 -35.8833 15.45
      vertex -7.1208 -35.7987 54
      vertex -6.55 -35.8833 38.55
    endloop
  endfacet
  facet normal 0.146611 0.989194 0
    outer loop
      vertex -6.55 -35.8833 15.45
      vertex -7.1208 -35.7987 0
      vertex -7.1208 -35.7987 54
    endloop
  endfacet
  facet normal 0.146709 0.98918 -3.67212e-06
    outer loop
      vertex -7.1208 -35.7987 0
      vertex -6.55 -35.8833 15.45
      vertex -3.57763 -36.3242 0
    endloop
  endfacet
  facet normal -0.242995 -0.970027 0
    outer loop
      vertex 7.1208 35.7987 0
      vertex 10.5954 34.9283 54
      vertex 7.1208 35.7987 54
    endloop
  endfacet
  facet normal -0.242995 -0.970027 -0
    outer loop
      vertex 10.5954 34.9283 54
      vertex 7.1208 35.7987 0
      vertex 10.5954 34.9283 0
    endloop
  endfacet
  facet normal 0.740944 -0.671567 0
    outer loop
      vertex -28.2149 23.1554 54
      vertex -25.8094 25.8094 0
      vertex -25.8094 25.8094 54
    endloop
  endfacet
  facet normal 0.740944 -0.671567 0
    outer loop
      vertex -25.8094 25.8094 0
      vertex -28.2149 23.1554 54
      vertex -28.2149 23.1554 0
    endloop
  endfacet
  facet normal 0.33689 -0.941544 0
    outer loop
      vertex -13.9679 33.7216 0
      vertex -10.5954 34.9283 54
      vertex -13.9679 33.7216 54
    endloop
  endfacet
  facet normal 0.33689 -0.941544 0
    outer loop
      vertex -10.5954 34.9283 54
      vertex -13.9679 33.7216 0
      vertex -10.5954 34.9283 0
    endloop
  endfacet
  facet normal -0.0490795 0.998795 2.73781e-05
    outer loop
      vertex 0.53033 -36.4739 13.9803
      vertex 0 -36.5 15.45
      vertex 3.57763 -36.3242 15.45
    endloop
  endfacet
  facet normal -0.0489129 0.998803 0
    outer loop
      vertex 0 -36.5 15.45
      vertex 0.0735121 -36.4964 14.1964
      vertex 0 -36.5 14.2
    endloop
  endfacet
  facet normal -0.049391 0.99878 -2.81054e-05
    outer loop
      vertex 0 -36.5 15.45
      vertex 0.146317 -36.4928 14.1856
      vertex 0.0735121 -36.4964 14.1964
    endloop
  endfacet
  facet normal -0.048958 0.998801 2.21253e-05
    outer loop
      vertex 0 -36.5 15.45
      vertex 0.217713 -36.4893 14.1677
      vertex 0.146317 -36.4928 14.1856
    endloop
  endfacet
  facet normal -0.0489984 0.998799 1.52591e-05
    outer loop
      vertex 0 -36.5 15.45
      vertex 0.287012 -36.4859 14.1429
      vertex 0.217713 -36.4893 14.1677
    endloop
  endfacet
  facet normal -0.0495915 0.99877 -0.000115301
    outer loop
      vertex 0 -36.5 15.45
      vertex 0.353547 -36.4826 14.1114
      vertex 0.287012 -36.4859 14.1429
    endloop
  endfacet
  facet normal -0.0490252 0.998798 3.46257e-05
    outer loop
      vertex 0 -36.5 15.45
      vertex 0.416677 -36.4795 14.0736
      vertex 0.353547 -36.4826 14.1114
    endloop
  endfacet
  facet normal -0.0489539 0.998801 5.62652e-05
    outer loop
      vertex 0 -36.5 15.45
      vertex 0.475795 -36.4766 14.0298
      vertex 0.416677 -36.4795 14.0736
    endloop
  endfacet
  facet normal -0.049592 0.99877 -0.000158019
    outer loop
      vertex 0 -36.5 15.45
      vertex 0.53033 -36.4739 13.9803
      vertex 0.475795 -36.4766 14.0298
    endloop
  endfacet
  facet normal -0.0488935 0.998804 -0.0003592
    outer loop
      vertex 3.57763 -36.3242 15.45
      vertex 0.579758 -36.4715 13.9258
      vertex 0.53033 -36.4739 13.9803
    endloop
  endfacet
  facet normal -0.0487379 0.998811 -0.000665966
    outer loop
      vertex 3.57763 -36.3242 15.45
      vertex 0.623602 -36.4694 13.8667
      vertex 0.579758 -36.4715 13.9258
    endloop
  endfacet
  facet normal -0.0493504 0.998781 0.000479658
    outer loop
      vertex 3.57763 -36.3242 15.45
      vertex 0.661441 -36.4675 13.8035
      vertex 0.623602 -36.4694 13.8667
    endloop
  endfacet
  facet normal -0.048771 0.99881 -0.000549039
    outer loop
      vertex 3.57763 -36.3242 15.45
      vertex 0.692909 -36.466 13.737
      vertex 0.661441 -36.4675 13.8035
    endloop
  endfacet
  facet normal -0.0496676 0.998765 0.000964473
    outer loop
      vertex 3.57763 -36.3242 15.45
      vertex 0.717705 -36.4647 13.6677
      vertex 0.692909 -36.466 13.737
    endloop
  endfacet
  facet normal -0.0484771 0.998824 -0.000950379
    outer loop
      vertex 3.57763 -36.3242 15.45
      vertex 0.735588 -36.4639 13.5963
      vertex 0.717705 -36.4647 13.6677
    endloop
  endfacet
  facet normal -0.0496581 0.998766 0.00086472
    outer loop
      vertex 3.57763 -36.3242 15.45
      vertex 0.746388 -36.4633 13.5235
      vertex 0.735588 -36.4639 13.5963
    endloop
  endfacet
  facet normal -0.0483797 0.998828 -0.00101857
    outer loop
      vertex 3.57763 -36.3242 15.45
      vertex 0.75 -36.4632 13.45
      vertex 0.746388 -36.4633 13.5235
    endloop
  endfacet
  facet normal -0.0498689 0.998755 0.00109185
    outer loop
      vertex 3.57763 -36.3242 15.45
      vertex 0.746388 -36.4633 13.3765
      vertex 0.75 -36.4632 13.45
    endloop
  endfacet
  facet normal -0.0482908 0.998833 -0.00106812
    outer loop
      vertex 3.57763 -36.3242 15.45
      vertex 0.735588 -36.4639 13.3037
      vertex 0.746388 -36.4633 13.3765
    endloop
  endfacet
  facet normal -0.0501226 0.998742 0.00136344
    outer loop
      vertex 3.57763 -36.3242 15.45
      vertex 0.717705 -36.4647 13.2323
      vertex 0.735588 -36.4639 13.3037
    endloop
  endfacet
  facet normal -0.0478049 0.998855 -0.00163263
    outer loop
      vertex 3.57763 -36.3242 15.45
      vertex 0.692909 -36.466 13.163
      vertex 0.717705 -36.4647 13.2323
    endloop
  endfacet
  facet normal -0.0499864 0.998749 0.00112552
    outer loop
      vertex 3.57763 -36.3242 15.45
      vertex 0.661441 -36.4675 13.0965
      vertex 0.692909 -36.466 13.163
    endloop
  endfacet
  facet normal -0.0480803 0.998843 -0.00124194
    outer loop
      vertex 3.57763 -36.3242 15.45
      vertex 0.623602 -36.4694 13.0333
      vertex 0.661441 -36.4675 13.0965
    endloop
  endfacet
  facet normal -0.051026 0.998695 0.00236761
    outer loop
      vertex 3.57763 -36.3242 15.45
      vertex 0.579758 -36.4715 12.9742
      vertex 0.623602 -36.4694 13.0333
    endloop
  endfacet
  facet normal -0.0490756 0.998795 0
    outer loop
      vertex 3.57763 -36.3242 0
      vertex 0.579758 -36.4715 12.9742
      vertex 3.57763 -36.3242 15.45
    endloop
  endfacet
  facet normal -0.0486156 0.998818 0.000106565
    outer loop
      vertex 0.579758 -36.4715 12.9742
      vertex 3.57763 -36.3242 0
      vertex 0.53033 -36.4739 12.9197
    endloop
  endfacet
  facet normal -0.0493815 0.99878 -7.45164e-05
    outer loop
      vertex 0.53033 -36.4739 12.9197
      vertex 3.57763 -36.3242 0
      vertex 0.475795 -36.4766 12.8702
    endloop
  endfacet
  facet normal -0.0490073 0.998798 1.58852e-05
    outer loop
      vertex 3.57763 -36.3242 0
      vertex 0.416677 -36.4795 12.8264
      vertex 0.475795 -36.4766 12.8702
    endloop
  endfacet
  facet normal -0.0490492 0.998796 5.5192e-06
    outer loop
      vertex 3.57763 -36.3242 0
      vertex 0.353547 -36.4826 12.7886
      vertex 0.416677 -36.4795 12.8264
    endloop
  endfacet
  facet normal -0.0494874 0.998775 -0.00010521
    outer loop
      vertex 3.57763 -36.3242 0
      vertex 0.287012 -36.4859 12.7571
      vertex 0.353547 -36.4826 12.7886
    endloop
  endfacet
  facet normal -0.0490103 0.998798 1.81492e-05
    outer loop
      vertex 3.57763 -36.3242 0
      vertex 0.217713 -36.4893 12.7323
      vertex 0.287012 -36.4859 12.7571
    endloop
  endfacet
  facet normal -0.0489707 0.9988 2.86189e-05
    outer loop
      vertex 3.57763 -36.3242 0
      vertex 0.146317 -36.4928 12.7144
      vertex 0.217713 -36.4893 12.7323
    endloop
  endfacet
  facet normal -0.0490795 0.998795 -7.99419e-07
    outer loop
      vertex 0 -36.5 0
      vertex 0.146317 -36.4928 12.7144
      vertex 3.57763 -36.3242 0
    endloop
  endfacet
  facet normal -0.0493873 0.99878 2.75169e-06
    outer loop
      vertex 0.146317 -36.4928 12.7144
      vertex 0 -36.5 0
      vertex 0.0735121 -36.4964 12.7036
    endloop
  endfacet
  facet normal -0.0489129 0.998803 0
    outer loop
      vertex 0.0735121 -36.4964 12.7036
      vertex 0 -36.5 0
      vertex 0 -36.5 12.7
    endloop
  endfacet
  facet normal -0.0490795 0.998795 7.99419e-07
    outer loop
      vertex 0.146317 -36.4928 41.2856
      vertex 0 -36.5 54
      vertex 3.57763 -36.3242 54
    endloop
  endfacet
  facet normal -0.0489129 0.998803 0
    outer loop
      vertex 0 -36.5 54
      vertex 0.0735121 -36.4964 41.2964
      vertex 0 -36.5 41.3
    endloop
  endfacet
  facet normal -0.0493873 0.99878 -2.75169e-06
    outer loop
      vertex 0 -36.5 54
      vertex 0.146317 -36.4928 41.2856
      vertex 0.0735121 -36.4964 41.2964
    endloop
  endfacet
  facet normal -0.0489707 0.9988 -2.86189e-05
    outer loop
      vertex 3.57763 -36.3242 54
      vertex 0.217713 -36.4893 41.2677
      vertex 0.146317 -36.4928 41.2856
    endloop
  endfacet
  facet normal -0.0490103 0.998798 -1.81492e-05
    outer loop
      vertex 3.57763 -36.3242 54
      vertex 0.287012 -36.4859 41.2429
      vertex 0.217713 -36.4893 41.2677
    endloop
  endfacet
  facet normal -0.0494874 0.998775 0.00010521
    outer loop
      vertex 3.57763 -36.3242 54
      vertex 0.353547 -36.4826 41.2114
      vertex 0.287012 -36.4859 41.2429
    endloop
  endfacet
  facet normal -0.0490492 0.998796 -5.5192e-06
    outer loop
      vertex 3.57763 -36.3242 54
      vertex 0.416677 -36.4795 41.1736
      vertex 0.353547 -36.4826 41.2114
    endloop
  endfacet
  facet normal -0.0490073 0.998798 -1.58852e-05
    outer loop
      vertex 3.57763 -36.3242 54
      vertex 0.475795 -36.4766 41.1298
      vertex 0.416677 -36.4795 41.1736
    endloop
  endfacet
  facet normal -0.0493815 0.99878 7.45164e-05
    outer loop
      vertex 3.57763 -36.3242 54
      vertex 0.53033 -36.4739 41.0803
      vertex 0.475795 -36.4766 41.1298
    endloop
  endfacet
  facet normal -0.0486156 0.998818 -0.000106565
    outer loop
      vertex 3.57763 -36.3242 54
      vertex 0.579758 -36.4715 41.0258
      vertex 0.53033 -36.4739 41.0803
    endloop
  endfacet
  facet normal -0.0490756 0.998795 0
    outer loop
      vertex 3.57763 -36.3242 38.55
      vertex 0.579758 -36.4715 41.0258
      vertex 3.57763 -36.3242 54
    endloop
  endfacet
  facet normal -0.051026 0.998695 -0.00236761
    outer loop
      vertex 0.579758 -36.4715 41.0258
      vertex 3.57763 -36.3242 38.55
      vertex 0.623602 -36.4694 40.9667
    endloop
  endfacet
  facet normal -0.0480803 0.998843 0.00124194
    outer loop
      vertex 0.623602 -36.4694 40.9667
      vertex 3.57763 -36.3242 38.55
      vertex 0.661441 -36.4675 40.9035
    endloop
  endfacet
  facet normal -0.0499864 0.998749 -0.00112552
    outer loop
      vertex 0.661441 -36.4675 40.9035
      vertex 3.57763 -36.3242 38.55
      vertex 0.692909 -36.466 40.837
    endloop
  endfacet
  facet normal -0.0478049 0.998855 0.00163263
    outer loop
      vertex 0.692909 -36.466 40.837
      vertex 3.57763 -36.3242 38.55
      vertex 0.717705 -36.4647 40.7677
    endloop
  endfacet
  facet normal -0.0501226 0.998742 -0.00136344
    outer loop
      vertex 0.717705 -36.4647 40.7677
      vertex 3.57763 -36.3242 38.55
      vertex 0.735588 -36.4639 40.6963
    endloop
  endfacet
  facet normal -0.0482908 0.998833 0.00106812
    outer loop
      vertex 0.735588 -36.4639 40.6963
      vertex 3.57763 -36.3242 38.55
      vertex 0.746388 -36.4633 40.6235
    endloop
  endfacet
  facet normal -0.0498689 0.998755 -0.00109185
    outer loop
      vertex 0.746388 -36.4633 40.6235
      vertex 3.57763 -36.3242 38.55
      vertex 0.75 -36.4632 40.55
    endloop
  endfacet
  facet normal -0.0483797 0.998828 0.00101857
    outer loop
      vertex 0.75 -36.4632 40.55
      vertex 3.57763 -36.3242 38.55
      vertex 0.746388 -36.4633 40.4765
    endloop
  endfacet
  facet normal -0.0496581 0.998766 -0.00086472
    outer loop
      vertex 0.746388 -36.4633 40.4765
      vertex 3.57763 -36.3242 38.55
      vertex 0.735588 -36.4639 40.4037
    endloop
  endfacet
  facet normal -0.0484771 0.998824 0.000950379
    outer loop
      vertex 3.57763 -36.3242 38.55
      vertex 0.717705 -36.4647 40.3323
      vertex 0.735588 -36.4639 40.4037
    endloop
  endfacet
  facet normal -0.0496676 0.998765 -0.000964473
    outer loop
      vertex 3.57763 -36.3242 38.55
      vertex 0.692909 -36.466 40.263
      vertex 0.717705 -36.4647 40.3323
    endloop
  endfacet
  facet normal -0.048771 0.99881 0.000549039
    outer loop
      vertex 3.57763 -36.3242 38.55
      vertex 0.661441 -36.4675 40.1965
      vertex 0.692909 -36.466 40.263
    endloop
  endfacet
  facet normal -0.0493504 0.998781 -0.000479658
    outer loop
      vertex 3.57763 -36.3242 38.55
      vertex 0.623602 -36.4694 40.1333
      vertex 0.661441 -36.4675 40.1965
    endloop
  endfacet
  facet normal -0.0487379 0.998811 0.000665966
    outer loop
      vertex 3.57763 -36.3242 38.55
      vertex 0.579758 -36.4715 40.0742
      vertex 0.623602 -36.4694 40.1333
    endloop
  endfacet
  facet normal -0.0488935 0.998804 0.0003592
    outer loop
      vertex 3.57763 -36.3242 38.55
      vertex 0.53033 -36.4739 40.0197
      vertex 0.579758 -36.4715 40.0742
    endloop
  endfacet
  facet normal -0.0490795 0.998795 -2.73781e-05
    outer loop
      vertex 0 -36.5 38.55
      vertex 0.53033 -36.4739 40.0197
      vertex 3.57763 -36.3242 38.55
    endloop
  endfacet
  facet normal -0.049592 0.99877 0.000158019
    outer loop
      vertex 0.53033 -36.4739 40.0197
      vertex 0 -36.5 38.55
      vertex 0.475795 -36.4766 39.9702
    endloop
  endfacet
  facet normal -0.0489539 0.998801 -5.62652e-05
    outer loop
      vertex 0.475795 -36.4766 39.9702
      vertex 0 -36.5 38.55
      vertex 0.416677 -36.4795 39.9264
    endloop
  endfacet
  facet normal -0.0490252 0.998798 -3.46257e-05
    outer loop
      vertex 0.416677 -36.4795 39.9264
      vertex 0 -36.5 38.55
      vertex 0.353547 -36.4826 39.8886
    endloop
  endfacet
  facet normal -0.0495915 0.99877 0.000115301
    outer loop
      vertex 0.353547 -36.4826 39.8886
      vertex 0 -36.5 38.55
      vertex 0.287012 -36.4859 39.8571
    endloop
  endfacet
  facet normal -0.0489984 0.998799 -1.52591e-05
    outer loop
      vertex 0.287012 -36.4859 39.8571
      vertex 0 -36.5 38.55
      vertex 0.217713 -36.4893 39.8323
    endloop
  endfacet
  facet normal -0.048958 0.998801 -2.21253e-05
    outer loop
      vertex 0.217713 -36.4893 39.8323
      vertex 0 -36.5 38.55
      vertex 0.146317 -36.4928 39.8144
    endloop
  endfacet
  facet normal -0.049391 0.99878 2.81054e-05
    outer loop
      vertex 0.146317 -36.4928 39.8144
      vertex 0 -36.5 38.55
      vertex 0.0735121 -36.4964 39.8036
    endloop
  endfacet
  facet normal -0.0489129 0.998803 0
    outer loop
      vertex 0.0735121 -36.4964 39.8036
      vertex 0 -36.5 38.55
      vertex 0 -36.5 39.8
    endloop
  endfacet
  facet normal 0.0490795 -0.998795 2.73781e-05
    outer loop
      vertex -0.53033 36.4739 13.9803
      vertex 0 36.5 15.45
      vertex -3.57763 36.3242 15.45
    endloop
  endfacet
  facet normal 0.0489129 -0.998803 0
    outer loop
      vertex 0 36.5 15.45
      vertex -0.0735121 36.4964 14.1964
      vertex 0 36.5 14.2
    endloop
  endfacet
  facet normal 0.049391 -0.99878 -2.81054e-05
    outer loop
      vertex 0 36.5 15.45
      vertex -0.146317 36.4928 14.1856
      vertex -0.0735121 36.4964 14.1964
    endloop
  endfacet
  facet normal 0.048958 -0.998801 2.21253e-05
    outer loop
      vertex 0 36.5 15.45
      vertex -0.217713 36.4893 14.1677
      vertex -0.146317 36.4928 14.1856
    endloop
  endfacet
  facet normal 0.0489984 -0.998799 1.52591e-05
    outer loop
      vertex 0 36.5 15.45
      vertex -0.287012 36.4859 14.1429
      vertex -0.217713 36.4893 14.1677
    endloop
  endfacet
  facet normal 0.0495915 -0.99877 -0.000115301
    outer loop
      vertex 0 36.5 15.45
      vertex -0.353547 36.4826 14.1114
      vertex -0.287012 36.4859 14.1429
    endloop
  endfacet
  facet normal 0.0490252 -0.998798 3.46257e-05
    outer loop
      vertex 0 36.5 15.45
      vertex -0.416677 36.4795 14.0736
      vertex -0.353547 36.4826 14.1114
    endloop
  endfacet
  facet normal 0.0489539 -0.998801 5.62652e-05
    outer loop
      vertex 0 36.5 15.45
      vertex -0.475795 36.4766 14.0298
      vertex -0.416677 36.4795 14.0736
    endloop
  endfacet
  facet normal 0.049592 -0.99877 -0.000158019
    outer loop
      vertex 0 36.5 15.45
      vertex -0.53033 36.4739 13.9803
      vertex -0.475795 36.4766 14.0298
    endloop
  endfacet
  facet normal 0.0488935 -0.998804 -0.0003592
    outer loop
      vertex -3.57763 36.3242 15.45
      vertex -0.579758 36.4715 13.9258
      vertex -0.53033 36.4739 13.9803
    endloop
  endfacet
  facet normal 0.0487379 -0.998811 -0.000665966
    outer loop
      vertex -3.57763 36.3242 15.45
      vertex -0.623602 36.4694 13.8667
      vertex -0.579758 36.4715 13.9258
    endloop
  endfacet
  facet normal 0.0493504 -0.998781 0.000479658
    outer loop
      vertex -3.57763 36.3242 15.45
      vertex -0.661441 36.4675 13.8035
      vertex -0.623602 36.4694 13.8667
    endloop
  endfacet
  facet normal 0.048771 -0.99881 -0.000549039
    outer loop
      vertex -3.57763 36.3242 15.45
      vertex -0.692909 36.466 13.737
      vertex -0.661441 36.4675 13.8035
    endloop
  endfacet
  facet normal 0.0496676 -0.998765 0.000964473
    outer loop
      vertex -3.57763 36.3242 15.45
      vertex -0.717705 36.4647 13.6677
      vertex -0.692909 36.466 13.737
    endloop
  endfacet
  facet normal 0.0484771 -0.998824 -0.000950379
    outer loop
      vertex -3.57763 36.3242 15.45
      vertex -0.735588 36.4639 13.5963
      vertex -0.717705 36.4647 13.6677
    endloop
  endfacet
  facet normal 0.0496581 -0.998766 0.00086472
    outer loop
      vertex -3.57763 36.3242 15.45
      vertex -0.746388 36.4633 13.5235
      vertex -0.735588 36.4639 13.5963
    endloop
  endfacet
  facet normal 0.0483797 -0.998828 -0.00101857
    outer loop
      vertex -3.57763 36.3242 15.45
      vertex -0.75 36.4632 13.45
      vertex -0.746388 36.4633 13.5235
    endloop
  endfacet
  facet normal 0.0498689 -0.998755 0.00109185
    outer loop
      vertex -3.57763 36.3242 15.45
      vertex -0.746388 36.4633 13.3765
      vertex -0.75 36.4632 13.45
    endloop
  endfacet
  facet normal 0.0482908 -0.998833 -0.00106812
    outer loop
      vertex -3.57763 36.3242 15.45
      vertex -0.735588 36.4639 13.3037
      vertex -0.746388 36.4633 13.3765
    endloop
  endfacet
  facet normal 0.0501226 -0.998742 0.00136344
    outer loop
      vertex -3.57763 36.3242 15.45
      vertex -0.717705 36.4647 13.2323
      vertex -0.735588 36.4639 13.3037
    endloop
  endfacet
  facet normal 0.0478049 -0.998855 -0.00163263
    outer loop
      vertex -3.57763 36.3242 15.45
      vertex -0.692909 36.466 13.163
      vertex -0.717705 36.4647 13.2323
    endloop
  endfacet
  facet normal 0.0499864 -0.998749 0.00112552
    outer loop
      vertex -3.57763 36.3242 15.45
      vertex -0.661441 36.4675 13.0965
      vertex -0.692909 36.466 13.163
    endloop
  endfacet
  facet normal 0.0480803 -0.998843 -0.00124194
    outer loop
      vertex -3.57763 36.3242 15.45
      vertex -0.623602 36.4694 13.0333
      vertex -0.661441 36.4675 13.0965
    endloop
  endfacet
  facet normal 0.051026 -0.998695 0.00236761
    outer loop
      vertex -3.57763 36.3242 15.45
      vertex -0.579758 36.4715 12.9742
      vertex -0.623602 36.4694 13.0333
    endloop
  endfacet
  facet normal 0.0490756 -0.998795 0
    outer loop
      vertex -3.57763 36.3242 0
      vertex -0.579758 36.4715 12.9742
      vertex -3.57763 36.3242 15.45
    endloop
  endfacet
  facet normal 0.0486156 -0.998818 0.000106565
    outer loop
      vertex -0.579758 36.4715 12.9742
      vertex -3.57763 36.3242 0
      vertex -0.53033 36.4739 12.9197
    endloop
  endfacet
  facet normal 0.0493815 -0.99878 -7.45164e-05
    outer loop
      vertex -0.53033 36.4739 12.9197
      vertex -3.57763 36.3242 0
      vertex -0.475795 36.4766 12.8702
    endloop
  endfacet
  facet normal 0.0490073 -0.998798 1.58852e-05
    outer loop
      vertex -3.57763 36.3242 0
      vertex -0.416677 36.4795 12.8264
      vertex -0.475795 36.4766 12.8702
    endloop
  endfacet
  facet normal 0.0490492 -0.998796 5.5192e-06
    outer loop
      vertex -3.57763 36.3242 0
      vertex -0.353547 36.4826 12.7886
      vertex -0.416677 36.4795 12.8264
    endloop
  endfacet
  facet normal 0.0494874 -0.998775 -0.00010521
    outer loop
      vertex -3.57763 36.3242 0
      vertex -0.287012 36.4859 12.7571
      vertex -0.353547 36.4826 12.7886
    endloop
  endfacet
  facet normal 0.0490103 -0.998798 1.81492e-05
    outer loop
      vertex -3.57763 36.3242 0
      vertex -0.217713 36.4893 12.7323
      vertex -0.287012 36.4859 12.7571
    endloop
  endfacet
  facet normal 0.0489707 -0.9988 2.86189e-05
    outer loop
      vertex -3.57763 36.3242 0
      vertex -0.146317 36.4928 12.7144
      vertex -0.217713 36.4893 12.7323
    endloop
  endfacet
  facet normal 0.0490795 -0.998795 -7.99419e-07
    outer loop
      vertex 0 36.5 0
      vertex -0.146317 36.4928 12.7144
      vertex -3.57763 36.3242 0
    endloop
  endfacet
  facet normal 0.0493873 -0.99878 2.75169e-06
    outer loop
      vertex -0.146317 36.4928 12.7144
      vertex 0 36.5 0
      vertex -0.0735121 36.4964 12.7036
    endloop
  endfacet
  facet normal 0.0489129 -0.998803 0
    outer loop
      vertex -0.0735121 36.4964 12.7036
      vertex 0 36.5 0
      vertex 0 36.5 12.7
    endloop
  endfacet
  facet normal 0.0490795 -0.998795 7.99419e-07
    outer loop
      vertex -0.146317 36.4928 41.2856
      vertex 0 36.5 54
      vertex -3.57763 36.3242 54
    endloop
  endfacet
  facet normal 0.0489129 -0.998803 0
    outer loop
      vertex 0 36.5 54
      vertex -0.0735121 36.4964 41.2964
      vertex 0 36.5 41.3
    endloop
  endfacet
  facet normal 0.0493873 -0.99878 -2.75169e-06
    outer loop
      vertex 0 36.5 54
      vertex -0.146317 36.4928 41.2856
      vertex -0.0735121 36.4964 41.2964
    endloop
  endfacet
  facet normal 0.0489707 -0.9988 -2.86189e-05
    outer loop
      vertex -3.57763 36.3242 54
      vertex -0.217713 36.4893 41.2677
      vertex -0.146317 36.4928 41.2856
    endloop
  endfacet
  facet normal 0.0490103 -0.998798 -1.81492e-05
    outer loop
      vertex -3.57763 36.3242 54
      vertex -0.287012 36.4859 41.2429
      vertex -0.217713 36.4893 41.2677
    endloop
  endfacet
  facet normal 0.0494874 -0.998775 0.00010521
    outer loop
      vertex -3.57763 36.3242 54
      vertex -0.353547 36.4826 41.2114
      vertex -0.287012 36.4859 41.2429
    endloop
  endfacet
  facet normal 0.0490492 -0.998796 -5.5192e-06
    outer loop
      vertex -3.57763 36.3242 54
      vertex -0.416677 36.4795 41.1736
      vertex -0.353547 36.4826 41.2114
    endloop
  endfacet
  facet normal 0.0490073 -0.998798 -1.58852e-05
    outer loop
      vertex -3.57763 36.3242 54
      vertex -0.475795 36.4766 41.1298
      vertex -0.416677 36.4795 41.1736
    endloop
  endfacet
  facet normal 0.0493815 -0.99878 7.45164e-05
    outer loop
      vertex -3.57763 36.3242 54
      vertex -0.53033 36.4739 41.0803
      vertex -0.475795 36.4766 41.1298
    endloop
  endfacet
  facet normal 0.0486156 -0.998818 -0.000106565
    outer loop
      vertex -3.57763 36.3242 54
      vertex -0.579758 36.4715 41.0258
      vertex -0.53033 36.4739 41.0803
    endloop
  endfacet
  facet normal 0.0490756 -0.998795 0
    outer loop
      vertex -3.57763 36.3242 38.55
      vertex -0.579758 36.4715 41.0258
      vertex -3.57763 36.3242 54
    endloop
  endfacet
  facet normal 0.051026 -0.998695 -0.00236761
    outer loop
      vertex -0.579758 36.4715 41.0258
      vertex -3.57763 36.3242 38.55
      vertex -0.623602 36.4694 40.9667
    endloop
  endfacet
  facet normal 0.0480803 -0.998843 0.00124194
    outer loop
      vertex -0.623602 36.4694 40.9667
      vertex -3.57763 36.3242 38.55
      vertex -0.661441 36.4675 40.9035
    endloop
  endfacet
  facet normal 0.0499864 -0.998749 -0.00112552
    outer loop
      vertex -0.661441 36.4675 40.9035
      vertex -3.57763 36.3242 38.55
      vertex -0.692909 36.466 40.837
    endloop
  endfacet
  facet normal 0.0478049 -0.998855 0.00163263
    outer loop
      vertex -0.692909 36.466 40.837
      vertex -3.57763 36.3242 38.55
      vertex -0.717705 36.4647 40.7677
    endloop
  endfacet
  facet normal 0.0501226 -0.998742 -0.00136344
    outer loop
      vertex -0.717705 36.4647 40.7677
      vertex -3.57763 36.3242 38.55
      vertex -0.735588 36.4639 40.6963
    endloop
  endfacet
  facet normal 0.0482908 -0.998833 0.00106812
    outer loop
      vertex -0.735588 36.4639 40.6963
      vertex -3.57763 36.3242 38.55
      vertex -0.746388 36.4633 40.6235
    endloop
  endfacet
  facet normal 0.0498689 -0.998755 -0.00109185
    outer loop
      vertex -0.746388 36.4633 40.6235
      vertex -3.57763 36.3242 38.55
      vertex -0.75 36.4632 40.55
    endloop
  endfacet
  facet normal 0.0483797 -0.998828 0.00101857
    outer loop
      vertex -0.75 36.4632 40.55
      vertex -3.57763 36.3242 38.55
      vertex -0.746388 36.4633 40.4765
    endloop
  endfacet
  facet normal 0.0496581 -0.998766 -0.00086472
    outer loop
      vertex -0.746388 36.4633 40.4765
      vertex -3.57763 36.3242 38.55
      vertex -0.735588 36.4639 40.4037
    endloop
  endfacet
  facet normal 0.0484771 -0.998824 0.000950379
    outer loop
      vertex -3.57763 36.3242 38.55
      vertex -0.717705 36.4647 40.3323
      vertex -0.735588 36.4639 40.4037
    endloop
  endfacet
  facet normal 0.0496676 -0.998765 -0.000964473
    outer loop
      vertex -3.57763 36.3242 38.55
      vertex -0.692909 36.466 40.263
      vertex -0.717705 36.4647 40.3323
    endloop
  endfacet
  facet normal 0.048771 -0.99881 0.000549039
    outer loop
      vertex -3.57763 36.3242 38.55
      vertex -0.661441 36.4675 40.1965
      vertex -0.692909 36.466 40.263
    endloop
  endfacet
  facet normal 0.0493504 -0.998781 -0.000479658
    outer loop
      vertex -3.57763 36.3242 38.55
      vertex -0.623602 36.4694 40.1333
      vertex -0.661441 36.4675 40.1965
    endloop
  endfacet
  facet normal 0.0487379 -0.998811 0.000665966
    outer loop
      vertex -3.57763 36.3242 38.55
      vertex -0.579758 36.4715 40.0742
      vertex -0.623602 36.4694 40.1333
    endloop
  endfacet
  facet normal 0.0488935 -0.998804 0.0003592
    outer loop
      vertex -3.57763 36.3242 38.55
      vertex -0.53033 36.4739 40.0197
      vertex -0.579758 36.4715 40.0742
    endloop
  endfacet
  facet normal 0.0490795 -0.998795 -2.73781e-05
    outer loop
      vertex 0 36.5 38.55
      vertex -0.53033 36.4739 40.0197
      vertex -3.57763 36.3242 38.55
    endloop
  endfacet
  facet normal 0.049592 -0.99877 0.000158019
    outer loop
      vertex -0.53033 36.4739 40.0197
      vertex 0 36.5 38.55
      vertex -0.475795 36.4766 39.9702
    endloop
  endfacet
  facet normal 0.0489539 -0.998801 -5.62652e-05
    outer loop
      vertex -0.475795 36.4766 39.9702
      vertex 0 36.5 38.55
      vertex -0.416677 36.4795 39.9264
    endloop
  endfacet
  facet normal 0.0490252 -0.998798 -3.46257e-05
    outer loop
      vertex -0.416677 36.4795 39.9264
      vertex 0 36.5 38.55
      vertex -0.353547 36.4826 39.8886
    endloop
  endfacet
  facet normal 0.0495915 -0.99877 0.000115301
    outer loop
      vertex -0.353547 36.4826 39.8886
      vertex 0 36.5 38.55
      vertex -0.287012 36.4859 39.8571
    endloop
  endfacet
  facet normal 0.0489984 -0.998799 -1.52591e-05
    outer loop
      vertex -0.287012 36.4859 39.8571
      vertex 0 36.5 38.55
      vertex -0.217713 36.4893 39.8323
    endloop
  endfacet
  facet normal 0.048958 -0.998801 -2.21253e-05
    outer loop
      vertex -0.217713 36.4893 39.8323
      vertex 0 36.5 38.55
      vertex -0.146317 36.4928 39.8144
    endloop
  endfacet
  facet normal 0.049391 -0.99878 2.81054e-05
    outer loop
      vertex -0.146317 36.4928 39.8144
      vertex 0 36.5 38.55
      vertex -0.0735121 36.4964 39.8036
    endloop
  endfacet
  facet normal 0.0489129 -0.998803 0
    outer loop
      vertex -0.0735121 36.4964 39.8036
      vertex 0 36.5 38.55
      vertex 0 36.5 39.8
    endloop
  endfacet
  facet normal 0.595681 0.803221 -0
    outer loop
      vertex -20.2783 -30.3486 0
      vertex -23.1554 -28.2149 54
      vertex -20.2783 -30.3486 54
    endloop
  endfacet
  facet normal 0.595681 0.803221 0
    outer loop
      vertex -23.1554 -28.2149 54
      vertex -20.2783 -30.3486 0
      vertex -23.1554 -28.2149 0
    endloop
  endfacet
  facet normal 0.90399 0.427553 0
    outer loop
      vertex -32.1901 -17.206 54
      vertex -33.7216 -13.9679 0
      vertex -33.7216 -13.9679 54
    endloop
  endfacet
  facet normal 0.90399 0.427553 0
    outer loop
      vertex -33.7216 -13.9679 0
      vertex -32.1901 -17.206 54
      vertex -32.1901 -17.206 0
    endloop
  endfacet
  facet normal 0.146709 -0.98918 3.67212e-06
    outer loop
      vertex -7.1208 35.7987 54
      vertex -6.55 35.8833 38.55
      vertex -3.57763 36.3242 54
    endloop
  endfacet
  facet normal 0.146611 -0.989194 0
    outer loop
      vertex -7.1208 35.7987 54
      vertex -6.55 35.8833 15.45
      vertex -6.55 35.8833 38.55
    endloop
  endfacet
  facet normal 0.146611 -0.989194 0
    outer loop
      vertex -7.1208 35.7987 0
      vertex -6.55 35.8833 15.45
      vertex -7.1208 35.7987 54
    endloop
  endfacet
  facet normal 0.146709 -0.98918 -3.67212e-06
    outer loop
      vertex -3.57763 36.3242 0
      vertex -6.55 35.8833 15.45
      vertex -7.1208 35.7987 0
    endloop
  endfacet
  facet normal 0.146727 -0.989177 0
    outer loop
      vertex -6.55 35.8833 15.45
      vertex -3.57763 36.3242 0
      vertex -3.57763 36.3242 15.45
    endloop
  endfacet
  facet normal 0.146727 -0.989177 0
    outer loop
      vertex -3.57763 36.3242 54
      vertex -6.55 35.8833 38.55
      vertex -3.57763 36.3242 38.55
    endloop
  endfacet
  facet normal -0.51411 -0.857724 0
    outer loop
      vertex 17.206 32.1901 0
      vertex 20.2783 30.3486 54
      vertex 17.206 32.1901 54
    endloop
  endfacet
  facet normal -0.51411 -0.857724 -0
    outer loop
      vertex 20.2783 30.3486 54
      vertex 17.206 32.1901 0
      vertex 20.2783 30.3486 0
    endloop
  endfacet
  facet normal 0.998803 0.0489129 0
    outer loop
      vertex -36.5 0 15.45
      vertex -36.4964 -0.0735121 14.1964
      vertex -36.5 0 14.2
    endloop
  endfacet
  facet normal 0.99878 0.049391 -2.81054e-05
    outer loop
      vertex -36.5 0 15.45
      vertex -36.4928 -0.146317 14.1856
      vertex -36.4964 -0.0735121 14.1964
    endloop
  endfacet
  facet normal 0.998801 0.048958 2.21253e-05
    outer loop
      vertex -36.5 0 15.45
      vertex -36.4893 -0.217713 14.1677
      vertex -36.4928 -0.146317 14.1856
    endloop
  endfacet
  facet normal 0.998799 0.0489984 1.52591e-05
    outer loop
      vertex -36.5 0 15.45
      vertex -36.4859 -0.287012 14.1429
      vertex -36.4893 -0.217713 14.1677
    endloop
  endfacet
  facet normal 0.99877 0.0495915 -0.000115301
    outer loop
      vertex -36.5 0 15.45
      vertex -36.4826 -0.353547 14.1114
      vertex -36.4859 -0.287012 14.1429
    endloop
  endfacet
  facet normal 0.998798 0.0490252 3.46257e-05
    outer loop
      vertex -36.5 0 15.45
      vertex -36.4795 -0.416677 14.0736
      vertex -36.4826 -0.353547 14.1114
    endloop
  endfacet
  facet normal 0.998801 0.0489539 5.62652e-05
    outer loop
      vertex -36.5 0 15.45
      vertex -36.4766 -0.475795 14.0298
      vertex -36.4795 -0.416677 14.0736
    endloop
  endfacet
  facet normal 0.99877 0.049592 -0.000158019
    outer loop
      vertex -36.5 0 15.45
      vertex -36.4739 -0.53033 13.9803
      vertex -36.4766 -0.475795 14.0298
    endloop
  endfacet
  facet normal 0.998795 0.0490795 2.73781e-05
    outer loop
      vertex -36.3242 -3.57763 15.45
      vertex -36.4739 -0.53033 13.9803
      vertex -36.5 0 15.45
    endloop
  endfacet
  facet normal 0.998804 0.0488935 -0.0003592
    outer loop
      vertex -36.4739 -0.53033 13.9803
      vertex -36.3242 -3.57763 15.45
      vertex -36.4715 -0.579758 13.9258
    endloop
  endfacet
  facet normal 0.998811 0.0487379 -0.000665966
    outer loop
      vertex -36.4715 -0.579758 13.9258
      vertex -36.3242 -3.57763 15.45
      vertex -36.4694 -0.623602 13.8667
    endloop
  endfacet
  facet normal 0.998781 0.0493504 0.000479658
    outer loop
      vertex -36.4694 -0.623602 13.8667
      vertex -36.3242 -3.57763 15.45
      vertex -36.4675 -0.661441 13.8035
    endloop
  endfacet
  facet normal 0.998828 0.0483797 -0.00101857
    outer loop
      vertex -36.4633 -0.746388 13.5235
      vertex -36.3242 -3.57763 15.45
      vertex -36.4632 -0.75 13.45
    endloop
  endfacet
  facet normal 0.998766 0.0496581 0.00086472
    outer loop
      vertex -36.4639 -0.735588 13.5963
      vertex -36.3242 -3.57763 15.45
      vertex -36.4633 -0.746388 13.5235
    endloop
  endfacet
  facet normal 0.998824 0.0484771 -0.000950379
    outer loop
      vertex -36.4647 -0.717705 13.6677
      vertex -36.3242 -3.57763 15.45
      vertex -36.4639 -0.735588 13.5963
    endloop
  endfacet
  facet normal 0.998765 0.0496676 0.000964473
    outer loop
      vertex -36.466 -0.692909 13.737
      vertex -36.3242 -3.57763 15.45
      vertex -36.4647 -0.717705 13.6677
    endloop
  endfacet
  facet normal 0.99881 0.048771 -0.000549039
    outer loop
      vertex -36.4675 -0.661441 13.8035
      vertex -36.3242 -3.57763 15.45
      vertex -36.466 -0.692909 13.737
    endloop
  endfacet
  facet normal 0.998803 0.0489129 0
    outer loop
      vertex -36.4964 -0.0735121 12.7036
      vertex -36.5 0 0
      vertex -36.5 0 12.7
    endloop
  endfacet
  facet normal 0.99878 0.0493873 2.75169e-06
    outer loop
      vertex -36.4928 -0.146317 12.7144
      vertex -36.5 0 0
      vertex -36.4964 -0.0735121 12.7036
    endloop
  endfacet
  facet normal 0.998801 0.048963 -2.14262e-06
    outer loop
      vertex -36.4893 -0.217713 12.7323
      vertex -36.5 0 0
      vertex -36.4928 -0.146317 12.7144
    endloop
  endfacet
  facet normal 0.998798 0.0490103 1.81492e-05
    outer loop
      vertex -36.3242 -3.57763 0
      vertex -36.4893 -0.217713 12.7323
      vertex -36.4859 -0.287012 12.7571
    endloop
  endfacet
  facet normal 0.998775 0.0494874 -0.00010521
    outer loop
      vertex -36.3242 -3.57763 0
      vertex -36.4859 -0.287012 12.7571
      vertex -36.4826 -0.353547 12.7886
    endloop
  endfacet
  facet normal 0.998796 0.0490492 5.5192e-06
    outer loop
      vertex -36.3242 -3.57763 0
      vertex -36.4826 -0.353547 12.7886
      vertex -36.4795 -0.416677 12.8264
    endloop
  endfacet
  facet normal 0.998798 0.0490073 1.58852e-05
    outer loop
      vertex -36.3242 -3.57763 0
      vertex -36.4795 -0.416677 12.8264
      vertex -36.4766 -0.475795 12.8702
    endloop
  endfacet
  facet normal 0.99878 0.0493815 -7.45164e-05
    outer loop
      vertex -36.3242 -3.57763 0
      vertex -36.4766 -0.475795 12.8702
      vertex -36.4739 -0.53033 12.9197
    endloop
  endfacet
  facet normal 0.998818 0.0486156 0.000106565
    outer loop
      vertex -36.3242 -3.57763 0
      vertex -36.4739 -0.53033 12.9197
      vertex -36.4715 -0.579758 12.9742
    endloop
  endfacet
  facet normal 0.998695 0.051026 0.00236761
    outer loop
      vertex -36.3242 -3.57763 15.45
      vertex -36.4715 -0.579758 12.9742
      vertex -36.4694 -0.623602 13.0333
    endloop
  endfacet
  facet normal 0.998843 0.0480803 -0.00124194
    outer loop
      vertex -36.3242 -3.57763 15.45
      vertex -36.4694 -0.623602 13.0333
      vertex -36.4675 -0.661441 13.0965
    endloop
  endfacet
  facet normal 0.998749 0.0499864 0.00112552
    outer loop
      vertex -36.3242 -3.57763 15.45
      vertex -36.4675 -0.661441 13.0965
      vertex -36.466 -0.692909 13.163
    endloop
  endfacet
  facet normal 0.998855 0.0478049 -0.00163263
    outer loop
      vertex -36.3242 -3.57763 15.45
      vertex -36.466 -0.692909 13.163
      vertex -36.4647 -0.717705 13.2323
    endloop
  endfacet
  facet normal 0.998742 0.0501226 0.00136344
    outer loop
      vertex -36.3242 -3.57763 15.45
      vertex -36.4647 -0.717705 13.2323
      vertex -36.4639 -0.735588 13.3037
    endloop
  endfacet
  facet normal 0.998833 0.0482908 -0.00106812
    outer loop
      vertex -36.3242 -3.57763 15.45
      vertex -36.4639 -0.735588 13.3037
      vertex -36.4633 -0.746388 13.3765
    endloop
  endfacet
  facet normal 0.998755 0.0498689 0.00109185
    outer loop
      vertex -36.3242 -3.57763 15.45
      vertex -36.4633 -0.746388 13.3765
      vertex -36.4632 -0.75 13.45
    endloop
  endfacet
  facet normal 0.998795 0.0490756 0
    outer loop
      vertex -36.4715 -0.579758 12.9742
      vertex -36.3242 -3.57763 15.45
      vertex -36.3242 -3.57763 0
    endloop
  endfacet
  facet normal 0.998795 0.0490795 -1.46813e-07
    outer loop
      vertex -36.4893 -0.217713 12.7323
      vertex -36.3242 -3.57763 0
      vertex -36.5 0 0
    endloop
  endfacet
  facet normal 0.998803 0.0489129 0
    outer loop
      vertex -36.5 0 54
      vertex -36.4964 -0.0735121 41.2964
      vertex -36.5 0 41.3
    endloop
  endfacet
  facet normal 0.99878 0.0493873 -2.75169e-06
    outer loop
      vertex -36.5 0 54
      vertex -36.4928 -0.146317 41.2856
      vertex -36.4964 -0.0735121 41.2964
    endloop
  endfacet
  facet normal 0.998801 0.048963 2.14262e-06
    outer loop
      vertex -36.5 0 54
      vertex -36.4893 -0.217713 41.2677
      vertex -36.4928 -0.146317 41.2856
    endloop
  endfacet
  facet normal 0.998795 0.0490795 1.46813e-07
    outer loop
      vertex -36.3242 -3.57763 54
      vertex -36.4893 -0.217713 41.2677
      vertex -36.5 0 54
    endloop
  endfacet
  facet normal 0.998798 0.0490103 -1.81492e-05
    outer loop
      vertex -36.4893 -0.217713 41.2677
      vertex -36.3242 -3.57763 54
      vertex -36.4859 -0.287012 41.2429
    endloop
  endfacet
  facet normal 0.998775 0.0494874 0.00010521
    outer loop
      vertex -36.4859 -0.287012 41.2429
      vertex -36.3242 -3.57763 54
      vertex -36.4826 -0.353547 41.2114
    endloop
  endfacet
  facet normal 0.998796 0.0490492 -5.5192e-06
    outer loop
      vertex -36.4826 -0.353547 41.2114
      vertex -36.3242 -3.57763 54
      vertex -36.4795 -0.416677 41.1736
    endloop
  endfacet
  facet normal 0.998798 0.0490073 -1.58852e-05
    outer loop
      vertex -36.4795 -0.416677 41.1736
      vertex -36.3242 -3.57763 54
      vertex -36.4766 -0.475795 41.1298
    endloop
  endfacet
  facet normal 0.99878 0.0493815 7.45164e-05
    outer loop
      vertex -36.4766 -0.475795 41.1298
      vertex -36.3242 -3.57763 54
      vertex -36.4739 -0.53033 41.0803
    endloop
  endfacet
  facet normal 0.998818 0.0486156 -0.000106565
    outer loop
      vertex -36.4739 -0.53033 41.0803
      vertex -36.3242 -3.57763 54
      vertex -36.4715 -0.579758 41.0258
    endloop
  endfacet
  facet normal 0.998795 0.0490756 -0
    outer loop
      vertex -36.3242 -3.57763 38.55
      vertex -36.4715 -0.579758 41.0258
      vertex -36.3242 -3.57763 54
    endloop
  endfacet
  facet normal 0.998695 0.051026 -0.00236761
    outer loop
      vertex -36.4715 -0.579758 41.0258
      vertex -36.3242 -3.57763 38.55
      vertex -36.4694 -0.623602 40.9667
    endloop
  endfacet
  facet normal 0.998843 0.0480803 0.00124194
    outer loop
      vertex -36.4694 -0.623602 40.9667
      vertex -36.3242 -3.57763 38.55
      vertex -36.4675 -0.661441 40.9035
    endloop
  endfacet
  facet normal 0.998749 0.0499864 -0.00112552
    outer loop
      vertex -36.4675 -0.661441 40.9035
      vertex -36.3242 -3.57763 38.55
      vertex -36.466 -0.692909 40.837
    endloop
  endfacet
  facet normal 0.998855 0.0478049 0.00163263
    outer loop
      vertex -36.466 -0.692909 40.837
      vertex -36.3242 -3.57763 38.55
      vertex -36.4647 -0.717705 40.7677
    endloop
  endfacet
  facet normal 0.998833 0.0482908 0.00106812
    outer loop
      vertex -36.4639 -0.735588 40.6963
      vertex -36.3242 -3.57763 38.55
      vertex -36.4633 -0.746388 40.6235
    endloop
  endfacet
  facet normal 0.998742 0.0501226 -0.00136344
    outer loop
      vertex -36.4647 -0.717705 40.7677
      vertex -36.3242 -3.57763 38.55
      vertex -36.4639 -0.735588 40.6963
    endloop
  endfacet
  facet normal 0.998803 0.0489129 0
    outer loop
      vertex -36.4964 -0.0735121 39.8036
      vertex -36.5 0 38.55
      vertex -36.5 0 39.8
    endloop
  endfacet
  facet normal 0.99878 0.049391 2.81054e-05
    outer loop
      vertex -36.4928 -0.146317 39.8144
      vertex -36.5 0 38.55
      vertex -36.4964 -0.0735121 39.8036
    endloop
  endfacet
  facet normal 0.998801 0.048958 -2.21253e-05
    outer loop
      vertex -36.4893 -0.217713 39.8323
      vertex -36.5 0 38.55
      vertex -36.4928 -0.146317 39.8144
    endloop
  endfacet
  facet normal 0.998799 0.0489984 -1.52591e-05
    outer loop
      vertex -36.4859 -0.287012 39.8571
      vertex -36.5 0 38.55
      vertex -36.4893 -0.217713 39.8323
    endloop
  endfacet
  facet normal 0.99877 0.0495915 0.000115301
    outer loop
      vertex -36.4826 -0.353547 39.8886
      vertex -36.5 0 38.55
      vertex -36.4859 -0.287012 39.8571
    endloop
  endfacet
  facet normal 0.998798 0.0490252 -3.46257e-05
    outer loop
      vertex -36.4795 -0.416677 39.9264
      vertex -36.5 0 38.55
      vertex -36.4826 -0.353547 39.8886
    endloop
  endfacet
  facet normal 0.998801 0.0489539 -5.62652e-05
    outer loop
      vertex -36.4766 -0.475795 39.9702
      vertex -36.5 0 38.55
      vertex -36.4795 -0.416677 39.9264
    endloop
  endfacet
  facet normal 0.99877 0.049592 0.000158019
    outer loop
      vertex -36.4739 -0.53033 40.0197
      vertex -36.5 0 38.55
      vertex -36.4766 -0.475795 39.9702
    endloop
  endfacet
  facet normal 0.998804 0.0488935 0.0003592
    outer loop
      vertex -36.3242 -3.57763 38.55
      vertex -36.4739 -0.53033 40.0197
      vertex -36.4715 -0.579758 40.0742
    endloop
  endfacet
  facet normal 0.998811 0.0487379 0.000665966
    outer loop
      vertex -36.3242 -3.57763 38.55
      vertex -36.4715 -0.579758 40.0742
      vertex -36.4694 -0.623602 40.1333
    endloop
  endfacet
  facet normal 0.998781 0.0493504 -0.000479658
    outer loop
      vertex -36.3242 -3.57763 38.55
      vertex -36.4694 -0.623602 40.1333
      vertex -36.4675 -0.661441 40.1965
    endloop
  endfacet
  facet normal 0.99881 0.048771 0.000549039
    outer loop
      vertex -36.3242 -3.57763 38.55
      vertex -36.4675 -0.661441 40.1965
      vertex -36.466 -0.692909 40.263
    endloop
  endfacet
  facet normal 0.998755 0.0498689 -0.00109185
    outer loop
      vertex -36.4633 -0.746388 40.6235
      vertex -36.3242 -3.57763 38.55
      vertex -36.4632 -0.75 40.55
    endloop
  endfacet
  facet normal 0.998828 0.0483797 0.00101857
    outer loop
      vertex -36.4632 -0.75 40.55
      vertex -36.3242 -3.57763 38.55
      vertex -36.4633 -0.746388 40.4765
    endloop
  endfacet
  facet normal 0.998795 0.0490795 -2.73781e-05
    outer loop
      vertex -36.4739 -0.53033 40.0197
      vertex -36.3242 -3.57763 38.55
      vertex -36.5 0 38.55
    endloop
  endfacet
  facet normal 0.998765 0.0496676 -0.000964473
    outer loop
      vertex -36.4647 -0.717705 40.3323
      vertex -36.3242 -3.57763 38.55
      vertex -36.466 -0.692909 40.263
    endloop
  endfacet
  facet normal 0.998824 0.0484771 0.000950379
    outer loop
      vertex -36.4639 -0.735588 40.4037
      vertex -36.3242 -3.57763 38.55
      vertex -36.4647 -0.717705 40.3323
    endloop
  endfacet
  facet normal 0.998766 0.0496581 -0.00086472
    outer loop
      vertex -36.4633 -0.746388 40.4765
      vertex -36.3242 -3.57763 38.55
      vertex -36.4639 -0.735588 40.4037
    endloop
  endfacet
  facet normal 0.90399 -0.427553 0
    outer loop
      vertex -33.7216 13.9679 54
      vertex -32.1901 17.206 0
      vertex -32.1901 17.206 54
    endloop
  endfacet
  facet normal 0.90399 -0.427553 0
    outer loop
      vertex -32.1901 17.206 0
      vertex -33.7216 13.9679 54
      vertex -33.7216 13.9679 0
    endloop
  endfacet
  facet normal -0.970027 0.242995 0
    outer loop
      vertex 34.9283 -10.5954 0
      vertex 35.7987 -7.1208 54
      vertex 35.7987 -7.1208 0
    endloop
  endfacet
  facet normal -0.970027 0.242995 0
    outer loop
      vertex 35.7987 -7.1208 54
      vertex 34.9283 -10.5954 0
      vertex 34.9283 -10.5954 54
    endloop
  endfacet
  facet normal -0.671567 -0.740944 0
    outer loop
      vertex 23.1554 28.2149 0
      vertex 25.8094 25.8094 54
      vertex 23.1554 28.2149 54
    endloop
  endfacet
  facet normal -0.671567 -0.740944 -0
    outer loop
      vertex 25.8094 25.8094 54
      vertex 23.1554 28.2149 0
      vertex 25.8094 25.8094 0
    endloop
  endfacet
  facet normal -0.595681 -0.803221 0
    outer loop
      vertex 20.2783 30.3486 0
      vertex 23.1554 28.2149 54
      vertex 20.2783 30.3486 54
    endloop
  endfacet
  facet normal -0.595681 -0.803221 -0
    outer loop
      vertex 23.1554 28.2149 54
      vertex 20.2783 30.3486 0
      vertex 23.1554 28.2149 0
    endloop
  endfacet
  facet normal 0.595681 -0.803221 0
    outer loop
      vertex -23.1554 28.2149 0
      vertex -20.2783 30.3486 54
      vertex -23.1554 28.2149 54
    endloop
  endfacet
  facet normal 0.595681 -0.803221 0
    outer loop
      vertex -20.2783 30.3486 54
      vertex -23.1554 28.2149 0
      vertex -20.2783 30.3486 0
    endloop
  endfacet
  facet normal -0.51411 0.857724 0
    outer loop
      vertex 20.2783 -30.3486 0
      vertex 17.206 -32.1901 54
      vertex 20.2783 -30.3486 54
    endloop
  endfacet
  facet normal -0.51411 0.857724 0
    outer loop
      vertex 17.206 -32.1901 54
      vertex 20.2783 -30.3486 0
      vertex 17.206 -32.1901 0
    endloop
  endfacet
  facet normal -0.740944 -0.671567 0
    outer loop
      vertex 28.2149 23.1554 0
      vertex 25.8094 25.8094 54
      vertex 25.8094 25.8094 0
    endloop
  endfacet
  facet normal -0.740944 -0.671567 0
    outer loop
      vertex 25.8094 25.8094 54
      vertex 28.2149 23.1554 0
      vertex 28.2149 23.1554 54
    endloop
  endfacet
  facet normal -0.803221 -0.595681 0
    outer loop
      vertex 30.3486 20.2783 0
      vertex 28.2149 23.1554 54
      vertex 28.2149 23.1554 0
    endloop
  endfacet
  facet normal -0.803221 -0.595681 0
    outer loop
      vertex 28.2149 23.1554 54
      vertex 30.3486 20.2783 0
      vertex 30.3486 20.2783 54
    endloop
  endfacet
  facet normal -0.989177 0.146727 0
    outer loop
      vertex 36.3242 -3.57763 0
      vertex 35.8833 -6.55 15.45
      vertex 36.3242 -3.57763 15.45
    endloop
  endfacet
  facet normal -0.989194 0.146611 0
    outer loop
      vertex 35.8833 -6.55 15.45
      vertex 35.7987 -7.1208 0
      vertex 35.8833 -6.55 38.55
    endloop
  endfacet
  facet normal -0.98918 0.146709 -3.67212e-06
    outer loop
      vertex 35.7987 -7.1208 0
      vertex 35.8833 -6.55 15.45
      vertex 36.3242 -3.57763 0
    endloop
  endfacet
  facet normal -0.989177 0.146727 0
    outer loop
      vertex 35.8833 -6.55 38.55
      vertex 36.3242 -3.57763 54
      vertex 36.3242 -3.57763 38.55
    endloop
  endfacet
  facet normal -0.98918 0.146709 3.67212e-06
    outer loop
      vertex 35.8833 -6.55 38.55
      vertex 35.7987 -7.1208 54
      vertex 36.3242 -3.57763 54
    endloop
  endfacet
  facet normal -0.989194 0.146611 0
    outer loop
      vertex 35.7987 -7.1208 54
      vertex 35.8833 -6.55 38.55
      vertex 35.7987 -7.1208 0
    endloop
  endfacet
  facet normal 0.941544 -0.33689 0
    outer loop
      vertex -34.9283 10.5954 54
      vertex -33.7216 13.9679 0
      vertex -33.7216 13.9679 54
    endloop
  endfacet
  facet normal 0.941544 -0.33689 0
    outer loop
      vertex -33.7216 13.9679 0
      vertex -34.9283 10.5954 54
      vertex -34.9283 10.5954 0
    endloop
  endfacet
  facet normal -0.90399 0.427553 0
    outer loop
      vertex 32.1901 -17.206 0
      vertex 33.7216 -13.9679 54
      vertex 33.7216 -13.9679 0
    endloop
  endfacet
  facet normal -0.90399 0.427553 0
    outer loop
      vertex 33.7216 -13.9679 54
      vertex 32.1901 -17.206 0
      vertex 32.1901 -17.206 54
    endloop
  endfacet
  facet normal -0.998803 0.0489129 0
    outer loop
      vertex 36.5 0 0
      vertex 36.4964 -0.0735121 12.7036
      vertex 36.5 0 12.7
    endloop
  endfacet
  facet normal -0.99878 0.0493873 2.75169e-06
    outer loop
      vertex 36.5 0 0
      vertex 36.4928 -0.146317 12.7144
      vertex 36.4964 -0.0735121 12.7036
    endloop
  endfacet
  facet normal -0.998801 0.048963 -2.14262e-06
    outer loop
      vertex 36.5 0 0
      vertex 36.4893 -0.217713 12.7323
      vertex 36.4928 -0.146317 12.7144
    endloop
  endfacet
  facet normal -0.998795 0.0490795 -1.46813e-07
    outer loop
      vertex 36.3242 -3.57763 0
      vertex 36.4893 -0.217713 12.7323
      vertex 36.5 0 0
    endloop
  endfacet
  facet normal -0.998798 0.0490103 1.81492e-05
    outer loop
      vertex 36.4893 -0.217713 12.7323
      vertex 36.3242 -3.57763 0
      vertex 36.4859 -0.287012 12.7571
    endloop
  endfacet
  facet normal -0.998775 0.0494874 -0.00010521
    outer loop
      vertex 36.4859 -0.287012 12.7571
      vertex 36.3242 -3.57763 0
      vertex 36.4826 -0.353547 12.7886
    endloop
  endfacet
  facet normal -0.998796 0.0490492 5.5192e-06
    outer loop
      vertex 36.4826 -0.353547 12.7886
      vertex 36.3242 -3.57763 0
      vertex 36.4795 -0.416677 12.8264
    endloop
  endfacet
  facet normal -0.998798 0.0490073 1.58852e-05
    outer loop
      vertex 36.4795 -0.416677 12.8264
      vertex 36.3242 -3.57763 0
      vertex 36.4766 -0.475795 12.8702
    endloop
  endfacet
  facet normal -0.99878 0.0493815 -7.45164e-05
    outer loop
      vertex 36.4766 -0.475795 12.8702
      vertex 36.3242 -3.57763 0
      vertex 36.4739 -0.53033 12.9197
    endloop
  endfacet
  facet normal -0.998818 0.0486156 0.000106565
    outer loop
      vertex 36.4739 -0.53033 12.9197
      vertex 36.3242 -3.57763 0
      vertex 36.4715 -0.579758 12.9742
    endloop
  endfacet
  facet normal -0.998795 0.0490756 0
    outer loop
      vertex 36.3242 -3.57763 15.45
      vertex 36.4715 -0.579758 12.9742
      vertex 36.3242 -3.57763 0
    endloop
  endfacet
  facet normal -0.998695 0.051026 0.00236761
    outer loop
      vertex 36.4715 -0.579758 12.9742
      vertex 36.3242 -3.57763 15.45
      vertex 36.4694 -0.623602 13.0333
    endloop
  endfacet
  facet normal -0.998843 0.0480803 -0.00124194
    outer loop
      vertex 36.4694 -0.623602 13.0333
      vertex 36.3242 -3.57763 15.45
      vertex 36.4675 -0.661441 13.0965
    endloop
  endfacet
  facet normal -0.998749 0.0499864 0.00112552
    outer loop
      vertex 36.4675 -0.661441 13.0965
      vertex 36.3242 -3.57763 15.45
      vertex 36.466 -0.692909 13.163
    endloop
  endfacet
  facet normal -0.998855 0.0478049 -0.00163263
    outer loop
      vertex 36.466 -0.692909 13.163
      vertex 36.3242 -3.57763 15.45
      vertex 36.4647 -0.717705 13.2323
    endloop
  endfacet
  facet normal -0.998833 0.0482908 -0.00106812
    outer loop
      vertex 36.4639 -0.735588 13.3037
      vertex 36.3242 -3.57763 15.45
      vertex 36.4633 -0.746388 13.3765
    endloop
  endfacet
  facet normal -0.998742 0.0501226 0.00136344
    outer loop
      vertex 36.4647 -0.717705 13.2323
      vertex 36.3242 -3.57763 15.45
      vertex 36.4639 -0.735588 13.3037
    endloop
  endfacet
  facet normal -0.998803 0.0489129 0
    outer loop
      vertex 36.4964 -0.0735121 14.1964
      vertex 36.5 0 15.45
      vertex 36.5 0 14.2
    endloop
  endfacet
  facet normal -0.99878 0.049391 -2.81054e-05
    outer loop
      vertex 36.4928 -0.146317 14.1856
      vertex 36.5 0 15.45
      vertex 36.4964 -0.0735121 14.1964
    endloop
  endfacet
  facet normal -0.998801 0.048958 2.21253e-05
    outer loop
      vertex 36.4893 -0.217713 14.1677
      vertex 36.5 0 15.45
      vertex 36.4928 -0.146317 14.1856
    endloop
  endfacet
  facet normal -0.998799 0.0489984 1.52591e-05
    outer loop
      vertex 36.4859 -0.287012 14.1429
      vertex 36.5 0 15.45
      vertex 36.4893 -0.217713 14.1677
    endloop
  endfacet
  facet normal -0.99877 0.0495915 -0.000115301
    outer loop
      vertex 36.4826 -0.353547 14.1114
      vertex 36.5 0 15.45
      vertex 36.4859 -0.287012 14.1429
    endloop
  endfacet
  facet normal -0.998798 0.0490252 3.46257e-05
    outer loop
      vertex 36.4795 -0.416677 14.0736
      vertex 36.5 0 15.45
      vertex 36.4826 -0.353547 14.1114
    endloop
  endfacet
  facet normal -0.998801 0.0489539 5.62652e-05
    outer loop
      vertex 36.4766 -0.475795 14.0298
      vertex 36.5 0 15.45
      vertex 36.4795 -0.416677 14.0736
    endloop
  endfacet
  facet normal -0.99877 0.049592 -0.000158019
    outer loop
      vertex 36.4739 -0.53033 13.9803
      vertex 36.5 0 15.45
      vertex 36.4766 -0.475795 14.0298
    endloop
  endfacet
  facet normal -0.998804 0.0488935 -0.0003592
    outer loop
      vertex 36.3242 -3.57763 15.45
      vertex 36.4739 -0.53033 13.9803
      vertex 36.4715 -0.579758 13.9258
    endloop
  endfacet
  facet normal -0.998811 0.0487379 -0.000665966
    outer loop
      vertex 36.3242 -3.57763 15.45
      vertex 36.4715 -0.579758 13.9258
      vertex 36.4694 -0.623602 13.8667
    endloop
  endfacet
  facet normal -0.998781 0.0493504 0.000479658
    outer loop
      vertex 36.3242 -3.57763 15.45
      vertex 36.4694 -0.623602 13.8667
      vertex 36.4675 -0.661441 13.8035
    endloop
  endfacet
  facet normal -0.99881 0.048771 -0.000549039
    outer loop
      vertex 36.3242 -3.57763 15.45
      vertex 36.4675 -0.661441 13.8035
      vertex 36.466 -0.692909 13.737
    endloop
  endfacet
  facet normal -0.998755 0.0498689 0.00109185
    outer loop
      vertex 36.4633 -0.746388 13.3765
      vertex 36.3242 -3.57763 15.45
      vertex 36.4632 -0.75 13.45
    endloop
  endfacet
  facet normal -0.998828 0.0483797 -0.00101857
    outer loop
      vertex 36.4632 -0.75 13.45
      vertex 36.3242 -3.57763 15.45
      vertex 36.4633 -0.746388 13.5235
    endloop
  endfacet
  facet normal -0.998795 0.0490795 2.73781e-05
    outer loop
      vertex 36.4739 -0.53033 13.9803
      vertex 36.3242 -3.57763 15.45
      vertex 36.5 0 15.45
    endloop
  endfacet
  facet normal -0.998765 0.0496676 0.000964473
    outer loop
      vertex 36.4647 -0.717705 13.6677
      vertex 36.3242 -3.57763 15.45
      vertex 36.466 -0.692909 13.737
    endloop
  endfacet
  facet normal -0.998824 0.0484771 -0.000950379
    outer loop
      vertex 36.4639 -0.735588 13.5963
      vertex 36.3242 -3.57763 15.45
      vertex 36.4647 -0.717705 13.6677
    endloop
  endfacet
  facet normal -0.998766 0.0496581 0.00086472
    outer loop
      vertex 36.4633 -0.746388 13.5235
      vertex 36.3242 -3.57763 15.45
      vertex 36.4639 -0.735588 13.5963
    endloop
  endfacet
  facet normal -0.998803 0.0489129 0
    outer loop
      vertex 36.5 0 38.55
      vertex 36.4964 -0.0735121 39.8036
      vertex 36.5 0 39.8
    endloop
  endfacet
  facet normal -0.99878 0.049391 2.81054e-05
    outer loop
      vertex 36.5 0 38.55
      vertex 36.4928 -0.146317 39.8144
      vertex 36.4964 -0.0735121 39.8036
    endloop
  endfacet
  facet normal -0.998801 0.048958 -2.21253e-05
    outer loop
      vertex 36.5 0 38.55
      vertex 36.4893 -0.217713 39.8323
      vertex 36.4928 -0.146317 39.8144
    endloop
  endfacet
  facet normal -0.998799 0.0489984 -1.52591e-05
    outer loop
      vertex 36.5 0 38.55
      vertex 36.4859 -0.287012 39.8571
      vertex 36.4893 -0.217713 39.8323
    endloop
  endfacet
  facet normal -0.99877 0.0495915 0.000115301
    outer loop
      vertex 36.5 0 38.55
      vertex 36.4826 -0.353547 39.8886
      vertex 36.4859 -0.287012 39.8571
    endloop
  endfacet
  facet normal -0.998798 0.0490252 -3.46257e-05
    outer loop
      vertex 36.5 0 38.55
      vertex 36.4795 -0.416677 39.9264
      vertex 36.4826 -0.353547 39.8886
    endloop
  endfacet
  facet normal -0.998801 0.0489539 -5.62652e-05
    outer loop
      vertex 36.5 0 38.55
      vertex 36.4766 -0.475795 39.9702
      vertex 36.4795 -0.416677 39.9264
    endloop
  endfacet
  facet normal -0.99877 0.049592 0.000158019
    outer loop
      vertex 36.5 0 38.55
      vertex 36.4739 -0.53033 40.0197
      vertex 36.4766 -0.475795 39.9702
    endloop
  endfacet
  facet normal -0.998795 0.0490795 -2.73781e-05
    outer loop
      vertex 36.3242 -3.57763 38.55
      vertex 36.4739 -0.53033 40.0197
      vertex 36.5 0 38.55
    endloop
  endfacet
  facet normal -0.998804 0.0488935 0.0003592
    outer loop
      vertex 36.4739 -0.53033 40.0197
      vertex 36.3242 -3.57763 38.55
      vertex 36.4715 -0.579758 40.0742
    endloop
  endfacet
  facet normal -0.998811 0.0487379 0.000665966
    outer loop
      vertex 36.4715 -0.579758 40.0742
      vertex 36.3242 -3.57763 38.55
      vertex 36.4694 -0.623602 40.1333
    endloop
  endfacet
  facet normal -0.998781 0.0493504 -0.000479658
    outer loop
      vertex 36.4694 -0.623602 40.1333
      vertex 36.3242 -3.57763 38.55
      vertex 36.4675 -0.661441 40.1965
    endloop
  endfacet
  facet normal -0.998828 0.0483797 0.00101857
    outer loop
      vertex 36.4633 -0.746388 40.4765
      vertex 36.3242 -3.57763 38.55
      vertex 36.4632 -0.75 40.55
    endloop
  endfacet
  facet normal -0.998766 0.0496581 -0.00086472
    outer loop
      vertex 36.4639 -0.735588 40.4037
      vertex 36.3242 -3.57763 38.55
      vertex 36.4633 -0.746388 40.4765
    endloop
  endfacet
  facet normal -0.998824 0.0484771 0.000950379
    outer loop
      vertex 36.4647 -0.717705 40.3323
      vertex 36.3242 -3.57763 38.55
      vertex 36.4639 -0.735588 40.4037
    endloop
  endfacet
  facet normal -0.998765 0.0496676 -0.000964473
    outer loop
      vertex 36.466 -0.692909 40.263
      vertex 36.3242 -3.57763 38.55
      vertex 36.4647 -0.717705 40.3323
    endloop
  endfacet
  facet normal -0.99881 0.048771 0.000549039
    outer loop
      vertex 36.4675 -0.661441 40.1965
      vertex 36.3242 -3.57763 38.55
      vertex 36.466 -0.692909 40.263
    endloop
  endfacet
  facet normal -0.998803 0.0489129 0
    outer loop
      vertex 36.4964 -0.0735121 41.2964
      vertex 36.5 0 54
      vertex 36.5 0 41.3
    endloop
  endfacet
  facet normal -0.99878 0.0493873 -2.75169e-06
    outer loop
      vertex 36.4928 -0.146317 41.2856
      vertex 36.5 0 54
      vertex 36.4964 -0.0735121 41.2964
    endloop
  endfacet
  facet normal -0.998801 0.048963 2.14262e-06
    outer loop
      vertex 36.4893 -0.217713 41.2677
      vertex 36.5 0 54
      vertex 36.4928 -0.146317 41.2856
    endloop
  endfacet
  facet normal -0.998798 0.0490103 -1.81492e-05
    outer loop
      vertex 36.3242 -3.57763 54
      vertex 36.4893 -0.217713 41.2677
      vertex 36.4859 -0.287012 41.2429
    endloop
  endfacet
  facet normal -0.998775 0.0494874 0.00010521
    outer loop
      vertex 36.3242 -3.57763 54
      vertex 36.4859 -0.287012 41.2429
      vertex 36.4826 -0.353547 41.2114
    endloop
  endfacet
  facet normal -0.998796 0.0490492 -5.5192e-06
    outer loop
      vertex 36.3242 -3.57763 54
      vertex 36.4826 -0.353547 41.2114
      vertex 36.4795 -0.416677 41.1736
    endloop
  endfacet
  facet normal -0.998798 0.0490073 -1.58852e-05
    outer loop
      vertex 36.3242 -3.57763 54
      vertex 36.4795 -0.416677 41.1736
      vertex 36.4766 -0.475795 41.1298
    endloop
  endfacet
  facet normal -0.99878 0.0493815 7.45164e-05
    outer loop
      vertex 36.3242 -3.57763 54
      vertex 36.4766 -0.475795 41.1298
      vertex 36.4739 -0.53033 41.0803
    endloop
  endfacet
  facet normal -0.998818 0.0486156 -0.000106565
    outer loop
      vertex 36.3242 -3.57763 54
      vertex 36.4739 -0.53033 41.0803
      vertex 36.4715 -0.579758 41.0258
    endloop
  endfacet
  facet normal -0.998695 0.051026 -0.00236761
    outer loop
      vertex 36.3242 -3.57763 38.55
      vertex 36.4715 -0.579758 41.0258
      vertex 36.4694 -0.623602 40.9667
    endloop
  endfacet
  facet normal -0.998843 0.0480803 0.00124194
    outer loop
      vertex 36.3242 -3.57763 38.55
      vertex 36.4694 -0.623602 40.9667
      vertex 36.4675 -0.661441 40.9035
    endloop
  endfacet
  facet normal -0.998749 0.0499864 -0.00112552
    outer loop
      vertex 36.3242 -3.57763 38.55
      vertex 36.4675 -0.661441 40.9035
      vertex 36.466 -0.692909 40.837
    endloop
  endfacet
  facet normal -0.998855 0.0478049 0.00163263
    outer loop
      vertex 36.3242 -3.57763 38.55
      vertex 36.466 -0.692909 40.837
      vertex 36.4647 -0.717705 40.7677
    endloop
  endfacet
  facet normal -0.998742 0.0501226 -0.00136344
    outer loop
      vertex 36.3242 -3.57763 38.55
      vertex 36.4647 -0.717705 40.7677
      vertex 36.4639 -0.735588 40.6963
    endloop
  endfacet
  facet normal -0.998833 0.0482908 0.00106812
    outer loop
      vertex 36.3242 -3.57763 38.55
      vertex 36.4639 -0.735588 40.6963
      vertex 36.4633 -0.746388 40.6235
    endloop
  endfacet
  facet normal -0.998755 0.0498689 -0.00109185
    outer loop
      vertex 36.3242 -3.57763 38.55
      vertex 36.4633 -0.746388 40.6235
      vertex 36.4632 -0.75 40.55
    endloop
  endfacet
  facet normal -0.998795 0.0490756 0
    outer loop
      vertex 36.4715 -0.579758 41.0258
      vertex 36.3242 -3.57763 38.55
      vertex 36.3242 -3.57763 54
    endloop
  endfacet
  facet normal -0.998795 0.0490795 1.46813e-07
    outer loop
      vertex 36.4893 -0.217713 41.2677
      vertex 36.3242 -3.57763 54
      vertex 36.5 0 54
    endloop
  endfacet
  facet normal -0.242995 0.970027 0
    outer loop
      vertex 10.5954 -34.9283 0
      vertex 7.1208 -35.7987 54
      vertex 10.5954 -34.9283 54
    endloop
  endfacet
  facet normal -0.242995 0.970027 0
    outer loop
      vertex 7.1208 -35.7987 54
      vertex 10.5954 -34.9283 0
      vertex 7.1208 -35.7987 0
    endloop
  endfacet
  facet normal -0.146709 0.98918 3.67212e-06
    outer loop
      vertex 7.1208 -35.7987 54
      vertex 6.55 -35.8833 38.55
      vertex 3.57763 -36.3242 54
    endloop
  endfacet
  facet normal -0.146611 0.989194 0
    outer loop
      vertex 7.1208 -35.7987 54
      vertex 6.55 -35.8833 15.45
      vertex 6.55 -35.8833 38.55
    endloop
  endfacet
  facet normal -0.146611 0.989194 0
    outer loop
      vertex 7.1208 -35.7987 0
      vertex 6.55 -35.8833 15.45
      vertex 7.1208 -35.7987 54
    endloop
  endfacet
  facet normal -0.146709 0.98918 -3.67212e-06
    outer loop
      vertex 3.57763 -36.3242 0
      vertex 6.55 -35.8833 15.45
      vertex 7.1208 -35.7987 0
    endloop
  endfacet
  facet normal -0.146727 0.989177 0
    outer loop
      vertex 6.55 -35.8833 15.45
      vertex 3.57763 -36.3242 0
      vertex 3.57763 -36.3242 15.45
    endloop
  endfacet
  facet normal -0.146727 0.989177 0
    outer loop
      vertex 3.57763 -36.3242 54
      vertex 6.55 -35.8833 38.55
      vertex 3.57763 -36.3242 38.55
    endloop
  endfacet
  facet normal -0.941544 -0.33689 0
    outer loop
      vertex 34.9283 10.5954 0
      vertex 33.7216 13.9679 54
      vertex 33.7216 13.9679 0
    endloop
  endfacet
  facet normal -0.941544 -0.33689 0
    outer loop
      vertex 33.7216 13.9679 54
      vertex 34.9283 10.5954 0
      vertex 34.9283 10.5954 54
    endloop
  endfacet
  facet normal -0.803221 0.595681 0
    outer loop
      vertex 28.2149 -23.1554 0
      vertex 30.3486 -20.2783 54
      vertex 30.3486 -20.2783 0
    endloop
  endfacet
  facet normal -0.803221 0.595681 0
    outer loop
      vertex 30.3486 -20.2783 54
      vertex 28.2149 -23.1554 0
      vertex 28.2149 -23.1554 54
    endloop
  endfacet
  facet normal -0.857724 0.51411 0
    outer loop
      vertex 30.3486 -20.2783 0
      vertex 32.1901 -17.206 54
      vertex 32.1901 -17.206 0
    endloop
  endfacet
  facet normal -0.857724 0.51411 0
    outer loop
      vertex 32.1901 -17.206 54
      vertex 30.3486 -20.2783 0
      vertex 30.3486 -20.2783 54
    endloop
  endfacet
  facet normal -0.427553 0.90399 0
    outer loop
      vertex 17.206 -32.1901 0
      vertex 13.9679 -33.7216 54
      vertex 17.206 -32.1901 54
    endloop
  endfacet
  facet normal -0.427553 0.90399 0
    outer loop
      vertex 13.9679 -33.7216 54
      vertex 17.206 -32.1901 0
      vertex 13.9679 -33.7216 0
    endloop
  endfacet
  facet normal -0.0489129 -0.998803 0
    outer loop
      vertex 0.0735121 36.4964 14.1964
      vertex 0 36.5 15.45
      vertex 0 36.5 14.2
    endloop
  endfacet
  facet normal -0.049391 -0.99878 -2.81054e-05
    outer loop
      vertex 0.146317 36.4928 14.1856
      vertex 0 36.5 15.45
      vertex 0.0735121 36.4964 14.1964
    endloop
  endfacet
  facet normal -0.048958 -0.998801 2.21253e-05
    outer loop
      vertex 0.217713 36.4893 14.1677
      vertex 0 36.5 15.45
      vertex 0.146317 36.4928 14.1856
    endloop
  endfacet
  facet normal -0.0489984 -0.998799 1.52591e-05
    outer loop
      vertex 0.287012 36.4859 14.1429
      vertex 0 36.5 15.45
      vertex 0.217713 36.4893 14.1677
    endloop
  endfacet
  facet normal -0.0495915 -0.99877 -0.000115301
    outer loop
      vertex 0.353547 36.4826 14.1114
      vertex 0 36.5 15.45
      vertex 0.287012 36.4859 14.1429
    endloop
  endfacet
  facet normal -0.0490252 -0.998798 3.46257e-05
    outer loop
      vertex 0.416677 36.4795 14.0736
      vertex 0 36.5 15.45
      vertex 0.353547 36.4826 14.1114
    endloop
  endfacet
  facet normal -0.0489539 -0.998801 5.62652e-05
    outer loop
      vertex 0.475795 36.4766 14.0298
      vertex 0 36.5 15.45
      vertex 0.416677 36.4795 14.0736
    endloop
  endfacet
  facet normal -0.049592 -0.99877 -0.000158019
    outer loop
      vertex 0.53033 36.4739 13.9803
      vertex 0 36.5 15.45
      vertex 0.475795 36.4766 14.0298
    endloop
  endfacet
  facet normal -0.0490795 -0.998795 2.73781e-05
    outer loop
      vertex 0 36.5 15.45
      vertex 0.53033 36.4739 13.9803
      vertex 3.57763 36.3242 15.45
    endloop
  endfacet
  facet normal -0.0488935 -0.998804 -0.0003592
    outer loop
      vertex 0.579758 36.4715 13.9258
      vertex 3.57763 36.3242 15.45
      vertex 0.53033 36.4739 13.9803
    endloop
  endfacet
  facet normal -0.0487379 -0.998811 -0.000665966
    outer loop
      vertex 0.623602 36.4694 13.8667
      vertex 3.57763 36.3242 15.45
      vertex 0.579758 36.4715 13.9258
    endloop
  endfacet
  facet normal -0.0493504 -0.998781 0.000479658
    outer loop
      vertex 0.661441 36.4675 13.8035
      vertex 3.57763 36.3242 15.45
      vertex 0.623602 36.4694 13.8667
    endloop
  endfacet
  facet normal -0.048771 -0.99881 -0.000549039
    outer loop
      vertex 0.692909 36.466 13.737
      vertex 3.57763 36.3242 15.45
      vertex 0.661441 36.4675 13.8035
    endloop
  endfacet
  facet normal -0.0496676 -0.998765 0.000964473
    outer loop
      vertex 0.717705 36.4647 13.6677
      vertex 3.57763 36.3242 15.45
      vertex 0.692909 36.466 13.737
    endloop
  endfacet
  facet normal -0.0484771 -0.998824 -0.000950379
    outer loop
      vertex 0.735588 36.4639 13.5963
      vertex 3.57763 36.3242 15.45
      vertex 0.717705 36.4647 13.6677
    endloop
  endfacet
  facet normal -0.0496581 -0.998766 0.00086472
    outer loop
      vertex 0.746388 36.4633 13.5235
      vertex 3.57763 36.3242 15.45
      vertex 0.735588 36.4639 13.5963
    endloop
  endfacet
  facet normal -0.0483797 -0.998828 -0.00101857
    outer loop
      vertex 0.75 36.4632 13.45
      vertex 3.57763 36.3242 15.45
      vertex 0.746388 36.4633 13.5235
    endloop
  endfacet
  facet normal -0.0498689 -0.998755 0.00109185
    outer loop
      vertex 0.746388 36.4633 13.3765
      vertex 3.57763 36.3242 15.45
      vertex 0.75 36.4632 13.45
    endloop
  endfacet
  facet normal -0.0482908 -0.998833 -0.00106812
    outer loop
      vertex 0.735588 36.4639 13.3037
      vertex 3.57763 36.3242 15.45
      vertex 0.746388 36.4633 13.3765
    endloop
  endfacet
  facet normal -0.0501226 -0.998742 0.00136344
    outer loop
      vertex 0.717705 36.4647 13.2323
      vertex 3.57763 36.3242 15.45
      vertex 0.735588 36.4639 13.3037
    endloop
  endfacet
  facet normal -0.0478049 -0.998855 -0.00163263
    outer loop
      vertex 0.692909 36.466 13.163
      vertex 3.57763 36.3242 15.45
      vertex 0.717705 36.4647 13.2323
    endloop
  endfacet
  facet normal -0.0499864 -0.998749 0.00112552
    outer loop
      vertex 0.661441 36.4675 13.0965
      vertex 3.57763 36.3242 15.45
      vertex 0.692909 36.466 13.163
    endloop
  endfacet
  facet normal -0.0480803 -0.998843 -0.00124194
    outer loop
      vertex 0.623602 36.4694 13.0333
      vertex 3.57763 36.3242 15.45
      vertex 0.661441 36.4675 13.0965
    endloop
  endfacet
  facet normal -0.051026 -0.998695 0.00236761
    outer loop
      vertex 0.579758 36.4715 12.9742
      vertex 3.57763 36.3242 15.45
      vertex 0.623602 36.4694 13.0333
    endloop
  endfacet
  facet normal -0.0486156 -0.998818 0.000106565
    outer loop
      vertex 3.57763 36.3242 0
      vertex 0.579758 36.4715 12.9742
      vertex 0.53033 36.4739 12.9197
    endloop
  endfacet
  facet normal -0.0493815 -0.99878 -7.45164e-05
    outer loop
      vertex 3.57763 36.3242 0
      vertex 0.53033 36.4739 12.9197
      vertex 0.475795 36.4766 12.8702
    endloop
  endfacet
  facet normal -0.0489129 -0.998803 0
    outer loop
      vertex 0 36.5 0
      vertex 0.0735121 36.4964 12.7036
      vertex 0 36.5 12.7
    endloop
  endfacet
  facet normal -0.0493873 -0.99878 2.75169e-06
    outer loop
      vertex 0 36.5 0
      vertex 0.146317 36.4928 12.7144
      vertex 0.0735121 36.4964 12.7036
    endloop
  endfacet
  facet normal -0.048963 -0.998801 -2.14262e-06
    outer loop
      vertex 0 36.5 0
      vertex 0.217713 36.4893 12.7323
      vertex 0.146317 36.4928 12.7144
    endloop
  endfacet
  facet normal -0.0490795 -0.998795 -1.46813e-07
    outer loop
      vertex 3.57763 36.3242 0
      vertex 0.217713 36.4893 12.7323
      vertex 0 36.5 0
    endloop
  endfacet
  facet normal -0.0490103 -0.998798 1.81492e-05
    outer loop
      vertex 0.217713 36.4893 12.7323
      vertex 3.57763 36.3242 0
      vertex 0.287012 36.4859 12.7571
    endloop
  endfacet
  facet normal -0.0494874 -0.998775 -0.00010521
    outer loop
      vertex 0.287012 36.4859 12.7571
      vertex 3.57763 36.3242 0
      vertex 0.353547 36.4826 12.7886
    endloop
  endfacet
  facet normal -0.0490492 -0.998796 5.5192e-06
    outer loop
      vertex 0.353547 36.4826 12.7886
      vertex 3.57763 36.3242 0
      vertex 0.416677 36.4795 12.8264
    endloop
  endfacet
  facet normal -0.0490073 -0.998798 1.58852e-05
    outer loop
      vertex 0.416677 36.4795 12.8264
      vertex 3.57763 36.3242 0
      vertex 0.475795 36.4766 12.8702
    endloop
  endfacet
  facet normal -0.0490756 -0.998795 0
    outer loop
      vertex 0.579758 36.4715 12.9742
      vertex 3.57763 36.3242 0
      vertex 3.57763 36.3242 15.45
    endloop
  endfacet
  facet normal -0.0489129 -0.998803 0
    outer loop
      vertex 0.0735121 36.4964 41.2964
      vertex 0 36.5 54
      vertex 0 36.5 41.3
    endloop
  endfacet
  facet normal -0.0493873 -0.99878 -2.75169e-06
    outer loop
      vertex 0.146317 36.4928 41.2856
      vertex 0 36.5 54
      vertex 0.0735121 36.4964 41.2964
    endloop
  endfacet
  facet normal -0.0490795 -0.998795 7.99419e-07
    outer loop
      vertex 0 36.5 54
      vertex 0.146317 36.4928 41.2856
      vertex 3.57763 36.3242 54
    endloop
  endfacet
  facet normal -0.0489707 -0.9988 -2.86189e-05
    outer loop
      vertex 0.217713 36.4893 41.2677
      vertex 3.57763 36.3242 54
      vertex 0.146317 36.4928 41.2856
    endloop
  endfacet
  facet normal -0.0490103 -0.998798 -1.81492e-05
    outer loop
      vertex 0.287012 36.4859 41.2429
      vertex 3.57763 36.3242 54
      vertex 0.217713 36.4893 41.2677
    endloop
  endfacet
  facet normal -0.0494874 -0.998775 0.00010521
    outer loop
      vertex 0.353547 36.4826 41.2114
      vertex 3.57763 36.3242 54
      vertex 0.287012 36.4859 41.2429
    endloop
  endfacet
  facet normal -0.0490492 -0.998796 -5.5192e-06
    outer loop
      vertex 0.416677 36.4795 41.1736
      vertex 3.57763 36.3242 54
      vertex 0.353547 36.4826 41.2114
    endloop
  endfacet
  facet normal -0.0490073 -0.998798 -1.58852e-05
    outer loop
      vertex 0.475795 36.4766 41.1298
      vertex 3.57763 36.3242 54
      vertex 0.416677 36.4795 41.1736
    endloop
  endfacet
  facet normal -0.0493815 -0.99878 7.45164e-05
    outer loop
      vertex 0.53033 36.4739 41.0803
      vertex 3.57763 36.3242 54
      vertex 0.475795 36.4766 41.1298
    endloop
  endfacet
  facet normal -0.0486156 -0.998818 -0.000106565
    outer loop
      vertex 0.579758 36.4715 41.0258
      vertex 3.57763 36.3242 54
      vertex 0.53033 36.4739 41.0803
    endloop
  endfacet
  facet normal -0.051026 -0.998695 -0.00236761
    outer loop
      vertex 3.57763 36.3242 38.55
      vertex 0.579758 36.4715 41.0258
      vertex 0.623602 36.4694 40.9667
    endloop
  endfacet
  facet normal -0.0480803 -0.998843 0.00124194
    outer loop
      vertex 3.57763 36.3242 38.55
      vertex 0.623602 36.4694 40.9667
      vertex 0.661441 36.4675 40.9035
    endloop
  endfacet
  facet normal -0.0499864 -0.998749 -0.00112552
    outer loop
      vertex 3.57763 36.3242 38.55
      vertex 0.661441 36.4675 40.9035
      vertex 0.692909 36.466 40.837
    endloop
  endfacet
  facet normal -0.0478049 -0.998855 0.00163263
    outer loop
      vertex 3.57763 36.3242 38.55
      vertex 0.692909 36.466 40.837
      vertex 0.717705 36.4647 40.7677
    endloop
  endfacet
  facet normal -0.0501226 -0.998742 -0.00136344
    outer loop
      vertex 3.57763 36.3242 38.55
      vertex 0.717705 36.4647 40.7677
      vertex 0.735588 36.4639 40.6963
    endloop
  endfacet
  facet normal -0.0482908 -0.998833 0.00106812
    outer loop
      vertex 3.57763 36.3242 38.55
      vertex 0.735588 36.4639 40.6963
      vertex 0.746388 36.4633 40.6235
    endloop
  endfacet
  facet normal -0.0498689 -0.998755 -0.00109185
    outer loop
      vertex 3.57763 36.3242 38.55
      vertex 0.746388 36.4633 40.6235
      vertex 0.75 36.4632 40.55
    endloop
  endfacet
  facet normal -0.0483797 -0.998828 0.00101857
    outer loop
      vertex 3.57763 36.3242 38.55
      vertex 0.75 36.4632 40.55
      vertex 0.746388 36.4633 40.4765
    endloop
  endfacet
  facet normal -0.0496581 -0.998766 -0.00086472
    outer loop
      vertex 3.57763 36.3242 38.55
      vertex 0.746388 36.4633 40.4765
      vertex 0.735588 36.4639 40.4037
    endloop
  endfacet
  facet normal -0.0489129 -0.998803 0
    outer loop
      vertex 0 36.5 38.55
      vertex 0.0735121 36.4964 39.8036
      vertex 0 36.5 39.8
    endloop
  endfacet
  facet normal -0.049391 -0.99878 2.81054e-05
    outer loop
      vertex 0 36.5 38.55
      vertex 0.146317 36.4928 39.8144
      vertex 0.0735121 36.4964 39.8036
    endloop
  endfacet
  facet normal -0.048958 -0.998801 -2.21253e-05
    outer loop
      vertex 0 36.5 38.55
      vertex 0.217713 36.4893 39.8323
      vertex 0.146317 36.4928 39.8144
    endloop
  endfacet
  facet normal -0.0489984 -0.998799 -1.52591e-05
    outer loop
      vertex 0 36.5 38.55
      vertex 0.287012 36.4859 39.8571
      vertex 0.217713 36.4893 39.8323
    endloop
  endfacet
  facet normal -0.0495915 -0.99877 0.000115301
    outer loop
      vertex 0 36.5 38.55
      vertex 0.353547 36.4826 39.8886
      vertex 0.287012 36.4859 39.8571
    endloop
  endfacet
  facet normal -0.0490252 -0.998798 -3.46257e-05
    outer loop
      vertex 0 36.5 38.55
      vertex 0.416677 36.4795 39.9264
      vertex 0.353547 36.4826 39.8886
    endloop
  endfacet
  facet normal -0.0489539 -0.998801 -5.62652e-05
    outer loop
      vertex 0 36.5 38.55
      vertex 0.475795 36.4766 39.9702
      vertex 0.416677 36.4795 39.9264
    endloop
  endfacet
  facet normal -0.049592 -0.99877 0.000158019
    outer loop
      vertex 0 36.5 38.55
      vertex 0.53033 36.4739 40.0197
      vertex 0.475795 36.4766 39.9702
    endloop
  endfacet
  facet normal -0.0490795 -0.998795 -2.73781e-05
    outer loop
      vertex 3.57763 36.3242 38.55
      vertex 0.53033 36.4739 40.0197
      vertex 0 36.5 38.55
    endloop
  endfacet
  facet normal -0.0488935 -0.998804 0.0003592
    outer loop
      vertex 0.53033 36.4739 40.0197
      vertex 3.57763 36.3242 38.55
      vertex 0.579758 36.4715 40.0742
    endloop
  endfacet
  facet normal -0.0487379 -0.998811 0.000665966
    outer loop
      vertex 0.579758 36.4715 40.0742
      vertex 3.57763 36.3242 38.55
      vertex 0.623602 36.4694 40.1333
    endloop
  endfacet
  facet normal -0.0493504 -0.998781 -0.000479658
    outer loop
      vertex 0.623602 36.4694 40.1333
      vertex 3.57763 36.3242 38.55
      vertex 0.661441 36.4675 40.1965
    endloop
  endfacet
  facet normal -0.0490756 -0.998795 0
    outer loop
      vertex 0.579758 36.4715 41.0258
      vertex 3.57763 36.3242 38.55
      vertex 3.57763 36.3242 54
    endloop
  endfacet
  facet normal -0.0484771 -0.998824 0.000950379
    outer loop
      vertex 0.717705 36.4647 40.3323
      vertex 3.57763 36.3242 38.55
      vertex 0.735588 36.4639 40.4037
    endloop
  endfacet
  facet normal -0.0496676 -0.998765 -0.000964473
    outer loop
      vertex 0.692909 36.466 40.263
      vertex 3.57763 36.3242 38.55
      vertex 0.717705 36.4647 40.3323
    endloop
  endfacet
  facet normal -0.048771 -0.99881 0.000549039
    outer loop
      vertex 0.661441 36.4675 40.1965
      vertex 3.57763 36.3242 38.55
      vertex 0.692909 36.466 40.263
    endloop
  endfacet
  facet normal 0.51411 -0.857724 0
    outer loop
      vertex -20.2783 30.3486 0
      vertex -17.206 32.1901 54
      vertex -20.2783 30.3486 54
    endloop
  endfacet
  facet normal 0.51411 -0.857724 0
    outer loop
      vertex -17.206 32.1901 54
      vertex -20.2783 30.3486 0
      vertex -17.206 32.1901 0
    endloop
  endfacet
  facet normal -0.941544 0.33689 0
    outer loop
      vertex 33.7216 -13.9679 0
      vertex 34.9283 -10.5954 54
      vertex 34.9283 -10.5954 0
    endloop
  endfacet
  facet normal -0.941544 0.33689 0
    outer loop
      vertex 34.9283 -10.5954 54
      vertex 33.7216 -13.9679 0
      vertex 33.7216 -13.9679 54
    endloop
  endfacet
  facet normal 0.242995 -0.970027 0
    outer loop
      vertex -10.5954 34.9283 0
      vertex -7.1208 35.7987 54
      vertex -10.5954 34.9283 54
    endloop
  endfacet
  facet normal 0.242995 -0.970027 0
    outer loop
      vertex -7.1208 35.7987 54
      vertex -10.5954 34.9283 0
      vertex -7.1208 35.7987 0
    endloop
  endfacet
  facet normal -0.90399 -0.427553 0
    outer loop
      vertex 33.7216 13.9679 0
      vertex 32.1901 17.206 54
      vertex 32.1901 17.206 0
    endloop
  endfacet
  facet normal -0.90399 -0.427553 0
    outer loop
      vertex 32.1901 17.206 54
      vertex 33.7216 13.9679 0
      vertex 33.7216 13.9679 54
    endloop
  endfacet
  facet normal 0.427553 -0.90399 0
    outer loop
      vertex -17.206 32.1901 0
      vertex -13.9679 33.7216 54
      vertex -17.206 32.1901 54
    endloop
  endfacet
  facet normal 0.427553 -0.90399 0
    outer loop
      vertex -13.9679 33.7216 54
      vertex -17.206 32.1901 0
      vertex -13.9679 33.7216 0
    endloop
  endfacet
  facet normal -0.146727 -0.989177 -0
    outer loop
      vertex 3.57763 36.3242 15.45
      vertex 3.57763 36.3242 0
      vertex 6.55 35.8833 15.45
    endloop
  endfacet
  facet normal -0.146727 -0.989177 0
    outer loop
      vertex 6.55 35.8833 38.55
      vertex 3.57763 36.3242 54
      vertex 3.57763 36.3242 38.55
    endloop
  endfacet
  facet normal -0.146709 -0.98918 3.67212e-06
    outer loop
      vertex 3.57763 36.3242 54
      vertex 6.55 35.8833 38.55
      vertex 7.1208 35.7987 54
    endloop
  endfacet
  facet normal -0.146611 -0.989194 0
    outer loop
      vertex 6.55 35.8833 15.45
      vertex 7.1208 35.7987 54
      vertex 6.55 35.8833 38.55
    endloop
  endfacet
  facet normal -0.146611 -0.989194 0
    outer loop
      vertex 6.55 35.8833 15.45
      vertex 7.1208 35.7987 0
      vertex 7.1208 35.7987 54
    endloop
  endfacet
  facet normal -0.146709 -0.98918 -3.67212e-06
    outer loop
      vertex 7.1208 35.7987 0
      vertex 6.55 35.8833 15.45
      vertex 3.57763 36.3242 0
    endloop
  endfacet
  facet normal 0.857724 0.51411 0
    outer loop
      vertex -30.3486 -20.2783 54
      vertex -32.1901 -17.206 0
      vertex -32.1901 -17.206 54
    endloop
  endfacet
  facet normal 0.857724 0.51411 0
    outer loop
      vertex -32.1901 -17.206 0
      vertex -30.3486 -20.2783 54
      vertex -30.3486 -20.2783 0
    endloop
  endfacet
  facet normal -0.857724 -0.51411 0
    outer loop
      vertex 32.1901 17.206 0
      vertex 30.3486 20.2783 54
      vertex 30.3486 20.2783 0
    endloop
  endfacet
  facet normal -0.857724 -0.51411 0
    outer loop
      vertex 30.3486 20.2783 54
      vertex 32.1901 17.206 0
      vertex 32.1901 17.206 54
    endloop
  endfacet
  facet normal 0.740944 0.671567 0
    outer loop
      vertex -25.8094 -25.8094 54
      vertex -28.2149 -23.1554 0
      vertex -28.2149 -23.1554 54
    endloop
  endfacet
  facet normal 0.740944 0.671567 0
    outer loop
      vertex -28.2149 -23.1554 0
      vertex -25.8094 -25.8094 54
      vertex -25.8094 -25.8094 0
    endloop
  endfacet
  facet normal 0.427553 0.90399 -0
    outer loop
      vertex -13.9679 -33.7216 0
      vertex -17.206 -32.1901 54
      vertex -13.9679 -33.7216 54
    endloop
  endfacet
  facet normal 0.427553 0.90399 0
    outer loop
      vertex -17.206 -32.1901 54
      vertex -13.9679 -33.7216 0
      vertex -17.206 -32.1901 0
    endloop
  endfacet
  facet normal 0.941544 0.33689 0
    outer loop
      vertex -33.7216 -13.9679 54
      vertex -34.9283 -10.5954 0
      vertex -34.9283 -10.5954 54
    endloop
  endfacet
  facet normal 0.941544 0.33689 0
    outer loop
      vertex -34.9283 -10.5954 0
      vertex -33.7216 -13.9679 54
      vertex -33.7216 -13.9679 0
    endloop
  endfacet
  facet normal 0.51411 0.857724 -0
    outer loop
      vertex -17.206 -32.1901 0
      vertex -20.2783 -30.3486 54
      vertex -17.206 -32.1901 54
    endloop
  endfacet
  facet normal 0.51411 0.857724 0
    outer loop
      vertex -20.2783 -30.3486 54
      vertex -17.206 -32.1901 0
      vertex -20.2783 -30.3486 0
    endloop
  endfacet
  facet normal 0.970027 -0.242995 0
    outer loop
      vertex -35.7987 7.1208 54
      vertex -34.9283 10.5954 0
      vertex -34.9283 10.5954 54
    endloop
  endfacet
  facet normal 0.970027 -0.242995 0
    outer loop
      vertex -34.9283 10.5954 0
      vertex -35.7987 7.1208 54
      vertex -35.7987 7.1208 0
    endloop
  endfacet
  facet normal 0.989194 -0.146611 0
    outer loop
      vertex -35.7987 7.1208 54
      vertex -35.8833 6.55 38.55
      vertex -35.7987 7.1208 0
    endloop
  endfacet
  facet normal 0.98918 -0.146709 3.67212e-06
    outer loop
      vertex -36.3242 3.57763 54
      vertex -35.8833 6.55 38.55
      vertex -35.7987 7.1208 54
    endloop
  endfacet
  facet normal 0.989177 -0.146727 0
    outer loop
      vertex -35.8833 6.55 38.55
      vertex -36.3242 3.57763 54
      vertex -36.3242 3.57763 38.55
    endloop
  endfacet
  facet normal 0.989194 -0.146611 0
    outer loop
      vertex -35.8833 6.55 15.45
      vertex -35.7987 7.1208 0
      vertex -35.8833 6.55 38.55
    endloop
  endfacet
  facet normal 0.989177 -0.146727 0
    outer loop
      vertex -36.3242 3.57763 0
      vertex -35.8833 6.55 15.45
      vertex -36.3242 3.57763 15.45
    endloop
  endfacet
  facet normal 0.98918 -0.146709 -3.67212e-06
    outer loop
      vertex -35.8833 6.55 15.45
      vertex -36.3242 3.57763 0
      vertex -35.7987 7.1208 0
    endloop
  endfacet
  facet normal 0.803221 0.595681 0
    outer loop
      vertex -28.2149 -23.1554 54
      vertex -30.3486 -20.2783 0
      vertex -30.3486 -20.2783 54
    endloop
  endfacet
  facet normal 0.803221 0.595681 0
    outer loop
      vertex -30.3486 -20.2783 0
      vertex -28.2149 -23.1554 54
      vertex -28.2149 -23.1554 0
    endloop
  endfacet
  facet normal 0.989177 0.146727 0
    outer loop
      vertex -36.3242 -3.57763 54
      vertex -35.8833 -6.55 38.55
      vertex -36.3242 -3.57763 38.55
    endloop
  endfacet
  facet normal 0.989194 0.146611 0
    outer loop
      vertex -35.8833 -6.55 38.55
      vertex -35.7987 -7.1208 54
      vertex -35.8833 -6.55 15.45
    endloop
  endfacet
  facet normal 0.98918 0.146709 3.67212e-06
    outer loop
      vertex -35.7987 -7.1208 54
      vertex -35.8833 -6.55 38.55
      vertex -36.3242 -3.57763 54
    endloop
  endfacet
  facet normal 0.989177 0.146727 0
    outer loop
      vertex -35.8833 -6.55 15.45
      vertex -36.3242 -3.57763 0
      vertex -36.3242 -3.57763 15.45
    endloop
  endfacet
  facet normal 0.98918 0.146709 -3.67212e-06
    outer loop
      vertex -35.8833 -6.55 15.45
      vertex -35.7987 -7.1208 0
      vertex -36.3242 -3.57763 0
    endloop
  endfacet
  facet normal 0.989194 0.146611 -0
    outer loop
      vertex -35.7987 -7.1208 0
      vertex -35.8833 -6.55 15.45
      vertex -35.7987 -7.1208 54
    endloop
  endfacet
  facet normal -0.595681 0.803221 0
    outer loop
      vertex 23.1554 -28.2149 0
      vertex 20.2783 -30.3486 54
      vertex 23.1554 -28.2149 54
    endloop
  endfacet
  facet normal -0.595681 0.803221 0
    outer loop
      vertex 20.2783 -30.3486 54
      vertex 23.1554 -28.2149 0
      vertex 20.2783 -30.3486 0
    endloop
  endfacet
  facet normal 0.671567 0.740944 -0
    outer loop
      vertex -23.1554 -28.2149 0
      vertex -25.8094 -25.8094 54
      vertex -23.1554 -28.2149 54
    endloop
  endfacet
  facet normal 0.671567 0.740944 0
    outer loop
      vertex -25.8094 -25.8094 54
      vertex -23.1554 -28.2149 0
      vertex -25.8094 -25.8094 0
    endloop
  endfacet
  facet normal 0.803221 -0.595681 0
    outer loop
      vertex -30.3486 20.2783 54
      vertex -28.2149 23.1554 0
      vertex -28.2149 23.1554 54
    endloop
  endfacet
  facet normal 0.803221 -0.595681 0
    outer loop
      vertex -28.2149 23.1554 0
      vertex -30.3486 20.2783 54
      vertex -30.3486 20.2783 0
    endloop
  endfacet
  facet normal 0.857724 -0.51411 0
    outer loop
      vertex -32.1901 17.206 54
      vertex -30.3486 20.2783 0
      vertex -30.3486 20.2783 54
    endloop
  endfacet
  facet normal 0.857724 -0.51411 0
    outer loop
      vertex -30.3486 20.2783 0
      vertex -32.1901 17.206 54
      vertex -32.1901 17.206 0
    endloop
  endfacet
  facet normal 0.0489129 0.998803 0
    outer loop
      vertex -0.0735121 -36.4964 14.1964
      vertex 0 -36.5 15.45
      vertex 0 -36.5 14.2
    endloop
  endfacet
  facet normal 0.049391 0.99878 -2.81054e-05
    outer loop
      vertex -0.146317 -36.4928 14.1856
      vertex 0 -36.5 15.45
      vertex -0.0735121 -36.4964 14.1964
    endloop
  endfacet
  facet normal 0.048958 0.998801 2.21253e-05
    outer loop
      vertex -0.217713 -36.4893 14.1677
      vertex 0 -36.5 15.45
      vertex -0.146317 -36.4928 14.1856
    endloop
  endfacet
  facet normal 0.0489984 0.998799 1.52591e-05
    outer loop
      vertex -0.287012 -36.4859 14.1429
      vertex 0 -36.5 15.45
      vertex -0.217713 -36.4893 14.1677
    endloop
  endfacet
  facet normal 0.0495915 0.99877 -0.000115301
    outer loop
      vertex -0.353547 -36.4826 14.1114
      vertex 0 -36.5 15.45
      vertex -0.287012 -36.4859 14.1429
    endloop
  endfacet
  facet normal 0.0490252 0.998798 3.46257e-05
    outer loop
      vertex -0.416677 -36.4795 14.0736
      vertex 0 -36.5 15.45
      vertex -0.353547 -36.4826 14.1114
    endloop
  endfacet
  facet normal 0.0489539 0.998801 5.62652e-05
    outer loop
      vertex -0.475795 -36.4766 14.0298
      vertex 0 -36.5 15.45
      vertex -0.416677 -36.4795 14.0736
    endloop
  endfacet
  facet normal 0.049592 0.99877 -0.000158019
    outer loop
      vertex -0.53033 -36.4739 13.9803
      vertex 0 -36.5 15.45
      vertex -0.475795 -36.4766 14.0298
    endloop
  endfacet
  facet normal 0.0490795 0.998795 2.73781e-05
    outer loop
      vertex 0 -36.5 15.45
      vertex -0.53033 -36.4739 13.9803
      vertex -3.57763 -36.3242 15.45
    endloop
  endfacet
  facet normal 0.0488935 0.998804 -0.0003592
    outer loop
      vertex -0.579758 -36.4715 13.9258
      vertex -3.57763 -36.3242 15.45
      vertex -0.53033 -36.4739 13.9803
    endloop
  endfacet
  facet normal 0.0487379 0.998811 -0.000665966
    outer loop
      vertex -0.623602 -36.4694 13.8667
      vertex -3.57763 -36.3242 15.45
      vertex -0.579758 -36.4715 13.9258
    endloop
  endfacet
  facet normal 0.0493504 0.998781 0.000479658
    outer loop
      vertex -0.661441 -36.4675 13.8035
      vertex -3.57763 -36.3242 15.45
      vertex -0.623602 -36.4694 13.8667
    endloop
  endfacet
  facet normal 0.048771 0.99881 -0.000549039
    outer loop
      vertex -0.692909 -36.466 13.737
      vertex -3.57763 -36.3242 15.45
      vertex -0.661441 -36.4675 13.8035
    endloop
  endfacet
  facet normal 0.0496676 0.998765 0.000964473
    outer loop
      vertex -0.717705 -36.4647 13.6677
      vertex -3.57763 -36.3242 15.45
      vertex -0.692909 -36.466 13.737
    endloop
  endfacet
  facet normal 0.0484771 0.998824 -0.000950379
    outer loop
      vertex -0.735588 -36.4639 13.5963
      vertex -3.57763 -36.3242 15.45
      vertex -0.717705 -36.4647 13.6677
    endloop
  endfacet
  facet normal 0.0496581 0.998766 0.00086472
    outer loop
      vertex -0.746388 -36.4633 13.5235
      vertex -3.57763 -36.3242 15.45
      vertex -0.735588 -36.4639 13.5963
    endloop
  endfacet
  facet normal 0.0483797 0.998828 -0.00101857
    outer loop
      vertex -0.75 -36.4632 13.45
      vertex -3.57763 -36.3242 15.45
      vertex -0.746388 -36.4633 13.5235
    endloop
  endfacet
  facet normal 0.0498689 0.998755 0.00109185
    outer loop
      vertex -0.746388 -36.4633 13.3765
      vertex -3.57763 -36.3242 15.45
      vertex -0.75 -36.4632 13.45
    endloop
  endfacet
  facet normal 0.0482908 0.998833 -0.00106812
    outer loop
      vertex -0.735588 -36.4639 13.3037
      vertex -3.57763 -36.3242 15.45
      vertex -0.746388 -36.4633 13.3765
    endloop
  endfacet
  facet normal 0.0501226 0.998742 0.00136344
    outer loop
      vertex -0.717705 -36.4647 13.2323
      vertex -3.57763 -36.3242 15.45
      vertex -0.735588 -36.4639 13.3037
    endloop
  endfacet
  facet normal 0.0478049 0.998855 -0.00163263
    outer loop
      vertex -0.692909 -36.466 13.163
      vertex -3.57763 -36.3242 15.45
      vertex -0.717705 -36.4647 13.2323
    endloop
  endfacet
  facet normal 0.0499864 0.998749 0.00112552
    outer loop
      vertex -0.661441 -36.4675 13.0965
      vertex -3.57763 -36.3242 15.45
      vertex -0.692909 -36.466 13.163
    endloop
  endfacet
  facet normal 0.0480803 0.998843 -0.00124194
    outer loop
      vertex -0.623602 -36.4694 13.0333
      vertex -3.57763 -36.3242 15.45
      vertex -0.661441 -36.4675 13.0965
    endloop
  endfacet
  facet normal 0.051026 0.998695 0.00236761
    outer loop
      vertex -0.579758 -36.4715 12.9742
      vertex -3.57763 -36.3242 15.45
      vertex -0.623602 -36.4694 13.0333
    endloop
  endfacet
  facet normal 0.0486156 0.998818 0.000106565
    outer loop
      vertex -3.57763 -36.3242 0
      vertex -0.579758 -36.4715 12.9742
      vertex -0.53033 -36.4739 12.9197
    endloop
  endfacet
  facet normal 0.0493815 0.99878 -7.45164e-05
    outer loop
      vertex -3.57763 -36.3242 0
      vertex -0.53033 -36.4739 12.9197
      vertex -0.475795 -36.4766 12.8702
    endloop
  endfacet
  facet normal 0.0489129 0.998803 -0
    outer loop
      vertex 0 -36.5 0
      vertex -0.0735121 -36.4964 12.7036
      vertex 0 -36.5 12.7
    endloop
  endfacet
  facet normal 0.0493873 0.99878 2.75169e-06
    outer loop
      vertex 0 -36.5 0
      vertex -0.146317 -36.4928 12.7144
      vertex -0.0735121 -36.4964 12.7036
    endloop
  endfacet
  facet normal 0.048963 0.998801 -2.14262e-06
    outer loop
      vertex 0 -36.5 0
      vertex -0.217713 -36.4893 12.7323
      vertex -0.146317 -36.4928 12.7144
    endloop
  endfacet
  facet normal 0.0490795 0.998795 -1.46813e-07
    outer loop
      vertex -3.57763 -36.3242 0
      vertex -0.217713 -36.4893 12.7323
      vertex 0 -36.5 0
    endloop
  endfacet
  facet normal 0.0490103 0.998798 1.81492e-05
    outer loop
      vertex -0.217713 -36.4893 12.7323
      vertex -3.57763 -36.3242 0
      vertex -0.287012 -36.4859 12.7571
    endloop
  endfacet
  facet normal 0.0494874 0.998775 -0.00010521
    outer loop
      vertex -0.287012 -36.4859 12.7571
      vertex -3.57763 -36.3242 0
      vertex -0.353547 -36.4826 12.7886
    endloop
  endfacet
  facet normal 0.0490492 0.998796 5.5192e-06
    outer loop
      vertex -0.353547 -36.4826 12.7886
      vertex -3.57763 -36.3242 0
      vertex -0.416677 -36.4795 12.8264
    endloop
  endfacet
  facet normal 0.0490073 0.998798 1.58852e-05
    outer loop
      vertex -0.416677 -36.4795 12.8264
      vertex -3.57763 -36.3242 0
      vertex -0.475795 -36.4766 12.8702
    endloop
  endfacet
  facet normal 0.0490756 0.998795 0
    outer loop
      vertex -0.579758 -36.4715 12.9742
      vertex -3.57763 -36.3242 0
      vertex -3.57763 -36.3242 15.45
    endloop
  endfacet
  facet normal 0.0489129 0.998803 0
    outer loop
      vertex -0.0735121 -36.4964 41.2964
      vertex 0 -36.5 54
      vertex 0 -36.5 41.3
    endloop
  endfacet
  facet normal 0.0493873 0.99878 -2.75169e-06
    outer loop
      vertex -0.146317 -36.4928 41.2856
      vertex 0 -36.5 54
      vertex -0.0735121 -36.4964 41.2964
    endloop
  endfacet
  facet normal 0.0490795 0.998795 7.99419e-07
    outer loop
      vertex 0 -36.5 54
      vertex -0.146317 -36.4928 41.2856
      vertex -3.57763 -36.3242 54
    endloop
  endfacet
  facet normal 0.0489707 0.9988 -2.86189e-05
    outer loop
      vertex -0.217713 -36.4893 41.2677
      vertex -3.57763 -36.3242 54
      vertex -0.146317 -36.4928 41.2856
    endloop
  endfacet
  facet normal 0.0490103 0.998798 -1.81492e-05
    outer loop
      vertex -0.287012 -36.4859 41.2429
      vertex -3.57763 -36.3242 54
      vertex -0.217713 -36.4893 41.2677
    endloop
  endfacet
  facet normal 0.0494874 0.998775 0.00010521
    outer loop
      vertex -0.353547 -36.4826 41.2114
      vertex -3.57763 -36.3242 54
      vertex -0.287012 -36.4859 41.2429
    endloop
  endfacet
  facet normal 0.0490492 0.998796 -5.5192e-06
    outer loop
      vertex -0.416677 -36.4795 41.1736
      vertex -3.57763 -36.3242 54
      vertex -0.353547 -36.4826 41.2114
    endloop
  endfacet
  facet normal 0.0490073 0.998798 -1.58852e-05
    outer loop
      vertex -0.475795 -36.4766 41.1298
      vertex -3.57763 -36.3242 54
      vertex -0.416677 -36.4795 41.1736
    endloop
  endfacet
  facet normal 0.0493815 0.99878 7.45164e-05
    outer loop
      vertex -0.53033 -36.4739 41.0803
      vertex -3.57763 -36.3242 54
      vertex -0.475795 -36.4766 41.1298
    endloop
  endfacet
  facet normal 0.0486156 0.998818 -0.000106565
    outer loop
      vertex -0.579758 -36.4715 41.0258
      vertex -3.57763 -36.3242 54
      vertex -0.53033 -36.4739 41.0803
    endloop
  endfacet
  facet normal 0.051026 0.998695 -0.00236761
    outer loop
      vertex -3.57763 -36.3242 38.55
      vertex -0.579758 -36.4715 41.0258
      vertex -0.623602 -36.4694 40.9667
    endloop
  endfacet
  facet normal 0.0480803 0.998843 0.00124194
    outer loop
      vertex -3.57763 -36.3242 38.55
      vertex -0.623602 -36.4694 40.9667
      vertex -0.661441 -36.4675 40.9035
    endloop
  endfacet
  facet normal 0.0499864 0.998749 -0.00112552
    outer loop
      vertex -3.57763 -36.3242 38.55
      vertex -0.661441 -36.4675 40.9035
      vertex -0.692909 -36.466 40.837
    endloop
  endfacet
  facet normal 0.0478049 0.998855 0.00163263
    outer loop
      vertex -3.57763 -36.3242 38.55
      vertex -0.692909 -36.466 40.837
      vertex -0.717705 -36.4647 40.7677
    endloop
  endfacet
  facet normal 0.0501226 0.998742 -0.00136344
    outer loop
      vertex -3.57763 -36.3242 38.55
      vertex -0.717705 -36.4647 40.7677
      vertex -0.735588 -36.4639 40.6963
    endloop
  endfacet
  facet normal 0.0482908 0.998833 0.00106812
    outer loop
      vertex -3.57763 -36.3242 38.55
      vertex -0.735588 -36.4639 40.6963
      vertex -0.746388 -36.4633 40.6235
    endloop
  endfacet
  facet normal 0.0498689 0.998755 -0.00109185
    outer loop
      vertex -3.57763 -36.3242 38.55
      vertex -0.746388 -36.4633 40.6235
      vertex -0.75 -36.4632 40.55
    endloop
  endfacet
  facet normal 0.0483797 0.998828 0.00101857
    outer loop
      vertex -3.57763 -36.3242 38.55
      vertex -0.75 -36.4632 40.55
      vertex -0.746388 -36.4633 40.4765
    endloop
  endfacet
  facet normal 0.0496581 0.998766 -0.00086472
    outer loop
      vertex -3.57763 -36.3242 38.55
      vertex -0.746388 -36.4633 40.4765
      vertex -0.735588 -36.4639 40.4037
    endloop
  endfacet
  facet normal 0.0489129 0.998803 -0
    outer loop
      vertex 0 -36.5 38.55
      vertex -0.0735121 -36.4964 39.8036
      vertex 0 -36.5 39.8
    endloop
  endfacet
  facet normal 0.049391 0.99878 2.81054e-05
    outer loop
      vertex 0 -36.5 38.55
      vertex -0.146317 -36.4928 39.8144
      vertex -0.0735121 -36.4964 39.8036
    endloop
  endfacet
  facet normal 0.048958 0.998801 -2.21253e-05
    outer loop
      vertex 0 -36.5 38.55
      vertex -0.217713 -36.4893 39.8323
      vertex -0.146317 -36.4928 39.8144
    endloop
  endfacet
  facet normal 0.0489984 0.998799 -1.52591e-05
    outer loop
      vertex 0 -36.5 38.55
      vertex -0.287012 -36.4859 39.8571
      vertex -0.217713 -36.4893 39.8323
    endloop
  endfacet
  facet normal 0.0495915 0.99877 0.000115301
    outer loop
      vertex 0 -36.5 38.55
      vertex -0.353547 -36.4826 39.8886
      vertex -0.287012 -36.4859 39.8571
    endloop
  endfacet
  facet normal 0.0490252 0.998798 -3.46257e-05
    outer loop
      vertex 0 -36.5 38.55
      vertex -0.416677 -36.4795 39.9264
      vertex -0.353547 -36.4826 39.8886
    endloop
  endfacet
  facet normal 0.0489539 0.998801 -5.62652e-05
    outer loop
      vertex 0 -36.5 38.55
      vertex -0.475795 -36.4766 39.9702
      vertex -0.416677 -36.4795 39.9264
    endloop
  endfacet
  facet normal 0.049592 0.99877 0.000158019
    outer loop
      vertex 0 -36.5 38.55
      vertex -0.53033 -36.4739 40.0197
      vertex -0.475795 -36.4766 39.9702
    endloop
  endfacet
  facet normal 0.0490795 0.998795 -2.73781e-05
    outer loop
      vertex -3.57763 -36.3242 38.55
      vertex -0.53033 -36.4739 40.0197
      vertex 0 -36.5 38.55
    endloop
  endfacet
  facet normal 0.0488935 0.998804 0.0003592
    outer loop
      vertex -0.53033 -36.4739 40.0197
      vertex -3.57763 -36.3242 38.55
      vertex -0.579758 -36.4715 40.0742
    endloop
  endfacet
  facet normal 0.0487379 0.998811 0.000665966
    outer loop
      vertex -0.579758 -36.4715 40.0742
      vertex -3.57763 -36.3242 38.55
      vertex -0.623602 -36.4694 40.1333
    endloop
  endfacet
  facet normal 0.0493504 0.998781 -0.000479658
    outer loop
      vertex -0.623602 -36.4694 40.1333
      vertex -3.57763 -36.3242 38.55
      vertex -0.661441 -36.4675 40.1965
    endloop
  endfacet
  facet normal 0.0490756 0.998795 0
    outer loop
      vertex -0.579758 -36.4715 41.0258
      vertex -3.57763 -36.3242 38.55
      vertex -3.57763 -36.3242 54
    endloop
  endfacet
  facet normal 0.0484771 0.998824 0.000950379
    outer loop
      vertex -0.717705 -36.4647 40.3323
      vertex -3.57763 -36.3242 38.55
      vertex -0.735588 -36.4639 40.4037
    endloop
  endfacet
  facet normal 0.0496676 0.998765 -0.000964473
    outer loop
      vertex -0.692909 -36.466 40.263
      vertex -3.57763 -36.3242 38.55
      vertex -0.717705 -36.4647 40.3323
    endloop
  endfacet
  facet normal 0.048771 0.99881 0.000549039
    outer loop
      vertex -0.661441 -36.4675 40.1965
      vertex -3.57763 -36.3242 38.55
      vertex -0.692909 -36.466 40.263
    endloop
  endfacet
  facet normal 0.998755 -0.0498689 0.00109185
    outer loop
      vertex -36.4633 0.746388 13.3765
      vertex -36.3242 3.57763 15.45
      vertex -36.4632 0.75 13.45
    endloop
  endfacet
  facet normal 0.998828 -0.0483797 -0.00101857
    outer loop
      vertex -36.3242 3.57763 15.45
      vertex -36.4633 0.746388 13.5235
      vertex -36.4632 0.75 13.45
    endloop
  endfacet
  facet normal 0.998766 -0.0496581 0.00086472
    outer loop
      vertex -36.3242 3.57763 15.45
      vertex -36.4639 0.735588 13.5963
      vertex -36.4633 0.746388 13.5235
    endloop
  endfacet
  facet normal 0.998824 -0.0484771 -0.000950379
    outer loop
      vertex -36.3242 3.57763 15.45
      vertex -36.4647 0.717705 13.6677
      vertex -36.4639 0.735588 13.5963
    endloop
  endfacet
  facet normal 0.998765 -0.0496676 0.000964473
    outer loop
      vertex -36.3242 3.57763 15.45
      vertex -36.466 0.692909 13.737
      vertex -36.4647 0.717705 13.6677
    endloop
  endfacet
  facet normal 0.99881 -0.048771 -0.000549039
    outer loop
      vertex -36.3242 3.57763 15.45
      vertex -36.4675 0.661441 13.8035
      vertex -36.466 0.692909 13.737
    endloop
  endfacet
  facet normal 0.998781 -0.0493504 0.000479658
    outer loop
      vertex -36.3242 3.57763 15.45
      vertex -36.4694 0.623602 13.8667
      vertex -36.4675 0.661441 13.8035
    endloop
  endfacet
  facet normal 0.998811 -0.0487379 -0.000665966
    outer loop
      vertex -36.3242 3.57763 15.45
      vertex -36.4715 0.579758 13.9258
      vertex -36.4694 0.623602 13.8667
    endloop
  endfacet
  facet normal 0.998804 -0.0488935 -0.0003592
    outer loop
      vertex -36.3242 3.57763 15.45
      vertex -36.4739 0.53033 13.9803
      vertex -36.4715 0.579758 13.9258
    endloop
  endfacet
  facet normal 0.998795 -0.0490795 2.73781e-05
    outer loop
      vertex -36.5 0 15.45
      vertex -36.4739 0.53033 13.9803
      vertex -36.3242 3.57763 15.45
    endloop
  endfacet
  facet normal 0.99877 -0.049592 -0.000158019
    outer loop
      vertex -36.4739 0.53033 13.9803
      vertex -36.5 0 15.45
      vertex -36.4766 0.475795 14.0298
    endloop
  endfacet
  facet normal 0.998801 -0.0489539 5.62652e-05
    outer loop
      vertex -36.4766 0.475795 14.0298
      vertex -36.5 0 15.45
      vertex -36.4795 0.416677 14.0736
    endloop
  endfacet
  facet normal 0.998798 -0.0490252 3.46257e-05
    outer loop
      vertex -36.4795 0.416677 14.0736
      vertex -36.5 0 15.45
      vertex -36.4826 0.353547 14.1114
    endloop
  endfacet
  facet normal 0.99877 -0.0495915 -0.000115301
    outer loop
      vertex -36.4826 0.353547 14.1114
      vertex -36.5 0 15.45
      vertex -36.4859 0.287012 14.1429
    endloop
  endfacet
  facet normal 0.998799 -0.0489984 1.52591e-05
    outer loop
      vertex -36.4859 0.287012 14.1429
      vertex -36.5 0 15.45
      vertex -36.4893 0.217713 14.1677
    endloop
  endfacet
  facet normal 0.998801 -0.048958 2.21253e-05
    outer loop
      vertex -36.4893 0.217713 14.1677
      vertex -36.5 0 15.45
      vertex -36.4928 0.146317 14.1856
    endloop
  endfacet
  facet normal 0.99878 -0.049391 -2.81054e-05
    outer loop
      vertex -36.4928 0.146317 14.1856
      vertex -36.5 0 15.45
      vertex -36.4964 0.0735121 14.1964
    endloop
  endfacet
  facet normal 0.998803 -0.0489129 0
    outer loop
      vertex -36.4964 0.0735121 14.1964
      vertex -36.5 0 15.45
      vertex -36.5 0 14.2
    endloop
  endfacet
  facet normal 0.998833 -0.0482908 -0.00106812
    outer loop
      vertex -36.4639 0.735588 13.3037
      vertex -36.3242 3.57763 15.45
      vertex -36.4633 0.746388 13.3765
    endloop
  endfacet
  facet normal 0.998742 -0.0501226 0.00136344
    outer loop
      vertex -36.4647 0.717705 13.2323
      vertex -36.3242 3.57763 15.45
      vertex -36.4639 0.735588 13.3037
    endloop
  endfacet
  facet normal 0.998855 -0.0478049 -0.00163263
    outer loop
      vertex -36.466 0.692909 13.163
      vertex -36.3242 3.57763 15.45
      vertex -36.4647 0.717705 13.2323
    endloop
  endfacet
  facet normal 0.998749 -0.0499864 0.00112552
    outer loop
      vertex -36.4675 0.661441 13.0965
      vertex -36.3242 3.57763 15.45
      vertex -36.466 0.692909 13.163
    endloop
  endfacet
  facet normal 0.998843 -0.0480803 -0.00124194
    outer loop
      vertex -36.4694 0.623602 13.0333
      vertex -36.3242 3.57763 15.45
      vertex -36.4675 0.661441 13.0965
    endloop
  endfacet
  facet normal 0.998695 -0.051026 0.00236761
    outer loop
      vertex -36.4715 0.579758 12.9742
      vertex -36.3242 3.57763 15.45
      vertex -36.4694 0.623602 13.0333
    endloop
  endfacet
  facet normal 0.998795 -0.0490756 0
    outer loop
      vertex -36.3242 3.57763 15.45
      vertex -36.4715 0.579758 12.9742
      vertex -36.3242 3.57763 0
    endloop
  endfacet
  facet normal 0.998818 -0.0486156 0.000106565
    outer loop
      vertex -36.4739 0.53033 12.9197
      vertex -36.3242 3.57763 0
      vertex -36.4715 0.579758 12.9742
    endloop
  endfacet
  facet normal 0.99878 -0.0493815 -7.45164e-05
    outer loop
      vertex -36.4766 0.475795 12.8702
      vertex -36.3242 3.57763 0
      vertex -36.4739 0.53033 12.9197
    endloop
  endfacet
  facet normal 0.998798 -0.0490073 1.58852e-05
    outer loop
      vertex -36.4795 0.416677 12.8264
      vertex -36.3242 3.57763 0
      vertex -36.4766 0.475795 12.8702
    endloop
  endfacet
  facet normal 0.998796 -0.0490492 5.5192e-06
    outer loop
      vertex -36.4826 0.353547 12.7886
      vertex -36.3242 3.57763 0
      vertex -36.4795 0.416677 12.8264
    endloop
  endfacet
  facet normal 0.998775 -0.0494874 -0.00010521
    outer loop
      vertex -36.4859 0.287012 12.7571
      vertex -36.3242 3.57763 0
      vertex -36.4826 0.353547 12.7886
    endloop
  endfacet
  facet normal 0.998798 -0.0490103 1.81492e-05
    outer loop
      vertex -36.4893 0.217713 12.7323
      vertex -36.3242 3.57763 0
      vertex -36.4859 0.287012 12.7571
    endloop
  endfacet
  facet normal 0.9988 -0.0489707 2.86189e-05
    outer loop
      vertex -36.4928 0.146317 12.7144
      vertex -36.3242 3.57763 0
      vertex -36.4893 0.217713 12.7323
    endloop
  endfacet
  facet normal 0.99878 -0.0493873 2.75169e-06
    outer loop
      vertex -36.5 0 0
      vertex -36.4928 0.146317 12.7144
      vertex -36.4964 0.0735121 12.7036
    endloop
  endfacet
  facet normal 0.998803 -0.0489129 0
    outer loop
      vertex -36.5 0 0
      vertex -36.4964 0.0735121 12.7036
      vertex -36.5 0 12.7
    endloop
  endfacet
  facet normal 0.998795 -0.0490795 -7.99419e-07
    outer loop
      vertex -36.4928 0.146317 12.7144
      vertex -36.5 0 0
      vertex -36.3242 3.57763 0
    endloop
  endfacet
  facet normal 0.998795 -0.0490756 0
    outer loop
      vertex -36.4715 0.579758 41.0258
      vertex -36.3242 3.57763 38.55
      vertex -36.3242 3.57763 54
    endloop
  endfacet
  facet normal 0.998755 -0.0498689 -0.00109185
    outer loop
      vertex -36.3242 3.57763 38.55
      vertex -36.4633 0.746388 40.6235
      vertex -36.4632 0.75 40.55
    endloop
  endfacet
  facet normal 0.998833 -0.0482908 0.00106812
    outer loop
      vertex -36.3242 3.57763 38.55
      vertex -36.4639 0.735588 40.6963
      vertex -36.4633 0.746388 40.6235
    endloop
  endfacet
  facet normal 0.998742 -0.0501226 -0.00136344
    outer loop
      vertex -36.3242 3.57763 38.55
      vertex -36.4647 0.717705 40.7677
      vertex -36.4639 0.735588 40.6963
    endloop
  endfacet
  facet normal 0.998855 -0.0478049 0.00163263
    outer loop
      vertex -36.3242 3.57763 38.55
      vertex -36.466 0.692909 40.837
      vertex -36.4647 0.717705 40.7677
    endloop
  endfacet
  facet normal 0.998749 -0.0499864 -0.00112552
    outer loop
      vertex -36.3242 3.57763 38.55
      vertex -36.4675 0.661441 40.9035
      vertex -36.466 0.692909 40.837
    endloop
  endfacet
  facet normal 0.998843 -0.0480803 0.00124194
    outer loop
      vertex -36.3242 3.57763 38.55
      vertex -36.4694 0.623602 40.9667
      vertex -36.4675 0.661441 40.9035
    endloop
  endfacet
  facet normal 0.998695 -0.051026 -0.00236761
    outer loop
      vertex -36.3242 3.57763 38.55
      vertex -36.4715 0.579758 41.0258
      vertex -36.4694 0.623602 40.9667
    endloop
  endfacet
  facet normal 0.998818 -0.0486156 -0.000106565
    outer loop
      vertex -36.3242 3.57763 54
      vertex -36.4739 0.53033 41.0803
      vertex -36.4715 0.579758 41.0258
    endloop
  endfacet
  facet normal 0.99878 -0.0493815 7.45164e-05
    outer loop
      vertex -36.3242 3.57763 54
      vertex -36.4766 0.475795 41.1298
      vertex -36.4739 0.53033 41.0803
    endloop
  endfacet
  facet normal 0.998798 -0.0490073 -1.58852e-05
    outer loop
      vertex -36.3242 3.57763 54
      vertex -36.4795 0.416677 41.1736
      vertex -36.4766 0.475795 41.1298
    endloop
  endfacet
  facet normal 0.998796 -0.0490492 -5.5192e-06
    outer loop
      vertex -36.3242 3.57763 54
      vertex -36.4826 0.353547 41.2114
      vertex -36.4795 0.416677 41.1736
    endloop
  endfacet
  facet normal 0.998775 -0.0494874 0.00010521
    outer loop
      vertex -36.3242 3.57763 54
      vertex -36.4859 0.287012 41.2429
      vertex -36.4826 0.353547 41.2114
    endloop
  endfacet
  facet normal 0.998798 -0.0490103 -1.81492e-05
    outer loop
      vertex -36.3242 3.57763 54
      vertex -36.4893 0.217713 41.2677
      vertex -36.4859 0.287012 41.2429
    endloop
  endfacet
  facet normal 0.9988 -0.0489707 -2.86189e-05
    outer loop
      vertex -36.3242 3.57763 54
      vertex -36.4928 0.146317 41.2856
      vertex -36.4893 0.217713 41.2677
    endloop
  endfacet
  facet normal 0.998795 -0.0490795 7.99419e-07
    outer loop
      vertex -36.5 0 54
      vertex -36.4928 0.146317 41.2856
      vertex -36.3242 3.57763 54
    endloop
  endfacet
  facet normal 0.99878 -0.0493873 -2.75169e-06
    outer loop
      vertex -36.4928 0.146317 41.2856
      vertex -36.5 0 54
      vertex -36.4964 0.0735121 41.2964
    endloop
  endfacet
  facet normal 0.998803 -0.0489129 0
    outer loop
      vertex -36.4964 0.0735121 41.2964
      vertex -36.5 0 54
      vertex -36.5 0 41.3
    endloop
  endfacet
  facet normal 0.998828 -0.0483797 0.00101857
    outer loop
      vertex -36.4633 0.746388 40.4765
      vertex -36.3242 3.57763 38.55
      vertex -36.4632 0.75 40.55
    endloop
  endfacet
  facet normal 0.998766 -0.0496581 -0.00086472
    outer loop
      vertex -36.4639 0.735588 40.4037
      vertex -36.3242 3.57763 38.55
      vertex -36.4633 0.746388 40.4765
    endloop
  endfacet
  facet normal 0.998824 -0.0484771 0.000950379
    outer loop
      vertex -36.4647 0.717705 40.3323
      vertex -36.3242 3.57763 38.55
      vertex -36.4639 0.735588 40.4037
    endloop
  endfacet
  facet normal 0.998765 -0.0496676 -0.000964473
    outer loop
      vertex -36.466 0.692909 40.263
      vertex -36.3242 3.57763 38.55
      vertex -36.4647 0.717705 40.3323
    endloop
  endfacet
  facet normal 0.99881 -0.048771 0.000549039
    outer loop
      vertex -36.4675 0.661441 40.1965
      vertex -36.3242 3.57763 38.55
      vertex -36.466 0.692909 40.263
    endloop
  endfacet
  facet normal 0.998781 -0.0493504 -0.000479658
    outer loop
      vertex -36.4694 0.623602 40.1333
      vertex -36.3242 3.57763 38.55
      vertex -36.4675 0.661441 40.1965
    endloop
  endfacet
  facet normal 0.998811 -0.0487379 0.000665966
    outer loop
      vertex -36.4715 0.579758 40.0742
      vertex -36.3242 3.57763 38.55
      vertex -36.4694 0.623602 40.1333
    endloop
  endfacet
  facet normal 0.998804 -0.0488935 0.0003592
    outer loop
      vertex -36.4739 0.53033 40.0197
      vertex -36.3242 3.57763 38.55
      vertex -36.4715 0.579758 40.0742
    endloop
  endfacet
  facet normal 0.99877 -0.049592 0.000158019
    outer loop
      vertex -36.5 0 38.55
      vertex -36.4739 0.53033 40.0197
      vertex -36.4766 0.475795 39.9702
    endloop
  endfacet
  facet normal 0.998801 -0.0489539 -5.62652e-05
    outer loop
      vertex -36.5 0 38.55
      vertex -36.4766 0.475795 39.9702
      vertex -36.4795 0.416677 39.9264
    endloop
  endfacet
  facet normal 0.998798 -0.0490252 -3.46257e-05
    outer loop
      vertex -36.5 0 38.55
      vertex -36.4795 0.416677 39.9264
      vertex -36.4826 0.353547 39.8886
    endloop
  endfacet
  facet normal 0.99877 -0.0495915 0.000115301
    outer loop
      vertex -36.5 0 38.55
      vertex -36.4826 0.353547 39.8886
      vertex -36.4859 0.287012 39.8571
    endloop
  endfacet
  facet normal 0.998799 -0.0489984 -1.52591e-05
    outer loop
      vertex -36.5 0 38.55
      vertex -36.4859 0.287012 39.8571
      vertex -36.4893 0.217713 39.8323
    endloop
  endfacet
  facet normal 0.998801 -0.048958 -2.21253e-05
    outer loop
      vertex -36.5 0 38.55
      vertex -36.4893 0.217713 39.8323
      vertex -36.4928 0.146317 39.8144
    endloop
  endfacet
  facet normal 0.99878 -0.049391 2.81054e-05
    outer loop
      vertex -36.5 0 38.55
      vertex -36.4928 0.146317 39.8144
      vertex -36.4964 0.0735121 39.8036
    endloop
  endfacet
  facet normal 0.998803 -0.0489129 0
    outer loop
      vertex -36.5 0 38.55
      vertex -36.4964 0.0735121 39.8036
      vertex -36.5 0 39.8
    endloop
  endfacet
  facet normal 0.998795 -0.0490795 -2.73781e-05
    outer loop
      vertex -36.4739 0.53033 40.0197
      vertex -36.5 0 38.55
      vertex -36.3242 3.57763 38.55
    endloop
  endfacet
  facet normal 0.33689 0.941544 -0
    outer loop
      vertex -10.5954 -34.9283 0
      vertex -13.9679 -33.7216 54
      vertex -10.5954 -34.9283 54
    endloop
  endfacet
  facet normal 0.33689 0.941544 0
    outer loop
      vertex -13.9679 -33.7216 54
      vertex -10.5954 -34.9283 0
      vertex -13.9679 -33.7216 0
    endloop
  endfacet
  facet normal -0.33689 -0.941544 0
    outer loop
      vertex 10.5954 34.9283 0
      vertex 13.9679 33.7216 54
      vertex 10.5954 34.9283 54
    endloop
  endfacet
  facet normal -0.33689 -0.941544 -0
    outer loop
      vertex 13.9679 33.7216 54
      vertex 10.5954 34.9283 0
      vertex 13.9679 33.7216 0
    endloop
  endfacet
  facet normal -0.740944 0.671567 0
    outer loop
      vertex 25.8094 -25.8094 0
      vertex 28.2149 -23.1554 54
      vertex 28.2149 -23.1554 0
    endloop
  endfacet
  facet normal -0.740944 0.671567 0
    outer loop
      vertex 28.2149 -23.1554 54
      vertex 25.8094 -25.8094 0
      vertex 25.8094 -25.8094 54
    endloop
  endfacet
  facet normal -0.671567 0.740944 0
    outer loop
      vertex 25.8094 -25.8094 0
      vertex 23.1554 -28.2149 54
      vertex 25.8094 -25.8094 54
    endloop
  endfacet
  facet normal -0.671567 0.740944 0
    outer loop
      vertex 23.1554 -28.2149 54
      vertex 25.8094 -25.8094 0
      vertex 23.1554 -28.2149 0
    endloop
  endfacet
endsolid OpenSCAD_Model
